ticker,n_days,coverage,kept
0HW0,0,0.0,False
1B2,0,0.0,False
2CH,0,0.0,False
2KZ0,0,0.0,False
2RM,0,0.0,False
3IV1,0,0.0,False
430,0,0.0,False
4XC1,0,0.0,False
87M,0,0.0,False
8F1,0,0.0,False
8HH,0,0.0,False
8L8C,0,0.0,False
8TG,0,0.0,False
A,252,1.0,True
AA,252,1.0,True
AAAU,252,1.0,True
AACG,252,1.0,True
AADR,252,1.0,True
AAL,252,1.0,True
AAME,252,1.0,True
AAMI,252,1.0,True
AAOI,252,1.0,True
AAON,252,1.0,True
AAP,252,1.0,True
AAPB,252,1.0,True
AAPL,252,1.0,True
AAPR,252,1.0,True
AAPU,252,1.0,True
AAPW,252,1.0,True
AAPX,252,1.0,True
AARD,252,1.0,True
AAT,252,1.0,True
AAUC,252,1.0,True
AAUS,173,0.6865079365079365,False
AAXJ,252,1.0,True
AB,252,1.0,True
ABAT,252,1.0,True
ABBV,252,1.0,True
ABCB,252,1.0,True
ABCL,252,1.0,True
ABEO,252,1.0,True
ABEQ,252,1.0,True
ABEV,252,1.0,True
ABFL,252,1.0,True
ABG,252,1.0,True
ABLD,252,1.0,True
ABM,252,1.0,True
ABNB,252,1.0,True
ABNYUSD,0,0.0,False
ABOS,252,1.0,True
ABR,252,1.0,True
ABSI,252,1.0,True
ABT,252,1.0,True
ABUS,252,1.0,True
ABVC,252,1.0,True
ABVEF,252,1.0,True
ABVX,252,1.0,True
ABX,252,1.0,True
ABXB,252,1.0,True
ACA,252,1.0,True
ACAD,252,1.0,True
ACB,252,1.0,True
ACCO,252,1.0,True
ACCS,252,1.0,True
ACDC,252,1.0,True
ACEI,128,0.5079365079365079,False
ACEL,252,1.0,True
ACES,252,1.0,True
ACET,252,1.0,True
ACH,252,1.0,True
ACHC,252,1.0,True
ACHR,252,1.0,True
ACHV,252,1.0,True
ACI,252,1.0,True
ACIC,252,1.0,True
ACII,128,0.5079365079365079,False
ACIO,252,1.0,True
ACIW,252,1.0,True
ACLS,252,1.0,True
ACLXGBX,0,0.0,False
ACM,252,1.0,True
ACMR,252,1.0,True
ACNB,252,1.0,True
ACNT,252,1.0,True
ACOG,252,1.0,True
ACP,252,1.0,True
ACR,252,1.0,True
ACRE,252,1.0,True
ACRS,252,1.0,True
ACRV,252,1.0,True
ACSI,252,1.0,True
ACT,252,1.0,True
ACTG,252,1.0,True
ACTU,252,1.0,True
ACU,252,1.0,True
ACV,252,1.0,True
ACVA,252,1.0,True
ACVF,252,1.0,True
ACVU,252,1.0,True
ACWI,252,1.0,True
ACWV,252,1.0,True
ACWX,252,1.0,True
ACYN,24,0.09523809523809523,False
AD,252,1.0,True
ADAG,252,1.0,True
ADAM,252,1.0,True
ADBE,252,1.0,True
ADBG,252,1.0,True
ADC,252,1.0,True
ADEA,252,1.0,True
ADGM,252,1.0,True
ADI,252,1.0,True
ADM,252,1.0,True
ADMA,252,1.0,True
ADME,252,1.0,True
ADP,252,1.0,True
ADPT,252,1.0,True
ADSK,252,1.0,True
ADT,252,1.0,True
ADTN,252,1.0,True
ADUR,252,1.0,True
ADUS,252,1.0,True
ADV,252,1.0,True
ADX,252,1.0,True
AEE,252,1.0,True
AEF,252,1.0,True
AEG,252,1.0,True
AEHR,252,1.0,True
AEI,252,1.0,True
AEIS,252,1.0,True
AEM,252,1.0,True
AEO,252,1.0,True
AEP,252,1.0,True
AERO,98,0.3888888888888889,False
AES,252,1.0,True
AESI,252,1.0,True
AETH,252,1.0,True
AEVA,252,1.0,True
AEYE,252,1.0,True
AFB,252,1.0,True
AFCG,252,1.0,True
AFG,252,1.0,True
AFGR,252,1.0,True
AFK,252,1.0,True
AFL,252,1.0,True
AFLG,252,1.0,True
AFRM,252,1.0,True
AFRU,135,0.5357142857142857,False
AFSM,252,1.0,True
AG,252,1.0,True
AGCO,252,1.0,True
AGEN,252,1.0,True
AGG,252,1.0,True
AGGY,252,1.0,True
AGI,252,1.0,True
AGIO,252,1.0,True
AGIX,252,1.0,True
AGL,252,1.0,True
AGM,252,1.0,True
AGMI,252,1.0,True
AGNC,252,1.0,True
AGNG,252,1.0,True
AGNT,252,1.0,True
AGOX,252,1.0,True
AGPU,252,1.0,True
AGQ,252,1.0,True
AGQI,252,1.0,True
AGX,252,1.0,True
AGYS,252,1.0,True
AGZ,252,1.0,True
AGZD,252,1.0,True
AH30,0,0.0,False
AHCO,252,1.0,True
AHG,252,1.0,True
AHLT,252,1.0,True
AHR,252,1.0,True
AHRT,252,1.0,True
AHT,252,1.0,True
AI,252,1.0,True
AIA,252,1.0,True
AIBU,252,1.0,True
AIFC,252,1.0,True
AIFD,252,1.0,True
AIG,252,1.0,True
AII,224,0.8888888888888888,False
AIMD,252,1.0,True
AIN,252,1.0,True
AIO,252,1.0,True
AIOT,252,1.0,True
AIP,252,1.0,True
AIPO,171,0.6785714285714286,False
AIQ,252,1.0,True
AIR,252,1.0,True
AIRG,252,1.0,True
AIRJ,252,1.0,True
AIRO,199,0.7896825396825397,False
AIRR,252,1.0,True
AIRS,252,1.0,True
AIRT,252,1.0,True
AIS,252,1.0,True
AISP,252,1.0,True
AIT,252,1.0,True
AIV,252,1.0,True
AIVC,252,1.0,True
AIVI,252,1.0,True
AIVL,252,1.0,True
AIYY,252,1.0,True
AIZ,252,1.0,True
AJAN,252,1.0,True
AJG,252,1.0,True
AJUL,252,1.0,True
AKA,252,1.0,True
AKAF,191,0.7579365079365079,False
AKAM,252,1.0,True
AKBA,252,1.0,True
AKO/A,0,0.0,False
AKO/B,0,0.0,False
AKR,252,1.0,True
AKRE,106,0.42063492063492064,False
AKTS,55,0.21825396825396826,False
ALAB,252,1.0,True
ALAI,252,1.0,True
ALAR,252,1.0,True
ALB,252,1.0,True
ALCO,252,1.0,True
ALDX,252,1.0,True
ALEC,252,1.0,True
ALG,252,1.0,True
ALGM,252,1.0,True
ALGN,252,1.0,True
ALGS,252,1.0,True
ALGT,252,1.0,True
ALH,118,0.46825396825396826,False
ALHC,252,1.0,True
ALITEUR,0,0.0,False
ALK,252,1.0,True
ALKT,252,1.0,True
ALL,252,1.0,True
ALLO,252,1.0,True
ALLR,252,1.0,True
ALLW,252,1.0,True
ALLY,252,1.0,True
ALM,252,1.0,True
ALMS,252,1.0,True
ALMU,252,1.0,True
ALNT,252,1.0,True
ALNY,252,1.0,True
ALOY,252,1.0,True
ALRM,252,1.0,True
ALRS,252,1.0,True
ALSN,252,1.0,True
ALT,252,1.0,True
ALTG,252,1.0,True
ALTI,252,1.0,True
ALTL,252,1.0,True
ALTO,252,1.0,True
ALV,252,1.0,True
ALX,252,1.0,True
ALXO,252,1.0,True
ALZN,252,1.0,True
AM,252,1.0,True
AM6,0,0.0,False
AMAL,252,1.0,True
AMAT,252,1.0,True
AMAX,252,1.0,True
AMBQ,168,0.6666666666666666,False
AMBR,252,1.0,True
AMC,252,1.0,True
AMCX,252,1.0,True
AMD,252,1.0,True
AMDG,252,1.0,True
AMDL,252,1.0,True
AMDW,172,0.6825396825396826,False
AMDY,252,1.0,True
AME,252,1.0,True
AMG,252,1.0,True
AMGN,252,1.0,True
AMH,252,1.0,True
AMID,252,1.0,True
AMJB,252,1.0,True
AMKR,252,1.0,True
AMLP,252,1.0,True
AMLX,252,1.0,True
AMN,252,1.0,True
AMP,252,1.0,True
AMPG,252,1.0,True
AMPH,252,1.0,True
AMPL,252,1.0,True
AMPX,252,1.0,True
AMPY,252,1.0,True
AMR,252,1.0,True
AMRC,252,1.0,True
AMRN,252,1.0,True
AMRX,252,1.0,True
AMS,252,1.0,True
AMSC,252,1.0,True
AMSF,252,1.0,True
AMT,252,1.0,True
AMTB,252,1.0,True
AMTD,252,1.0,True
AMTM,252,1.0,True
AMTX,252,1.0,True
AMWL,252,1.0,True
AMX,252,1.0,True
AMZA,252,1.0,True
AMZN,252,1.0,True
AMZP,252,1.0,True
AMZU,252,1.0,True
AMZW,196,0.7777777777777778,False
AMZZ,252,1.0,True
AN,252,1.0,True
ANAB,252,1.0,True
ANDE,252,1.0,True
ANDG,70,0.2777777777777778,False
ANET,252,1.0,True
ANF,252,1.0,True
ANGI,252,1.0,True
ANGL,252,1.0,True
ANGO,252,1.0,True
ANGX,138,0.5476190476190477,False
ANIK,252,1.0,True
ANIP,252,1.0,True
ANIX,252,1.0,True
ANL,252,1.0,True
ANNX,252,1.0,True
ANRO,252,1.0,True
ANTX,252,1.0,True
ANVS,252,1.0,True
AOA,252,1.0,True
AOCT,252,1.0,True
AOHY,252,1.0,True
AOK,252,1.0,True
AOM,252,1.0,True
AOMR,252,1.0,True
AOR,252,1.0,True
AORT,252,1.0,True
AOS,252,1.0,True
AOUT,252,1.0,True
AP,252,1.0,True
APA,252,1.0,True
APAM,252,1.0,True
APC,32,0.12698412698412698,False
APD,252,1.0,True
APEI,252,1.0,True
APG,252,1.0,True
APGE,252,1.0,True
APH,252,1.0,True
API,252,1.0,True
APLD,252,1.0,True
APLE,252,1.0,True
APLSUSD,0,0.0,False
APLU,252,1.0,True
APLY,252,1.0,True
APO,252,1.0,True
APOC,252,1.0,True
APOG,252,1.0,True
APP,252,1.0,True
APPF,252,1.0,True
APPN,252,1.0,True
APPS,252,1.0,True
APPX,233,0.9246031746031746,True
APRE,252,1.0,True
APRH,252,1.0,True
APRP,252,1.0,True
APRT,252,1.0,True
APRW,252,1.0,True
APT,252,1.0,True
APVO,252,1.0,True
APYX,252,1.0,True
AQB,252,1.0,True
AQN,252,1.0,True
AQST,252,1.0,True
AQWA,252,1.0,True
AR,252,1.0,True
ARAI,219,0.8690476190476191,False
ARAY,252,1.0,True
ARB,252,1.0,True
ARCB,252,1.0,True
ARCC,252,1.0,True
ARCT,252,1.0,True
ARCX,202,0.8015873015873016,False
ARDC,252,1.0,True
ARDT,252,1.0,True
ARDX,252,1.0,True
ARE,252,1.0,True
AREC,252,1.0,True
ARES,252,1.0,True
ARGT,252,1.0,True
ARGX,252,1.0,True
ARHS,252,1.0,True
ARI,252,1.0,True
ARIS,252,1.0,True
ARKB,252,1.0,True
ARKF,252,1.0,True
ARKG,252,1.0,True
ARKK,252,1.0,True
ARKO,252,1.0,True
ARKQ,252,1.0,True
ARKR,252,1.0,True
ARKW,252,1.0,True
ARKX,252,1.0,True
ARL,252,1.0,True
ARLO,252,1.0,True
ARLP,252,1.0,True
ARM,252,1.0,True
ARMG,252,1.0,True
ARMK,252,1.0,True
ARMP,252,1.0,True
AROC,252,1.0,True
AROW,252,1.0,True
ARP,252,1.0,True
ARQ,252,1.0,True
ARQT,252,1.0,True
ARR,252,1.0,True
ARRY,252,1.0,True
ARTNA,252,1.0,True
ARTV,252,1.0,True
ARTW,252,1.0,True
ARTY,252,1.0,True
ARVN,252,1.0,True
ARW,252,1.0,True
ARWR,252,1.0,True
ASAN,252,1.0,True
ASB,252,1.0,True
ASEA,252,1.0,True
ASG,252,1.0,True
ASGI,252,1.0,True
ASH,252,1.0,True
ASHR,252,1.0,True
ASIC,201,0.7976190476190477,False
ASIX,252,1.0,True
ASLE,252,1.0,True
ASM,252,1.0,True
ASMB,252,1.0,True
ASMG,252,1.0,True
ASO,252,1.0,True
ASPI,252,1.0,True
ASPN,252,1.0,True
ASR,252,1.0,True
ASRV,252,1.0,True
ASST,252,1.0,True
ASTE,252,1.0,True
ASTH,252,1.0,True
ASTI,252,1.0,True
ASTL,252,1.0,True
ASTS,252,1.0,True
ASTX,181,0.7182539682539683,False
ASUR,252,1.0,True
ASX,252,1.0,True
ASYS,252,1.0,True
ATAI,252,1.0,True
ATAT,252,1.0,True
ATEC,252,1.0,True
ATEN,252,1.0,True
ATER,252,1.0,True
ATEX,252,1.0,True
ATFV,252,1.0,True
ATHE,252,1.0,True
ATHM,252,1.0,True
ATI,252,1.0,True
ATKR,252,1.0,True
ATLC,252,1.0,True
ATLO,252,1.0,True
ATLX,252,1.0,True
ATMP,252,1.0,True
ATMU,252,1.0,True
ATNI,252,1.0,True
ATNM,252,1.0,True
ATO,252,1.0,True
ATOM,252,1.0,True
ATOS,252,1.0,True
ATR,252,1.0,True
ATRC,252,1.0,True
ATRO,252,1.0,True
ATS,252,1.0,True
ATYR,252,1.0,True
AUB,252,1.0,True
AUBN,252,1.0,True
AUGM,252,1.0,True
AUGP,252,1.0,True
AUGT,252,1.0,True
AUGW,252,1.0,True
AUPH,252,1.0,True
AUR,252,1.0,True
AURA,252,1.0,True
AUSF,252,1.0,True
AUTL,252,1.0,True
AVA,252,1.0,True
AVAH,252,1.0,True
AVAL,252,1.0,True
AVAV,252,1.0,True
AVBC,166,0.6587301587301587,False
AVBH,252,1.0,True
AVBP,252,1.0,True
AVD,252,1.0,True
AVDE,252,1.0,True
AVDS,252,1.0,True
AVDV,252,1.0,True
AVEE,252,1.0,True
AVEM,252,1.0,True
AVES,252,1.0,True
AVGE,252,1.0,True
AVGG,218,0.8650793650793651,False
AVGO,252,1.0,True
AVGV,252,1.0,True
AVGW,172,0.6825396825396826,False
AVGX,252,1.0,True
AVIG,252,1.0,True
AVIR,252,1.0,True
AVIV,252,1.0,True
AVK,252,1.0,True
AVL,252,1.0,True
AVLC,252,1.0,True
AVLV,252,1.0,True
AVMC,252,1.0,True
AVNM,252,1.0,True
AVNT,252,1.0,True
AVNW,252,1.0,True
AVO,252,1.0,True
AVPT,252,1.0,True
AVR,252,1.0,True
AVRE,252,1.0,True
AVSC,252,1.0,True
AVSD,252,1.0,True
AVSE,252,1.0,True
AVSF,252,1.0,True
AVSU,252,1.0,True
AVT,252,1.0,True
AVTM,40,0.15873015873015872,False
AVTR,252,1.0,True
AVTX,252,1.0,True
AVUS,252,1.0,True
AVUV,252,1.0,True
AVXL,252,1.0,True
AVY,252,1.0,True
AWAY,252,1.0,True
AWI,252,1.0,True
AWK,252,1.0,True
AWP,252,1.0,True
AWR,252,1.0,True
AWRE,252,1.0,True
AWX,252,1.0,True
AX,252,1.0,True
AXGN,252,1.0,True
AXIAY,0,0.0,False
AXICY,62,0.24603174603174602,False
AXON,252,1.0,True
AXP,252,1.0,True
AXR,252,1.0,True
AXSM,252,1.0,True
AXTI,252,1.0,True
AYI,252,1.0,True
AYTU,252,1.0,True
AZ,252,1.0,True
AZNN,0,0.0,False
AZO,252,1.0,True
AZTA,252,1.0,True
AZZ,252,1.0,True
B,252,1.0,True
BA,252,1.0,True
BAB,252,1.0,True
BABA,252,1.0,True
BABX,252,1.0,True
BAC,252,1.0,True
BAER,252,1.0,True
BAGY,229,0.9087301587301587,True
BAH,252,1.0,True
BAI,252,1.0,True
BAK,252,1.0,True
BALI,252,1.0,True
BALL,252,1.0,True
BALT,252,1.0,True
BALY,252,1.0,True
BAM,252,1.0,True
BANC,252,1.0,True
BAND,252,1.0,True
BANF,252,1.0,True
BANR,252,1.0,True
BANX,252,1.0,True
BAPR,252,1.0,True
BAR,252,1.0,True
BATRA,252,1.0,True
BATRK,252,1.0,True
BATT,252,1.0,True
BAUG,252,1.0,True
BAX,252,1.0,True
BB,252,1.0,True
BBAG,252,1.0,True
BBAI,252,1.0,True
BBAR,252,1.0,True
BBAX,252,1.0,True
BBBI,252,1.0,True
BBBL,252,1.0,True
BBBS,252,1.0,True
BBCA,252,1.0,True
BBCP,252,1.0,True
BBD,252,1.0,True
BBDC,252,1.0,True
BBDO,252,1.0,True
BBEM,252,1.0,True
BBEU,252,1.0,True
BBH,252,1.0,True
BBHL,91,0.3611111111111111,False
BBHY,252,1.0,True
BBIN,252,1.0,True
BBIO,252,1.0,True
BBJP,252,1.0,True
BBLU,252,1.0,True
BBMC,252,1.0,True
BBN,252,1.0,True
BBNX,252,1.0,True
BBOT,252,1.0,True
BBP,252,1.0,True
BBRE,252,1.0,True
BBSC,252,1.0,True
BBSI,252,1.0,True
BBT,252,1.0,True
BBUC,252,1.0,True
BBUS,252,1.0,True
BBVA,252,1.0,True
BBW,252,1.0,True
BBWI,252,1.0,True
BBY,252,1.0,True
BC,252,1.0,True
BCABGBP,0,0.0,False
BCAL,252,1.0,True
BCAT,252,1.0,True
BCAX,252,1.0,True
BCBP,252,1.0,True
BCC,252,1.0,True
BCD,252,1.0,True
BCDA,252,1.0,True
BCE,252,1.0,True
BCH,252,1.0,True
BCHP,252,1.0,True
BCI,252,1.0,True
BCIC,252,1.0,True
BCML,252,1.0,True
BCO,252,1.0,True
BCPC,252,1.0,True
BCPL,54,0.21428571428571427,False
BCRX,252,1.0,True
BCS,252,1.0,True
BCSF,252,1.0,True
BCSM,72,0.2857142857142857,False
BCTK,72,0.2857142857142857,False
BCX,252,1.0,True
BCYC,252,1.0,True
BDC,252,1.0,True
BDEC,252,1.0,True
BDJ,252,1.0,True
BDL,252,1.0,True
BDN,252,1.0,True
BDRY,252,1.0,True
BDSX,252,1.0,True
BDTX,252,1.0,True
BDVL,136,0.5396825396825397,False
BDX,252,1.0,True
BDYN,136,0.5396825396825397,False
BE,252,1.0,True
BEAM,252,1.0,True
BEAT,252,1.0,True
BEDY,76,0.30158730158730157,False
BEEM,252,1.0,True
BEEP,252,1.0,True
BEKE,252,1.0,True
BELFA,252,1.0,True
BELFB,252,1.0,True
BEN,252,1.0,True
BEPC,252,1.0,True
BETA,100,0.3968253968253968,False
BETR,252,1.0,True
BETZ,252,1.0,True
BEX,93,0.36904761904761907,False
BF/A,0,0.0,False
BF/B,0,0.0,False
BFAM,252,1.0,True
BFC,252,1.0,True
BFEB,252,1.0,True
BFH,252,1.0,True
BFLY,252,1.0,True
BFOR,252,1.0,True
BFRG,252,1.0,True
BFRZ,221,0.876984126984127,False
BFS,252,1.0,True
BFST,252,1.0,True
BGB,252,1.0,True
BGC,252,1.0,True
BGH,252,1.0,True
BGIG,252,1.0,True
BGLD,252,1.0,True
BGMS,252,1.0,True
BGR,252,1.0,True
BGRN,252,1.0,True
BGS,252,1.0,True
BGSF,252,1.0,True
BGSI,101,0.4007936507936508,False
BGT,252,1.0,True
BGX,252,1.0,True
BH,252,1.0,True
BH/A,0,0.0,False
BHB,252,1.0,True
BHC,252,1.0,True
BHE,252,1.0,True
BHF,252,1.0,True
BHK,252,1.0,True
BHM,252,1.0,True
BHP,252,1.0,True
BHR,252,1.0,True
BHRB,252,1.0,True
BIB,252,1.0,True
BIBL,252,1.0,True
BIDD,252,1.0,True
BIDU,252,1.0,True
BIGY,252,1.0,True
BIIB,252,1.0,True
BIL,252,1.0,True
BILI,252,1.0,True
BILL,252,1.0,True
BILS,252,1.0,True
BILZ,252,1.0,True
BINC,252,1.0,True
BINV,252,1.0,True
BIO,252,1.0,True
BIOA,252,1.0,True
BIPC,252,1.0,True
BIRD,252,1.0,True
BIT,252,1.0,True
BITB,252,1.0,True
BITI,252,1.0,True
BITO,252,1.0,True
BITQ,252,1.0,True
BITS,252,1.0,True
BITU,252,1.0,True
BITW,252,1.0,True
BITX,252,1.0,True
BITY,229,0.9087301587301587,True
BIV,252,1.0,True
BIVI,252,1.0,True
BIZD,252,1.0,True
BJ,252,1.0,True
BJAN,252,1.0,True
BJRI,252,1.0,True
BJUL,252,1.0,True
BJUN,252,1.0,True
BKAG,252,1.0,True
BKCG,251,0.996031746031746,True
BKCH,252,1.0,True
BKCI,252,1.0,True
BKD,252,1.0,True
BKDV,252,1.0,True
BKE,252,1.0,True
BKF,252,1.0,True
BKFI,54,0.21428571428571427,False
BKGI,252,1.0,True
BKH,252,1.0,True
BKHY,252,1.0,True
BKIE,252,1.0,True
BKKT,252,1.0,True
BKLC,252,1.0,True
BKLN,252,1.0,True
BKMI,54,0.21428571428571427,False
BKNG,252,1.0,True
BKR,252,1.0,True
BKSE,252,1.0,True
BKSY,252,1.0,True
BKT,252,1.0,True
BKTI,252,1.0,True
BKU,252,1.0,True
BKUI,252,1.0,True
BKV,252,1.0,True
BL,252,1.0,True
BLBD,252,1.0,True
BLCO,252,1.0,True
BLCR,252,1.0,True
BLCV,252,1.0,True
BLD*,0,0.0,False
BLDP,252,1.0,True
BLDR,252,1.0,True
BLDX,39,0.15476190476190477,False
BLES,252,1.0,True
BLFS,252,1.0,True
BLFY,0,0.0,False
BLIN,252,1.0,True
BLK,252,1.0,True
BLKB,252,1.0,True
BLLN,98,0.3888888888888889,False
BLMN,252,1.0,True
BLND,252,1.0,True
BLNE,252,1.0,True
BLNK,252,1.0,True
BLOK,252,1.0,True
BLOX,197,0.7817460317460317,False
BLTE,252,1.0,True
BLV,252,1.0,True
BLW,252,1.0,True
BLZE,252,1.0,True
BMA,252,1.0,True
BMAR,252,1.0,True
BMAY,252,1.0,True
BMBL,252,1.0,True
BMEA,252,1.0,True
BMED,252,1.0,True
BMEZ,252,1.0,True
BMI,252,1.0,True
BMNR,205,0.8134920634920635,False
BMO,252,1.0,True
BMOP,54,0.21428571428571427,False
BMRC,252,1.0,True
BMRN,252,1.0,True
BMVP,252,1.0,True
BMY,252,1.0,True
BN,252,1.0,True
BNC,252,1.0,True
BND,252,1.0,True
BNDI,252,1.0,True
BNDW,252,1.0,True
BNDX,252,1.0,True
BNED,252,1.0,True
BNGO,252,1.0,True
BNL,252,1.0,True
BNO,252,1.0,True
BNOV,252,1.0,True
BNR,252,1.0,True
BNS,252,1.0,True
BNTC,252,1.0,True
BNTX,252,1.0,True
BNY,252,1.0,True
BOAT,252,1.0,True
BOC,252,1.0,True
BOCT,252,1.0,True
BODI,252,1.0,True
BOF,252,1.0,True
BOH,252,1.0,True
BOIL1EUR,0,0.0,False
BOKF,252,1.0,True
BOLD,252,1.0,True
BOLT,252,1.0,True
BOND,252,1.0,True
BOOM,252,1.0,True
BOOT,252,1.0,True
BOTZ,252,1.0,True
BOW,252,1.0,True
BOX,252,1.0,True
BOXA,252,1.0,True
BOXX,252,1.0,True
BP,252,1.0,True
BPOP,252,1.0,True
BPRE,71,0.28174603174603174,False
BPRN,252,1.0,True
BR,252,1.0,True
BRAG,252,1.0,True
BRBR,252,1.0,True
BRBS,252,1.0,True
BRC,252,1.0,True
BRCB,137,0.5436507936507936,False
BRID,252,1.0,True
BRK/A,0,0.0,False
BRK/B,0,0.0,False
BRKR,252,1.0,True
BRKU,252,1.0,True
BRKW,196,0.7777777777777778,False
BRLT,252,1.0,True
BRN,252,1.0,True
BRNS,252,1.0,True
BRO,252,1.0,True
BROS,252,1.0,True
BRR,203,0.8055555555555556,False
BRSP,252,1.0,True
BRT,252,1.0,True
BRTR,252,1.0,True
BRW,252,1.0,True
BRX,252,1.0,True
BRZE,252,1.0,True
BSAC,252,1.0,True
BSBK,252,1.0,True
BSBR,252,1.0,True
BSCQ,252,1.0,True
BSCR,252,1.0,True
BSCS,252,1.0,True
BSCT,252,1.0,True
BSCU,252,1.0,True
BSCV,252,1.0,True
BSCW,252,1.0,True
BSCX,252,1.0,True
BSCY,252,1.0,True
BSCZ,201,0.7976190476190477,False
BSEP,252,1.0,True
BSET,252,1.0,True
BSJQ,252,1.0,True
BSJR,252,1.0,True
BSJS,252,1.0,True
BSJT,252,1.0,True
BSJU,252,1.0,True
BSJV,252,1.0,True
BSJW,252,1.0,True
BSJX,201,0.7976190476190477,False
BSL,252,1.0,True
BSM,252,1.0,True
BSMC,252,1.0,True
BSMQ,252,1.0,True
BSMR,252,1.0,True
BSMS,252,1.0,True
BSMT,252,1.0,True
BSMU,252,1.0,True
BSMV,252,1.0,True
BSMW,252,1.0,True
BSMY,252,1.0,True
BSMZ,134,0.5317460317460317,False
BSOL,105,0.4166666666666667,False
BSRR,252,1.0,True
BSSX,252,1.0,True
BST,252,1.0,True
BSTZ,252,1.0,True
BSV,252,1.0,True
BSVN,252,1.0,True
BSVO,252,1.0,True
BSX,252,1.0,True
BSY,252,1.0,True
BTAI,252,1.0,True
BTAL,252,1.0,True
BTC,252,1.0,True
BTCC,249,0.9880952380952381,True
BTCI,252,1.0,True
BTCL,252,1.0,True
BTCO,252,1.0,True
BTCS,252,1.0,True
BTCW,252,1.0,True
BTCZ,252,1.0,True
BTE,252,1.0,True
BTF,252,1.0,True
BTG,252,1.0,True
BTGD,252,1.0,True
BTGO,48,0.19047619047619047,False
BTI,252,1.0,True
BTLN,252,1.0,True
BTMD,252,1.0,True
BTO,252,1.0,True
BTQ,127,0.503968253968254,False
BTSG,252,1.0,True
BTT,252,1.0,True
BTU,252,1.0,True
BTX,252,1.0,True
BTZ,252,1.0,True
BUCK,252,1.0,True
BUD,252,1.0,True
BUFB,252,1.0,True
BUFC,252,1.0,True
BUFD,252,1.0,True
BUFF,252,1.0,True
BUFG,252,1.0,True
BUFI,252,1.0,True
BUFM,252,1.0,True
BUFP,252,1.0,True
BUFQ,252,1.0,True
BUFR,252,1.0,True
BUFS,252,1.0,True
BUFT,252,1.0,True
BUFZ,252,1.0,True
BUG,252,1.0,True
BUI,252,1.0,True
BUI-R,0,0.0,False
BUL,252,1.0,True
BURL,252,1.0,True
BUSE,252,1.0,True
BUXX,252,1.0,True
BUYW,252,1.0,True
BUZZ,252,1.0,True
BV,252,1.0,True
BVE,0,0.0,False
BVFL,252,1.0,True
BVN,252,1.0,True
BVS,252,1.0,True
BW,252,1.0,True
BWA,252,1.0,True
BWAY,252,1.0,True
BWB,252,1.0,True
BWEN,252,1.0,True
BWET,252,1.0,True
BWFG,252,1.0,True
BWG,252,1.0,True
BWIN,252,1.0,True
BWMN,252,1.0,True
BWX,252,1.0,True
BWXT,252,1.0,True
BX,252,1.0,True
BXC,252,1.0,True
BXMT,252,1.0,True
BXP,252,1.0,True
BXSL,252,1.0,True
BY,252,1.0,True
BYD,252,1.0,True
BYFC,252,1.0,True
BYLD,252,1.0,True
BYNDEUR,0,0.0,False
BYRN,252,1.0,True
BZ,252,1.0,True
BZAI,252,1.0,True
BZFD,252,1.0,True
BZH,252,1.0,True
BZUN,252,1.0,True
C,252,1.0,True
CABA,252,1.0,True
CABO,252,1.0,True
CAC,252,1.0,True
CACC,252,1.0,True
CACI,252,1.0,True
CADL,252,1.0,True
CAE,252,1.0,True
CAG,252,1.0,True
CAH,252,1.0,True
CAI,196,0.7777777777777778,False
CAKE,252,1.0,True
CAL,252,1.0,True
CALF,252,1.0,True
CALM,252,1.0,True
CALX,252,1.0,True
CALY,252,1.0,True
CAM,121,0.4801587301587302,False
CAN,252,1.0,True
CANE,252,1.0,True
CAPL,252,1.0,True
CAPR,252,1.0,True
CAR,252,1.0,True
CARE,252,1.0,True
CARG,252,1.0,True
CARL,173,0.6865079365079365,False
CARR,252,1.0,True
CARS,252,1.0,True
CART,252,1.0,True
CARY,252,1.0,True
CARZ,252,1.0,True
CASH,252,1.0,True
CASS,252,1.0,True
CASY,252,1.0,True
CAT,252,1.0,True
CATH,252,1.0,True
CATO,252,1.0,True
CATX,252,1.0,True
CATY,252,1.0,True
CAVA,252,1.0,True
CBAN,252,1.0,True
CBC,87,0.34523809523809523,False
CBFV,252,1.0,True
CBK,123,0.4880952380952381,False
CBL,252,1.0,True
CBLL,252,1.0,True
CBNA,252,1.0,True
CBNK,252,1.0,True
CBOE,252,1.0,True
CBRE,252,1.0,True
CBRL,252,1.0,True
CBSH,252,1.0,True
CBT,252,1.0,True
CBU,252,1.0,True
CBUS,252,1.0,True
CBXY,184,0.7301587301587301,False
CBZ,252,1.0,True
CC,252,1.0,True
CCAP,252,1.0,True
CCB,252,1.0,True
CCBG,252,1.0,True
CCC,252,1.0,True
CCCC,252,1.0,True
CCD,252,1.0,True
CCI,252,1.0,True
CCIF,252,1.0,True
CCJ,252,1.0,True
CCK,252,1.0,True
CCL1EUR,0,0.0,False
CCLD,252,1.0,True
CCNE,252,1.0,True
CCO,252,1.0,True
CCOI,252,1.0,True
CCOR,252,1.0,True
CCS,252,1.0,True
CCSI,252,1.0,True
CCSO,252,1.0,True
CCU,252,1.0,True
CDC,252,1.0,True
CDE,252,1.0,True
CDIO,252,1.0,True
CDL,252,1.0,True
CDLR,252,1.0,True
CDLXEUR,0,0.0,False
CDNA,252,1.0,True
CDNL,75,0.2976190476190476,False
CDNS,252,1.0,True
CDP,252,1.0,True
CDRE,252,1.0,True
CDW,252,1.0,True
CDX,252,1.0,True
CDXS,252,1.0,True
CDZI,252,1.0,True
CE,252,1.0,True
CECO,252,1.0,True
CEF,252,1.0,True
CEFS,252,1.0,True
CEG,252,1.0,True
CELC,252,1.0,True
CELH,252,1.0,True
CELU,252,1.0,True
CEMB,252,1.0,True
CENT,252,1.0,True
CENTA,252,1.0,True
CENX,252,1.0,True
CEPI,252,1.0,True
CEPU,252,1.0,True
CERS,252,1.0,True
CERT,252,1.0,True
CERY,252,1.0,True
CET,252,1.0,True
CEV,252,1.0,True
CEVA,252,1.0,True
CEW,252,1.0,True
CF,252,1.0,True
CFA,252,1.0,True
CFBK,252,1.0,True
CFFI,252,1.0,True
CFFN,252,1.0,True
CFG,252,1.0,True
CFO,252,1.0,True
CFR,252,1.0,True
CG,252,1.0,True
CGAU,252,1.0,True
CGBD,252,1.0,True
CGBL,252,1.0,True
CGC,252,1.0,True
CGCB,252,1.0,True
CGCP,252,1.0,True
CGCV,252,1.0,True
CGDG,252,1.0,True
CGDV,252,1.0,True
CGEM,252,1.0,True
CGGE,252,1.0,True
CGGO,252,1.0,True
CGGR,252,1.0,True
CGHM,252,1.0,True
CGIB,252,1.0,True
CGIC,252,1.0,True
CGIE,252,1.0,True
CGMM,252,1.0,True
CGMS,252,1.0,True
CGMU,252,1.0,True
CGNG,252,1.0,True
CGNX,252,1.0,True
CGO,252,1.0,True
CGON,252,1.0,True
CGSD,252,1.0,True
CGSM,252,1.0,True
CGTX,252,1.0,True
CGUI,252,1.0,True
CGUS,252,1.0,True
CGVV,191,0.7579365079365079,False
CGW,252,1.0,True
CGXU,252,1.0,True
CHA,238,0.9444444444444444,True
CHAT,252,1.0,True
CHAU,252,1.0,True
CHCI,252,1.0,True
CHCO,252,1.0,True
CHCT,252,1.0,True
CHD,252,1.0,True
CHDN,252,1.0,True
CHE,252,1.0,True
CHEF,252,1.0,True
CHGG,252,1.0,True
CHGX,252,1.0,True
CHH,252,1.0,True
CHI,252,1.0,True
CHIQ,252,1.0,True
CHMG,252,1.0,True
CHMI,252,1.0,True
CHPT,252,1.0,True
CHPX,124,0.49206349206349204,False
CHRD,252,1.0,True
CHRS,252,1.0,True
CHRW,252,1.0,True
CHT,252,1.0,True
CHTR,252,1.0,True
CHW,252,1.0,True
CHWY,252,1.0,True
CHYM,200,0.7936507936507936,False
CI,252,1.0,True
CIA,252,1.0,True
CIB,252,1.0,True
CIBR,252,1.0,True
CIEN,252,1.0,True
CIFR,252,1.0,True
CIFU,87,0.34523809523809523,False
CIG,252,1.0,True
CIGI,252,1.0,True
CII,252,1.0,True
CIK,252,1.0,True
CIM,252,1.0,True
CINF,252,1.0,True
CING,252,1.0,True
CION,252,1.0,True
CIRC,252,1.0,True
CITR,79,0.3134920634920635,False
CIVB,252,1.0,True
CIX,252,1.0,True
CKX,252,1.0,True
CL,252,1.0,True
CLAR,252,1.0,True
CLB,252,1.0,True
CLDT,252,1.0,True
CLDX,252,1.0,True
CLF,252,1.0,True
CLFD,252,1.0,True
CLH,252,1.0,True
CLIP,252,1.0,True
CLIX,252,1.0,True
CLM,252,1.0,True
CLMB,252,1.0,True
CLMT,252,1.0,True
CLNE,252,1.0,True
CLOA,252,1.0,True
CLOI,252,1.0,True
CLOU,252,1.0,True
CLOV,252,1.0,True
CLOX,252,1.0,True
CLOZ,252,1.0,True
CLPR,252,1.0,True
CLPT,252,1.0,True
CLS,252,1.0,True
CLSK,252,1.0,True
CLST,252,1.0,True
CLSX,135,0.5357142857142857,False
CLW,252,1.0,True
CLX,252,1.0,True
CLYM,252,1.0,True
CM,252,1.0,True
CMBS,252,1.0,True
CMC,252,1.0,True
CMCM,252,1.0,True
CMCO,252,1.0,True
CMCSA,252,1.0,True
CMDT,252,1.0,True
CMDY,252,1.0,True
CME,252,1.0,True
CMF,252,1.0,True
CMG,252,1.0,True
CMI,252,1.0,True
CMP,252,1.0,True
CMPS,252,1.0,True
CMPX,252,1.0,True
CMRC,252,1.0,True
CMS,252,1.0,True
CMT,252,1.0,True
CMTG,252,1.0,True
CMTL,252,1.0,True
CMTV,252,1.0,True
CNA,252,1.0,True
CNBS,252,1.0,True
CNC,252,1.0,True
CNDT,252,1.0,True
CNEQ,252,1.0,True
CNFREUR,0,0.0,False
CNI,252,1.0,True
CNK,252,1.0,True
CNL,252,1.0,True
CNM,252,1.0,True
CNMD,252,1.0,True
CNNE,252,1.0,True
CNO,252,1.0,True
CNOB,252,1.0,True
CNP,252,1.0,True
CNQ,252,1.0,True
CNR,252,1.0,True
CNRG,252,1.0,True
CNS,252,1.0,True
CNTA,0,0.0,False
CNTN,252,1.0,True
CNTX,252,1.0,True
CNTY,252,1.0,True
CNVS,252,1.0,True
CNX,252,1.0,True
CNXC,252,1.0,True
CNXN,252,1.0,True
CNXT,252,1.0,True
COAL,252,1.0,True
COCH,252,1.0,True
COCO,252,1.0,True
COCP,252,1.0,True
CODA,252,1.0,True
CODI,252,1.0,True
COE,252,1.0,True
COF,252,1.0,True
COFS,252,1.0,True
COGT,252,1.0,True
COHR,252,1.0,True
COHU,252,1.0,True
COHX,28,0.1111111111111111,False
COIN,252,1.0,True
COIW,252,1.0,True
COKE,252,1.0,True
COLB,252,1.0,True
COLD,252,1.0,True
COLL,252,1.0,True
COLM,252,1.0,True
COLO,252,1.0,True
COM,252,1.0,True
COMB,252,1.0,True
COMP,252,1.0,True
COMT,252,1.0,True
CON,252,1.0,True
CONI,252,1.0,True
CONY,252,1.0,True
COO,252,1.0,True
COOK,252,1.0,True
COP,252,1.0,True
COPJ,252,1.0,True
COPP,252,1.0,True
COPX,252,1.0,True
COPY,252,1.0,True
COR,252,1.0,True
CORB,96,0.38095238095238093,False
CORD,127,0.503968253968254,False
CORN,252,1.0,True
CORO,252,1.0,True
CORP,252,1.0,True
CORT,252,1.0,True
CORZ,252,1.0,True
CORZW,0,0.0,False
CORZZ,0,0.0,False
COSM,252,1.0,True
COSO,224,0.8888888888888888,False
COST,252,1.0,True
COSW,108,0.42857142857142855,False
COTY,252,1.0,True
COUR,252,1.0,True
COWG,252,1.0,True
COWZ,252,1.0,True
COYA,252,1.0,True
CP,252,1.0,True
CPAI,252,1.0,True
CPAY,252,1.0,True
CPB,252,1.0,True
CPBI,252,1.0,True
CPER,252,1.0,True
CPF,252,1.0,True
CPHC,252,1.0,True
CPHI,252,1.0,True
CPIX,252,1.0,True
CPK,252,1.0,True
CPLB,252,1.0,True
CPLS,252,1.0,True
CPNG,252,1.0,True
CPNQ,252,1.0,True
CPRJ,252,1.0,True
CPRT,252,1.0,True
CPRY,252,1.0,True
CPS,252,1.0,True
CPSF,252,1.0,True
CPSH,252,1.0,True
CPSS,252,1.0,True
CPST,252,1.0,True
CPT,252,1.0,True
CPTL,252,1.0,True
CPXR,252,1.0,True
CPZ,252,1.0,True
CQP,252,1.0,True
CQQQ,252,1.0,True
CR,252,1.0,True
CRAI,252,1.0,True
CRAK,252,1.0,True
CRBG,252,1.0,True
CRBN,252,1.0,True
CRBP,252,1.0,True
CRBU,252,1.0,True
CRC,252,1.0,True
CRCA,162,0.6428571428571429,False
CRCL,205,0.8134920634920635,False
CRCT,252,1.0,True
CRD/A,0,0.0,False
CRD/B,0,0.0,False
CRDF,252,1.0,True
CRDL,252,1.0,True
CRDU,135,0.5357142857142857,False
CRESY,252,1.0,True
CREX,252,1.0,True
CRF,252,1.0,True
CRGY,252,1.0,True
CRI,252,1.0,True
CRISEUR,0,0.0,False
CRK,252,1.0,True
CRL,252,1.0,True
CRM,252,1.0,True
CRMD,252,1.0,True
CRMT,252,1.0,True
CRMX,53,0.21031746031746032,False
CRNC,252,1.0,True
CRNX,252,1.0,True
CRON,252,1.0,True
CROX,252,1.0,True
CRPT,252,1.0,True
CRS,252,1.0,True
CRSH,252,1.0,True
CRSR,252,1.0,True
CRTOEUR,0,0.0,False
CRUS,252,1.0,True
CRUX,11,0.04365079365079365,False
CRVL,252,1.0,True
CRVO,252,1.0,True
CRVS,252,1.0,True
CRWD,252,1.0,True
CRWL,252,1.0,True
CRWS,252,1.0,True
CRWV,252,1.0,True
CSAN,252,1.0,True
CSB,252,1.0,True
CSBR,252,1.0,True
CSCO,252,1.0,True
CSD,252,1.0,True
CSGP,252,1.0,True
CSHI,252,1.0,True
CSIQ,252,1.0,True
CSL,252,1.0,True
CSM,252,1.0,True
CSMD,252,1.0,True
CSPF,252,1.0,True
CSPI,252,1.0,True
CSQ,252,1.0,True
CSR,252,1.0,True
CSRE,252,1.0,True
CSTK,225,0.8928571428571429,False
CSTL,252,1.0,True
CSV,252,1.0,True
CSW,252,1.0,True
CSWC,252,1.0,True
CSX,252,1.0,True
CTA,252,1.0,True
CTAP,75,0.2976190476190476,False
CTAS,252,1.0,True
CTBI,252,1.0,True
CTEC,252,1.0,True
CTEV,252,1.0,True
CTGO,252,1.0,True
CTKB,252,1.0,True
CTM,252,1.0,True
CTMX,252,1.0,True
CTNM,252,1.0,True
CTO,252,1.0,True
CTOS,252,1.0,True
CTRA,0,0.0,False
CTRE,252,1.0,True
CTRI,252,1.0,True
CTRN,252,1.0,True
CTS,252,1.0,True
CTSH,252,1.0,True
CTSO,252,1.0,True
CTVA,252,1.0,True
CUBE,252,1.0,True
CUBI,252,1.0,True
CUE1EUR,0,0.0,False
CULP,252,1.0,True
CURB,252,1.0,True
CURE,252,1.0,True
CURI,252,1.0,True
CURV,252,1.0,True
CUT,252,1.0,True
CUZ,252,1.0,True
CV,187,0.7420634920634921,False
CVBF,252,1.0,True
CVCO,252,1.0,True
CVE,252,1.0,True
CVEO,252,1.0,True
CVGI,252,1.0,True
CVI,252,1.0,True
CVIE,252,1.0,True
CVLC,252,1.0,True
CVLG,252,1.0,True
CVLT,252,1.0,True
CVM,252,1.0,True
CVMC,252,1.0,True
CVNA,252,1.0,True
CVNY,252,1.0,True
CVR,252,1.0,True
CVRX,252,1.0,True
CVS,252,1.0,True
CVSA,252,1.0,True
CVSB,252,1.0,True
CVU,252,1.0,True
CVV,252,1.0,True
CVX,252,1.0,True
CVY,252,1.0,True
CW,252,1.0,True
CWAN,0,0.0,False
CWB,252,1.0,True
CWBC,252,1.0,True
CWEN,252,1.0,True
CWH,252,1.0,True
CWI,252,1.0,True
CWS,252,1.0,True
CWST,252,1.0,True
CWT,252,1.0,True
CX,252,1.0,True
CXDO,252,1.0,True
CXM,252,1.0,True
CXSE,252,1.0,True
CXT,252,1.0,True
CXW,252,1.0,True
CYH,252,1.0,True
CYN,252,1.0,True
CYPH,252,1.0,True
CYRX,252,1.0,True
CYTK,252,1.0,True
CZA,252,1.0,True
CZFS,252,1.0,True
CZNC,252,1.0,True
CZR,252,1.0,True
CZWI,252,1.0,True
D,252,1.0,True
DAIO,252,1.0,True
DAKT,252,1.0,True
DAL,252,1.0,True
DALI,252,1.0,True
DAN,252,1.0,True
DANA,80,0.31746031746031744,False
DAO,252,1.0,True
DAPP,252,1.0,True
DAPR,252,1.0,True
DAR,252,1.0,True
DARE,252,1.0,True
DASH,252,1.0,True
DAUG,252,1.0,True
DAVA,252,1.0,True
DAVE,252,1.0,True
DAWNGBX,0,0.0,False
DBA,252,1.0,True
DBAW,252,1.0,True
DBB,252,1.0,True
DBC,252,1.0,True
DBD,252,1.0,True
DBE,252,1.0,True
DBEF,252,1.0,True
DBEM,252,1.0,True
DBEU,252,1.0,True
DBI,252,1.0,True
DBJP,252,1.0,True
DBL,252,1.0,True
DBMF,252,1.0,True
DBND,252,1.0,True
DBO,252,1.0,True
DBP,252,1.0,True
DBRG,252,1.0,True
DBVT,252,1.0,True
DBX,252,1.0,True
DC,252,1.0,True
DCBO,252,1.0,True
DCGO,252,1.0,True
DCH,252,1.0,True
DCI,252,1.0,True
DCO,252,1.0,True
DCOM,252,1.0,True
DCOR,252,1.0,True
DCTH,252,1.0,True
DDD,252,1.0,True
DDEC,252,1.0,True
DDFD,81,0.32142857142857145,False
DDFF,40,0.15873015873015872,False
DDFL,188,0.746031746031746,False
DDFO,124,0.49206349206349204,False
DDFS,145,0.5753968253968254,False
DDI,252,1.0,True
DDIV,252,1.0,True
DDL,252,1.0,True
DDOG,252,1.0,True
DDS,252,1.0,True
DDTF,40,0.15873015873015872,False
DDTJ,60,0.23809523809523808,False
DDTO,124,0.49206349206349204,False
DDWM,252,1.0,True
DE,252,1.0,True
DEA,252,1.0,True
DEC,252,1.0,True
DECK,252,1.0,True
DECM,252,1.0,True
DECP,252,1.0,True
DECT,252,1.0,True
DECW,252,1.0,True
DEED,252,1.0,True
DEEF,252,1.0,True
DEEP,252,1.0,True
DEFT,252,1.0,True
DEHP,252,1.0,True
DEI,252,1.0,True
DELL,252,1.0,True
DEM,252,1.0,True
DEO,252,1.0,True
DERM,252,1.0,True
DES,252,1.0,True
DEUS,252,1.0,True
DEW,252,1.0,True
DEXC,252,1.0,True
DFAC,252,1.0,True
DFAE,252,1.0,True
DFAI,252,1.0,True
DFAR,252,1.0,True
DFAS,252,1.0,True
DFAT,252,1.0,True
DFAU,252,1.0,True
DFAW,252,1.0,True
DFAX,252,1.0,True
DFCA,252,1.0,True
DFCF,252,1.0,True
DFDV,252,1.0,True
DFDVW,98,0.3888888888888889,False
DFE,252,1.0,True
DFEB,252,1.0,True
DFEM,252,1.0,True
DFEV,252,1.0,True
DFGP,252,1.0,True
DFGR,252,1.0,True
DFGX,252,1.0,True
DFH,252,1.0,True
DFIC,252,1.0,True
DFIN,252,1.0,True
DFIP,252,1.0,True
DFIS,252,1.0,True
DFIV,252,1.0,True
DFJ,252,1.0,True
DFLV,252,1.0,True
DFNL,252,1.0,True
DFNM,252,1.0,True
DFP,252,1.0,True
DFSB,252,1.0,True
DFSD,252,1.0,True
DFSE,252,1.0,True
DFSI,252,1.0,True
DFSU,252,1.0,True
DFSV,252,1.0,True
DFTX,252,1.0,True
DFUS,252,1.0,True
DFUV,252,1.0,True
DFVX,252,1.0,True
DG,252,1.0,True
DGCB,252,1.0,True
DGICA,252,1.0,True
DGII,252,1.0,True
DGIN,252,1.0,True
DGRE,252,1.0,True
DGRO,252,1.0,True
DGRS,252,1.0,True
DGRW,252,1.0,True
DGS,252,1.0,True
DGT,252,1.0,True
DGX,252,1.0,True
DGXX,252,1.0,True
DH,252,1.0,True
DHC,252,1.0,True
DHF,252,1.0,True
DHI,252,1.0,True
DHR,252,1.0,True
DHS,252,1.0,True
DHX,252,1.0,True
DHY,252,1.0,True
DIA,252,1.0,True
DIAL,252,1.0,True
DIBS,252,1.0,True
DIEM,252,1.0,True
DIG,252,1.0,True
DIHP,252,1.0,True
DIN,252,1.0,True
DINO,252,1.0,True
DINT,252,1.0,True
DIOD,252,1.0,True
DIPS,252,1.0,True
DIS,252,1.0,True
DISV,252,1.0,True
DIT,252,1.0,True
DIV,252,1.0,True
DIVB,252,1.0,True
DIVI,252,1.0,True
DIVO,252,1.0,True
DIVZ,252,1.0,True
DJAN,252,1.0,True
DJCO,252,1.0,True
DJD,252,1.0,True
DJIA,252,1.0,True
DJP,252,1.0,True
DJT,252,1.0,True
DJTWW,0,0.0,False
DJUL,252,1.0,True
DJUN,252,1.0,True
DK,252,1.0,True
DKL,252,1.0,True
DKNG,252,1.0,True
DKS,252,1.0,True
DLAG,131,0.5198412698412699,False
DLB,252,1.0,True
DLHC,252,1.0,True
DLLL,252,1.0,True
DLN,252,1.0,True
DLPN,252,1.0,True
DLR,252,1.0,True
DLS,252,1.0,True
DLTH,252,1.0,True
DLTR,252,1.0,True
DLX,252,1.0,True
DLY,252,1.0,True
DMAC,252,1.0,True
DMAR,252,1.0,True
DMAX,252,1.0,True
DMAY,252,1.0,True
DMB,252,1.0,True
DMBS,252,1.0,True
DMLP,252,1.0,True
DMO,252,1.0,True
DMXF,252,1.0,True
DNA,252,1.0,True
DNL,252,1.0,True
DNLI,252,1.0,True
DNN,252,1.0,True
DNOV,252,1.0,True
DNOW,252,1.0,True
DNP,252,1.0,True
DNTH,252,1.0,True
DNUT,252,1.0,True
DOC,252,1.0,True
DOCN,252,1.0,True
DOCS,252,1.0,True
DOCT,252,1.0,True
DOCU,252,1.0,True
DOG,252,1.0,True
DOGD,0,0.0,False
DOJE,133,0.5277777777777778,False
DOL,252,1.0,True
DOMH,252,1.0,True
DOMO,252,1.0,True
DON,252,1.0,True
DOO,252,1.0,True
DORM,252,1.0,True
DOUG,252,1.0,True
DOV,252,1.0,True
DOW,252,1.0,True
DOYU,252,1.0,True
DPG,252,1.0,True
DPRO,252,1.0,True
DPST,252,1.0,True
DPZ,252,1.0,True
DQ,252,1.0,True
DRD,252,1.0,True
DRH,252,1.0,True
DRI,252,1.0,True
DRIPUSD,0,0.0,False
DRIV,252,1.0,True
DRLL,252,1.0,True
DRNZ,104,0.4126984126984127,False
DRS,252,1.0,True
DRSK,252,1.0,True
DRUG,252,1.0,True
DRVN,252,1.0,True
DSEP,252,1.0,True
DSGN,252,1.0,True
DSGR,252,1.0,True
DSGX,252,1.0,True
DSI,252,1.0,True
DSL,252,1.0,True
DSM,252,1.0,True
DSMC,252,1.0,True
DSP,252,1.0,True
DSS,252,1.0,True
DSTL,252,1.0,True
DSTX,252,1.0,True
DSU,252,1.0,True
DT,252,1.0,True
DTCR,252,1.0,True
DTCX,252,1.0,True
DTD,252,1.0,True
DTE,252,1.0,True
DTEC,252,1.0,True
DTH,252,1.0,True
DTI,252,1.0,True
DTIL,252,1.0,True
DTM,252,1.0,True
DTRE,252,1.0,True
DUHP,252,1.0,True
DUK,252,1.0,True
DUKZ,252,1.0,True
DUNK,135,0.5357142857142857,False
DUOL,252,1.0,True
DUOT,252,1.0,True
DURA,252,1.0,True
DUSA,252,1.0,True
DUSB,252,1.0,True
DUSL,252,1.0,True
DUST,252,1.0,True
DV,252,1.0,True
DVA,252,1.0,True
DVAL,252,1.0,True
DVLT,252,1.0,True
DVLU,252,1.0,True
DVN,252,1.0,True
DVOL,252,1.0,True
DVY,252,1.0,True
DVYA,252,1.0,True
DVYE,252,1.0,True
DWAS,252,1.0,True
DWAW,252,1.0,True
DWDPEUR,0,0.0,False
DWLD,252,1.0,True
DWM,252,1.0,True
DWSH,252,1.0,True
DWSN,252,1.0,True
DWUS,252,1.0,True
DWX,252,1.0,True
DX,252,1.0,True
DXC,252,1.0,True
DXCM,252,1.0,True
DXJ,252,1.0,True
DXLG,252,1.0,True
DXPE,252,1.0,True
DXR,252,1.0,True
DXUV,252,1.0,True
DXYZ,252,1.0,True
DY,252,1.0,True
DYAI,252,1.0,True
DYN,252,1.0,True
DYNF,252,1.0,True
E,252,1.0,True
EA*,0,0.0,False
EAF,252,1.0,True
EAGG,252,1.0,True
EAGL,252,1.0,True
EALT,252,1.0,True
EAPR,252,1.0,True
EART,252,1.0,True
EASG,252,1.0,True
EAT,252,1.0,True
EBAY,252,1.0,True
EBC,252,1.0,True
EBF,252,1.0,True
EBIZ,252,1.0,True
EBMT,252,1.0,True
EBND,252,1.0,True
EBS,252,1.0,True
EBUF,252,1.0,True
EC,252,1.0,True
ECAT,252,1.0,True
ECBK,252,1.0,True
ECC,252,1.0,True
ECF,252,1.0,True
ECG,252,1.0,True
ECH,252,1.0,True
ECHO,252,1.0,True
ECHX,71,0.28174603174603174,False
ECL,252,1.0,True
ECML,252,1.0,True
ECNS,252,1.0,True
ECOR,252,1.0,True
ECOW,252,1.0,True
ECPG,252,1.0,True
ECVT,252,1.0,True
ED,252,1.0,True
EDC,252,1.0,True
EDD,252,1.0,True
EDEN,252,1.0,True
EDF,252,1.0,True
EDIT,252,1.0,True
EDIV,252,1.0,True
EDN,252,1.0,True
EDOW,252,1.0,True
EDU,252,1.0,True
EDUC,252,1.0,True
EDV,252,1.0,True
EE,252,1.0,True
EEFT,252,1.0,True
EELV,252,1.0,True
EEM,252,1.0,True
EEMA,252,1.0,True
EEMS,252,1.0,True
EEMV,252,1.0,True
EEMX,252,1.0,True
EES,252,1.0,True
EET,252,1.0,True
EETH,252,1.0,True
EFA,252,1.0,True
EFAA,252,1.0,True
EFAD,252,1.0,True
EFAV,252,1.0,True
EFAX,252,1.0,True
EFC,252,1.0,True
EFG,252,1.0,True
EFIV,252,1.0,True
EFO,252,1.0,True
EFOI,252,1.0,True
EFOR,252,1.0,True
EFSC,252,1.0,True
EFSI,252,1.0,True
EFT,252,1.0,True
EFV,252,1.0,True
EFX,252,1.0,True
EFXT,252,1.0,True
EGAN,252,1.0,True
EGBN,252,1.0,True
EGHT,252,1.0,True
EGO,252,1.0,True
EGP,252,1.0,True
EGUS,252,1.0,True
EGY,252,1.0,True
EH,252,1.0,True
EHC,252,1.0,True
EHI,252,1.0,True
EHTH,252,1.0,True
EIC,252,1.0,True
EIDO,252,1.0,True
EIG,252,1.0,True
EIKN,37,0.14682539682539683,False
EIM,252,1.0,True
EINC,252,1.0,True
EIPI,252,1.0,True
EIPX,252,1.0,True
EIS,252,1.0,True
EIX,252,1.0,True
EJAN,252,1.0,True
EJUL,252,1.0,True
EL,252,1.0,True
ELA,252,1.0,True
ELAN,252,1.0,True
ELCV,252,1.0,True
ELD,252,1.0,True
ELDN,252,1.0,True
ELE,252,1.0,True
ELF,252,1.0,True
ELFY,243,0.9642857142857143,True
ELMD,252,1.0,True
ELME,252,1.0,True
ELPC,252,1.0,True
ELS,252,1.0,True
ELTX,252,1.0,True
ELUT,252,1.0,True
ELV,252,1.0,True
ELVA,252,1.0,True
ELVN,252,1.0,True
ELVR,145,0.5753968253968254,False
ELWT,99,0.39285714285714285,False
EM7,0,0.0,False
EMA,252,1.0,True
EMB,252,1.0,True
EMBC,252,1.0,True
EMBD,252,1.0,True
EMBJ,252,1.0,True
EMBX,252,1.0,True
EMC,252,1.0,True
EMCB,252,1.0,True
EMDV,252,1.0,True
EME,252,1.0,True
EMEQ,252,1.0,True
EMF,252,1.0,True
EMGF,252,1.0,True
EMHC,252,1.0,True
EMHY,252,1.0,True
EMKT,106,0.42063492063492064,False
EML,252,1.0,True
EMLC,252,1.0,True
EMLP,252,1.0,True
EMM,252,1.0,True
EMMF,252,1.0,True
EMN,252,1.0,True
EMNT,252,1.0,True
EMO,252,1.0,True
EMOP,196,0.7777777777777778,False
EMPB,252,1.0,True
EMPD,252,1.0,True
EMQQ,252,1.0,True
EMR,252,1.0,True
EMXC,252,1.0,True
ENB,252,1.0,True
ENFR,252,1.0,True
ENIC,252,1.0,True
ENOV,252,1.0,True
ENPH,252,1.0,True
ENR,252,1.0,True
ENS,252,1.0,True
ENSG,252,1.0,True
ENTA,252,1.0,True
ENTG,252,1.0,True
ENVA,252,1.0,True
ENVX,252,1.0,True
ENZL,252,1.0,True
EOCT,252,1.0,True
EOD,252,1.0,True
EOG,252,1.0,True
EOI,252,1.0,True
EOLS,252,1.0,True
EONR,252,1.0,True
EOS,252,1.0,True
EOSE,252,1.0,True
EOT,252,1.0,True
EPAC,252,1.0,True
EPAM,252,1.0,True
EPC,252,1.0,True
EPD,252,1.0,True
EPI,252,1.0,True
EPM,252,1.0,True
EPOL,252,1.0,True
EPP,252,1.0,True
EPR,252,1.0,True
EPRF,252,1.0,True
EPRT,252,1.0,True
EPRX,252,1.0,True
EPS,252,1.0,True
EPSN,252,1.0,True
EPU,252,1.0,True
EPV,252,1.0,True
EQ,252,1.0,True
EQAL,252,1.0,True
EQBK,252,1.0,True
EQH,252,1.0,True
EQIN,252,1.0,True
EQIX,252,1.0,True
EQL,252,1.0,True
EQNR,252,1.0,True
EQPT,46,0.18253968253968253,False
EQRR,252,1.0,True
EQT,252,1.0,True
EQWL,252,1.0,True
EQX,252,1.0,True
ERAS,252,1.0,True
ERC,252,1.0,True
ERH,252,1.0,True
ERIC,252,1.0,True
ERIE,252,1.0,True
ERII,252,1.0,True
ERO,252,1.0,True
ERTH,252,1.0,True
ERX,252,1.0,True
ES,252,1.0,True
ESAB,252,1.0,True
ESBA,252,1.0,True
ESCA,252,1.0,True
ESE,252,1.0,True
ESG,252,1.0,True
ESGD,252,1.0,True
ESGE,252,1.0,True
ESGG,252,1.0,True
ESGU,252,1.0,True
ESGV,252,1.0,True
ESI,252,1.0,True
ESIXUSD,0,0.0,False
ESLA,252,1.0,True
ESML,252,1.0,True
ESMV,252,1.0,True
ESN,252,1.0,True
ESOA,252,1.0,True
ESP,252,1.0,True
ESPO,252,1.0,True
ESQ,252,1.0,True
ESRT,252,1.0,True
ESS,252,1.0,True
ET,252,1.0,True
ETB,252,1.0,True
ETD,252,1.0,True
ETG,252,1.0,True
ETH,252,1.0,True
ETHA,252,1.0,True
ETHD,252,1.0,True
ETHE,252,1.0,True
ETHO,252,1.0,True
ETHT,252,1.0,True
ETHU,252,1.0,True
ETHW,252,1.0,True
ETJ,252,1.0,True
ETO,252,1.0,True
ETON,252,1.0,True
ETR,252,1.0,True
ETSY,252,1.0,True
ETU,252,1.0,True
ETV,252,1.0,True
ETW,252,1.0,True
ETX,252,1.0,True
EU,252,1.0,True
EUAD,252,1.0,True
EUDV,252,1.0,True
EUFN,252,1.0,True
EUHY,252,1.0,True
EUSA,252,1.0,True
EUSB,252,1.0,True
EVAX,252,1.0,True
EVC,252,1.0,True
EVCM,252,1.0,True
EVER,252,1.0,True
EVEX,252,1.0,True
EVF,252,1.0,True
EVGO,252,1.0,True
EVH,252,1.0,True
EVI,252,1.0,True
EVIM,252,1.0,True
EVLN,252,1.0,True
EVLV,252,1.0,True
EVMN,98,0.3888888888888889,False
EVMO,165,0.6547619047619048,False
EVN,252,1.0,True
EVO,252,1.0,True
EVR,252,1.0,True
EVRG,252,1.0,True
EVSD,252,1.0,True
EVSM,252,1.0,True
EVTC,252,1.0,True
EVTR,252,1.0,True
EVUS,252,1.0,True
EVX,252,1.0,True
EW,252,1.0,True
EWA,252,1.0,True
EWBC,252,1.0,True
EWC,252,1.0,True
EWCZ,0,0.0,False
EWD,252,1.0,True
EWG,252,1.0,True
EWH,252,1.0,True
EWI,252,1.0,True
EWJ,252,1.0,True
EWJV,252,1.0,True
EWL,252,1.0,True
EWM,252,1.0,True
EWN,252,1.0,True
EWO,252,1.0,True
EWP,252,1.0,True
EWQ,252,1.0,True
EWS,252,1.0,True
EWT,252,1.0,True
EWTX,252,1.0,True
EWU,252,1.0,True
EWV,252,1.0,True
EWW,252,1.0,True
EWX,252,1.0,True
EWY,252,1.0,True
EWZ,252,1.0,True
EWZS,252,1.0,True
EXC,252,1.0,True
EXE,252,1.0,True
EXEL,252,1.0,True
EXFY,252,1.0,True
EXI,252,1.0,True
EXK,252,1.0,True
EXLS,252,1.0,True
EXMOC,0,0.0,False
EXP,252,1.0,True
EXPD,252,1.0,True
EXPE,252,1.0,True
EXPO,252,1.0,True
EXR,252,1.0,True
EXTR,252,1.0,True
EYE,252,1.0,True
EYEG,252,1.0,True
EYLD,252,1.0,True
EYPT,252,1.0,True
EZA,252,1.0,True
EZBC,252,1.0,True
EZET,252,1.0,True
EZM,252,1.0,True
EZPW,252,1.0,True
EZPZ,252,1.0,True
EZU,252,1.0,True
F,252,1.0,True
FA,252,1.0,True
FAAR,252,1.0,True
FAB,252,1.0,True
FAD,252,1.0,True
FAF,252,1.0,True
FALN,252,1.0,True
FAN,252,1.0,True
FANG,252,1.0,True
FAPR,252,1.0,True
FAS,252,1.0,True
FAST,252,1.0,True
FATE,252,1.0,True
FAUG,252,1.0,True
FAX,252,1.0,True
FAZ,252,1.0,True
FB1,0,0.0,False
FBALX,252,1.0,True
FBCG,252,1.0,True
FBCV,252,1.0,True
FBDC,189,0.75,False
FBIN,252,1.0,True
FBIO,252,1.0,True
FBIZ,252,1.0,True
FBK,252,1.0,True
FBL,252,1.0,True
FBLA,252,1.0,True
FBLG,252,1.0,True
FBNC,252,1.0,True
FBND,252,1.0,True
FBP,252,1.0,True
FBRT,252,1.0,True
FBT,252,1.0,True
FBTC,252,1.0,True
FBUF,252,1.0,True
FBY,252,1.0,True
FBYD,252,1.0,True
FC,252,1.0,True
FCA,252,1.0,True
FCAL,252,1.0,True
FCAP,252,1.0,True
FCBC,252,1.0,True
FCCO,252,1.0,True
FCEF,252,1.0,True
FCEL,252,1.0,True
FCF,252,1.0,True
FCFS,252,1.0,True
FCG,252,1.0,True
FCN,252,1.0,True
FCNCA,252,1.0,True
FCOM,252,1.0,True
FCOR,252,1.0,True
FCPI,252,1.0,True
FCPT,252,1.0,True
FCTR,252,1.0,True
FCVT,252,1.0,True
FCX,252,1.0,True
FDBC,252,1.0,True
FDD,252,1.0,True
FDEC,252,1.0,True
FDEM,252,1.0,True
FDEV,252,1.0,True
FDG,252,1.0,True
FDHY,252,1.0,True
FDIF,252,1.0,True
FDIG,252,1.0,True
FDIQ,252,1.0,True
FDIS,252,1.0,True
FDL,252,1.0,True
FDLO,252,1.0,True
FDLS,252,1.0,True
FDM,252,1.0,True
FDMO,252,1.0,True
FDMT,252,1.0,True
FDN,252,1.0,True
FDNI,252,1.0,True
FDRR,252,1.0,True
FDS,252,1.0,True
FDSB,252,1.0,True
FDT,252,1.0,True
FDTX,252,1.0,True
FDUS,252,1.0,True
FDV,252,1.0,True
FDVV,252,1.0,True
FDX,252,1.0,True
FE,252,1.0,True
FEAC,252,1.0,True
FEAM,252,1.0,True
FEBM,252,1.0,True
FEBT,252,1.0,True
FEBW,252,1.0,True
FEGE,252,1.0,True
FEIG,252,1.0,True
FEIM,252,1.0,True
FELC,252,1.0,True
FELE,252,1.0,True
FELG,252,1.0,True
FELV,252,1.0,True
FEM,252,1.0,True
FEMB,252,1.0,True
FEMS,252,1.0,True
FENC,252,1.0,True
FENI,252,1.0,True
FENY,252,1.0,True
FEOE,252,1.0,True
FEP,252,1.0,True
FEPI,252,1.0,True
FERG,252,1.0,True
FESM,252,1.0,True
FET,252,1.0,True
FETH,252,1.0,True
FEUZ,252,1.0,True
FEX,252,1.0,True
FEZ,252,1.0,True
FF,252,1.0,True
FFA,252,1.0,True
FFBC,252,1.0,True
FFEB,252,1.0,True
FFIN,252,1.0,True
FFIV,252,1.0,True
FFLC,252,1.0,True
FFLG,252,1.0,True
FFOG,252,1.0,True
FFSM,252,1.0,True
FG,252,1.0,True
FGBI,252,1.0,True
FGD,252,1.0,True
FGDL,252,1.0,True
FGM,252,1.0,True
FGNX,252,1.0,True
FHB,252,1.0,True
FHDG,252,1.0,True
FHEQ,252,1.0,True
FHI,252,1.0,True
FHLC,252,1.0,True
FHN,252,1.0,True
FHTX,252,1.0,True
FHYS,252,1.0,True
FIAT,252,1.0,True
FIBK,252,1.0,True
FICO,252,1.0,True
FICS,252,1.0,True
FID,252,1.0,True
FIDI,252,1.0,True
FIDU,252,1.0,True
FIG,167,0.6626984126984127,False
FIGB,252,1.0,True
FIGR,138,0.5476190476190477,False
FIGS,252,1.0,True
FIIG,252,1.0,True
FINS,252,1.0,True
FINT,252,1.0,True
FINV,252,1.0,True
FINW,252,1.0,True
FINX,252,1.0,True
FIP,252,1.0,True
FIRY,252,1.0,True
FIS,252,1.0,True
FISI,252,1.0,True
FISR,252,1.0,True
FISV,252,1.0,True
FITB,252,1.0,True
FITE,252,1.0,True
FIVA,252,1.0,True
FIVE,252,1.0,True
FIVN,252,1.0,True
FIW,252,1.0,True
FIX,252,1.0,True
FIXD,252,1.0,True
FIXT,198,0.7857142857142857,False
FIZZ,252,1.0,True
FJAN,252,1.0,True
FJET,69,0.27380952380952384,False
FJP,252,1.0,True
FJUL,252,1.0,True
FJUN,252,1.0,True
FKU,252,1.0,True
FKWL,252,1.0,True
FL8,0,0.0,False
FLBL,252,1.0,True
FLBR,252,1.0,True
FLC,252,1.0,True
FLCA,252,1.0,True
FLCB,252,1.0,True
FLCC,252,1.0,True
FLCG,252,1.0,True
FLCH,252,1.0,True
FLCO,252,1.0,True
FLCV,252,1.0,True
FLD,252,1.0,True
FLDR,252,1.0,True
FLG,252,1.0,True
FLGB,252,1.0,True
FLGR,252,1.0,True
FLGT,252,1.0,True
FLGV,252,1.0,True
FLHY,252,1.0,True
FLIA,252,1.0,True
FLIN,252,1.0,True
FLJH,252,1.0,True
FLJP,252,1.0,True
FLKR,252,1.0,True
FLL,252,1.0,True
FLLA,252,1.0,True
FLMI,252,1.0,True
FLMX,252,1.0,True
FLN,252,1.0,True
FLNA,252,1.0,True
FLNC,252,1.0,True
FLO,252,1.0,True
FLOC,252,1.0,True
FLOT,252,1.0,True
FLQL,252,1.0,True
FLQM,252,1.0,True
FLQS,252,1.0,True
FLR,252,1.0,True
FLRG,252,1.0,True
FLRN,252,1.0,True
FLRT,252,1.0,True
FLS,252,1.0,True
FLSP,252,1.0,True
FLTB,252,1.0,True
FLTR,252,1.0,True
FLUD,252,1.0,True
FLUX,252,1.0,True
FLV,252,1.0,True
FLWS,252,1.0,True
FLX,252,1.0,True
FLXR,252,1.0,True
FLXS,252,1.0,True
FLY,162,0.6428571428571429,False
FLYE,252,1.0,True
FLYW,252,1.0,True
FLYX,252,1.0,True
FMAG,252,1.0,True
FMAO,252,1.0,True
FMAR,252,1.0,True
FMAT,252,1.0,True
FMAY,252,1.0,True
FMB,252,1.0,True
FMBH,252,1.0,True
FMC,252,1.0,True
FMDE,252,1.0,True
FMF,252,1.0,True
FMHI,252,1.0,True
FMN,252,1.0,True
FMNB,252,1.0,True
FMNY,252,1.0,True
FMS,252,1.0,True
FMUB,246,0.9761904761904762,True
FMX,252,1.0,True
FMY,252,1.0,True
FNB,252,1.0,True
FNCL,252,1.0,True
FND,252,1.0,True
FNDA,252,1.0,True
FNDB,252,1.0,True
FNDC,252,1.0,True
FNDE,252,1.0,True
FNDF,252,1.0,True
FNDX,252,1.0,True
FNF,252,1.0,True
FNGG,252,1.0,True
FNGS,252,1.0,True
FNGU,252,1.0,True
FNK,252,1.0,True
FNKO,252,1.0,True
FNLC,252,1.0,True
FNOV,252,1.0,True
FNUC,252,1.0,True
FNV,252,1.0,True
FNWB,252,1.0,True
FNWD,252,1.0,True
FNX,252,1.0,True
FNY,252,1.0,True
FOA,252,1.0,True
FOCT,252,1.0,True
FOR,252,1.0,True
FORM,252,1.0,True
FORR,252,1.0,True
FOSL,252,1.0,True
FOUR,252,1.0,True
FOX,252,1.0,True
FOXA,252,1.0,True
FOXF,252,1.0,True
FOXY,252,1.0,True
FPAG,252,1.0,True
FPE,252,1.0,True
FPEI,252,1.0,True
FPF,252,1.0,True
FPFD,252,1.0,True
FPH,252,1.0,True
FPI,252,1.0,True
FPRO,252,1.0,True
FPS,37,0.14682539682539683,False
FPURX,252,1.0,True
FPWR,252,1.0,True
FPX,252,1.0,True
FPXI,252,1.0,True
FQAL,252,1.0,True
FR,252,1.0,True
FRAF,252,1.0,True
FRBA,252,1.0,True
FRD,252,1.0,True
FRDM,252,1.0,True
FREL,252,1.0,True
FRHC,252,1.0,True
FRI,252,1.0,True
FRME,252,1.0,True
FRMI,124,0.49206349206349204,False
FRNW,252,1.0,True
FRPH,252,1.0,True
FRPT,252,1.0,True
FRSH,252,1.0,True
FRST,252,1.0,True
FRT,252,1.0,True
FRTY,252,1.0,True
FSBC,252,1.0,True
FSBW,252,1.0,True
FSCO,252,1.0,True
FSCS,252,1.0,True
FSEA,252,1.0,True
FSEC,252,1.0,True
FSEP,252,1.0,True
FSGS,252,1.0,True
FSI,252,1.0,True
FSIG,252,1.0,True
FSK,252,1.0,True
FSLR,252,1.0,True
FSLY,252,1.0,True
FSM,252,1.0,True
FSMB,252,1.0,True
FSMD,252,1.0,True
FSOL,90,0.35714285714285715,False
FSP,252,1.0,True
FSPSX,252,1.0,True
FSS,252,1.0,True
FSSL,93,0.36904761904761907,False
FSTA,252,1.0,True
FSTR,252,1.0,True
FSUN,252,1.0,True
FSV,252,1.0,True
FSZ,252,1.0,True
FT,252,1.0,True
FTA,252,1.0,True
FTAG,252,1.0,True
FTBD,252,1.0,True
FTC,252,1.0,True
FTCA,106,0.42063492063492064,False
FTCB,252,1.0,True
FTCI,252,1.0,True
FTCS,252,1.0,True
FTDR,252,1.0,True
FTDS,252,1.0,True
FTEC,252,1.0,True
FTEK,252,1.0,True
FTF,252,1.0,True
FTGC,252,1.0,True
FTGS,252,1.0,True
FTH,252,1.0,True
FTHI,252,1.0,True
FTHM,252,1.0,True
FTHY,252,1.0,True
FTK,252,1.0,True
FTLF,252,1.0,True
FTLS,252,1.0,True
FTMA,95,0.376984126984127,False
FTMH,106,0.42063492063492064,False
FTMN,96,0.38095238095238093,False
FTMS,106,0.42063492063492064,False
FTMU,106,0.42063492063492064,False
FTNJ,96,0.38095238095238093,False
FTNT,252,1.0,True
FTNY,106,0.42063492063492064,False
FTOH,96,0.38095238095238093,False
FTPA,96,0.38095238095238093,False
FTQI,252,1.0,True
FTRB,252,1.0,True
FTRE,252,1.0,True
FTRI,252,1.0,True
FTS,252,1.0,True
FTSD,252,1.0,True
FTSL,252,1.0,True
FTSM,252,1.0,True
FTV,252,1.0,True
FTWO,252,1.0,True
FTXG,252,1.0,True
FTXH,252,1.0,True
FTXL,252,1.0,True
FTXN,252,1.0,True
FTXO,252,1.0,True
FTXR,252,1.0,True
FUBO,252,1.0,True
FUL,252,1.0,True
FULC,252,1.0,True
FULT,252,1.0,True
FUMB,252,1.0,True
FUN,252,1.0,True
FUNC,252,1.0,True
FUND,252,1.0,True
FURY,252,1.0,True
FUSB,252,1.0,True
FUTU,252,1.0,True
FUTY,252,1.0,True
FV,252,1.0,True
FVAL,252,1.0,True
FVC,252,1.0,True
FVCB,252,1.0,True
FVD,252,1.0,True
FVR,252,1.0,True
FWD,252,1.0,True
FWDI,252,1.0,True
FWONA,252,1.0,True
FWONK,252,1.0,True
FWRD,252,1.0,True
FWRG,252,1.0,True
FXA,252,1.0,True
FXD,252,1.0,True
FXE,252,1.0,True
FXF,252,1.0,True
FXG,252,1.0,True
FXH,252,1.0,True
FXI,252,1.0,True
FXL,252,1.0,True
FXN,252,1.0,True
FXNC,252,1.0,True
FXO,252,1.0,True
FXR,252,1.0,True
FXU,252,1.0,True
FXY,252,1.0,True
FXZ,252,1.0,True
FYC,252,1.0,True
FYLD,252,1.0,True
FYT,252,1.0,True
FYX,252,1.0,True
GAA,252,1.0,True
GAB,252,1.0,True
GAB-R,0,0.0,False
GABC,252,1.0,True
GAIA,252,1.0,True
GAIN,252,1.0,True
GAL,252,1.0,True
GALT,252,1.0,True
GAM,252,1.0,True
GANX,252,1.0,True
GAP,252,1.0,True
GAPR,252,1.0,True
GARP,252,1.0,True
GATX,252,1.0,True
GAU,252,1.0,True
GAUG,252,1.0,True
GBAB,252,1.0,True
GBCI,252,1.0,True
GBDC,252,1.0,True
GBFH,252,1.0,True
GBIL,252,1.0,True
GBLI,252,1.0,True
GBTC,252,1.0,True
GBTG,252,1.0,True
GBUG,252,1.0,True
GBX,252,1.0,True
GCBC,252,1.0,True
GCC,252,1.0,True
GCMG,252,1.0,True
GCO,252,1.0,True
GCOR,252,1.0,True
GCOW,252,1.0,True
GCTS,252,1.0,True
GCV,252,1.0,True
GD,252,1.0,True
GDDY,252,1.0,True
GDE,252,1.0,True
GDEC,252,1.0,True
GDEN,0,0.0,False
GDIV,252,1.0,True
GDMN,252,1.0,True
GDO,252,1.0,True
GDOC,252,1.0,True
GDOG,86,0.3412698412698413,False
GDOT,252,1.0,True
GDRX,252,1.0,True
GDS,252,1.0,True
GDX,252,1.0,True
GDXD,252,1.0,True
GDXJ,252,1.0,True
GDXW,103,0.4087301587301587,False
GDXY,252,1.0,True
GDYN,252,1.0,True
GE,252,1.0,True
GEF,252,1.0,True
GEF/B,0,0.0,False
GEG,252,1.0,True
GEHC,252,1.0,True
GEL,252,1.0,True
GEM,252,1.0,True
GEMI,137,0.5436507936507936,False
GEN,252,1.0,True
GENB,22,0.0873015873015873,False
GENC,252,1.0,True
GENVR,237,0.9404761904761905,True
GEO,252,1.0,True
GEOS,252,1.0,True
GERN,252,1.0,True
GETY,252,1.0,True
GEV,252,1.0,True
GEVG,71,0.28174603174603174,False
GEVO,252,1.0,True
GEVX,181,0.7182539682539683,False
GEW,129,0.5119047619047619,False
GF,252,1.0,True
GFEB,252,1.0,True
GFF,252,1.0,True
GFI,252,1.0,True
GFL,252,1.0,True
GFLW,252,1.0,True
GFR,252,1.0,True
GGAL,252,1.0,True
GGB,252,1.0,True
GGG,252,1.0,True
GGLL,252,1.0,True
GGME,252,1.0,True
GGN,252,1.0,True
GGT,252,1.0,True
GGUS,252,1.0,True
GGZ,252,1.0,True
GH,252,1.0,True
GHC,252,1.0,True
GHG,252,1.0,True
GHI,252,1.0,True
GHM,252,1.0,True
GHY,252,1.0,True
GHYB,252,1.0,True
GHYG,252,1.0,True
GIB,252,1.0,True
GIC,252,1.0,True
GIGB,252,1.0,True
GII,252,1.0,True
GIII,252,1.0,True
GIL,252,1.0,True
GILD,252,1.0,True
GINN,252,1.0,True
GIS,252,1.0,True
GJAN,252,1.0,True
GJUL,252,1.0,True
GJUN,252,1.0,True
GKOS,252,1.0,True
GL,252,1.0,True
GLAD,252,1.0,True
GLD,252,1.0,True
GLDD,0,0.0,False
GLDG,252,1.0,True
GLDM,252,1.0,True
GLGG,152,0.6031746031746031,False
GLIBA,181,0.7182539682539683,False
GLIBK,181,0.7182539682539683,False
GLIN,252,1.0,True
GLL,252,1.0,True
GLNK,252,1.0,True
GLO,252,1.0,True
GLOF,252,1.0,True
GLOO,90,0.35714285714285715,False
GLOW,252,1.0,True
GLP,252,1.0,True
GLPI,252,1.0,True
GLRY,252,1.0,True
GLSI,252,1.0,True
GLTR,252,1.0,True
GLU,252,1.0,True
GLUE,252,1.0,True
GLV,252,1.0,True
GLW,252,1.0,True
GLXY,218,0.8650793650793651,False
GM,252,1.0,True
GMAB,252,1.0,True
GMAR,252,1.0,True
GMAY,252,1.0,True
GME,252,1.0,True
GME/WS,0,0.0,False
GMED,252,1.0,True
GMEU,234,0.9285714285714286,True
GMF,252,1.0,True
GMOM,252,1.0,True
GNE,252,1.0,True
GNL,252,1.0,True
GNLX,252,1.0,True
GNMA,252,1.0,True
GNOM,252,1.0,True
GNOV,252,1.0,True
GNR,252,1.0,True
GNRC,252,1.0,True
GNSS,252,1.0,True
GNT,252,1.0,True
GNTX,252,1.0,True
GNW,252,1.0,True
GO,252,1.0,True
GOAU,252,1.0,True
GOCT,252,1.0,True
GOEX,252,1.0,True
GOF,252,1.0,True
GOGO,252,1.0,True
GOLD,252,1.0,True
GOLF,252,1.0,True
GOLY,252,1.0,True
GOOD,252,1.0,True
GOOG,252,1.0,True
GOOGL,252,1.0,True
GOOP,252,1.0,True
GOOS,252,1.0,True
GOOW,172,0.6825396825396826,False
GOP,252,1.0,True
GOSS,252,1.0,True
GOTU,252,1.0,True
GOVI,252,1.0,True
GOVT,252,1.0,True
GOVZUSD,0,0.0,False
GPC,252,1.0,True
GPCR,252,1.0,True
GPGI,252,1.0,True
GPI,252,1.0,True
GPIQ,252,1.0,True
GPIX,252,1.0,True
GPK,252,1.0,True
GPMT,252,1.0,True
GPN,252,1.0,True
GPOR,252,1.0,True
GPRE,252,1.0,True
GPRO,252,1.0,True
GPT,252,1.0,True
GPZ,205,0.8134920634920635,False
GQGU,180,0.7142857142857143,False
GQI,252,1.0,True
GRAL,252,1.0,True
GRBK,252,1.0,True
GRC,252,1.0,True
GRCE,252,1.0,True
GRDN,252,1.0,True
GRDX,252,1.0,True
GREK,252,1.0,True
GRFS,252,1.0,True
GRID,252,1.0,True
GRIN,191,0.7579365079365079,False
GRNB,252,1.0,True
GRND,252,1.0,True
GRNT,252,1.0,True
GRNY,252,1.0,True
GRO,252,1.0,True
GROV,252,1.0,True
GROW,252,1.0,True
GROY,252,1.0,True
GRPM,252,1.0,True
GRPN,252,1.0,True
GRVY,252,1.0,True
GRW,252,1.0,True
GRWG,252,1.0,True
GRX,252,1.0,True
GS,252,1.0,True
GSAT,252,1.0,True
GSBC,252,1.0,True
GSBD,252,1.0,True
GSEP,252,1.0,True
GSEU,252,1.0,True
GSEW,252,1.0,True
GSG,252,1.0,True
GSGO,91,0.3611111111111111,False
GSHD,252,1.0,True
GSIE,252,1.0,True
GSIT,252,1.0,True
GSK,252,1.0,True
GSLC,252,1.0,True
GSOL,252,1.0,True
GSSC,252,1.0,True
GSST,252,1.0,True
GSUS,252,1.0,True
GSWO,252,1.0,True
GSY,252,1.0,True
GT,252,1.0,True
GTE,252,1.0,True
GTEK,252,1.0,True
GTIM,252,1.0,True
GTIP,252,1.0,True
GTLB,252,1.0,True
GTM,252,1.0,True
GTN,252,1.0,True
GTN/A,0,0.0,False
GTO,252,1.0,True
GTOP,77,0.3055555555555556,False
GTX,252,1.0,True
GTY,252,1.0,True
GUG,252,1.0,True
GUNR,252,1.0,True
GURU,252,1.0,True
GUSE,91,0.3611111111111111,False
GUSH,252,1.0,True
GUT,252,1.0,True
GUTS,252,1.0,True
GVA,252,1.0,True
GVAL,252,1.0,True
GVI,252,1.0,True
GVIP,252,1.0,True
GVUS,252,1.0,True
GWAV,252,1.0,True
GWH,252,1.0,True
GWRE,252,1.0,True
GWRS,252,1.0,True
GWW,252,1.0,True
GWX,252,1.0,True
GXAI,252,1.0,True
GXO,252,1.0,True
GYLD,252,1.0,True
GYRE,252,1.0,True
GYRO,252,1.0,True
H,252,1.0,True
HA7,0,0.0,False
HACK,252,1.0,True
HAE,252,1.0,True
HAFC,252,1.0,True
HAIL,252,1.0,True
HAIN,252,1.0,True
HAL,252,1.0,True
HALO,252,1.0,True
HAP,252,1.0,True
HAPI,252,1.0,True
HAPN,252,1.0,True
HARD,252,1.0,True
HAS,252,1.0,True
HASI,252,1.0,True
HAUZ,252,1.0,True
HAWX,252,1.0,True
HAYW,252,1.0,True
HBAN,252,1.0,True
HBB,252,1.0,True
HBCP,252,1.0,True
HBIO,252,1.0,True
HBM,252,1.0,True
HBNC,252,1.0,True
HBR,105,0.4166666666666667,False
HBT,252,1.0,True
HCA,252,1.0,True
HCAT,252,1.0,True
HCC,252,1.0,True
HCI,252,1.0,True
HCKT,252,1.0,True
HCM,252,1.0,True
HCMT,252,1.0,True
HCRB,252,1.0,True
HCSG,252,1.0,True
HD,252,1.0,True
HDB,252,1.0,True
HDEF,252,1.0,True
HDG,252,1.0,True
HDGE,252,1.0,True
HDPSX,0,0.0,False
HDSN,252,1.0,True
HDUS,252,1.0,True
HDV,252,1.0,True
HE,252,1.0,True
HEAL,252,1.0,True
HEDG,116,0.4603174603174603,False
HEDJ,252,1.0,True
HEEM,252,1.0,True
HEFA,252,1.0,True
HEFT,87,0.34523809523809523,False
HEGD,252,1.0,True
HEI,252,1.0,True
HEI/A,0,0.0,False
HELO,252,1.0,True
HEQ,252,1.0,True
HEQT,252,1.0,True
HERD,252,1.0,True
HERE,252,1.0,True
HERO,252,1.0,True
HESM,252,1.0,True
HEWJ,252,1.0,True
HEZU,252,1.0,True
HFBL,252,1.0,True
HFFG,252,1.0,True
HFGO,252,1.0,True
HFRO,252,1.0,True
HFSI,252,1.0,True
HFWA,252,1.0,True
HFXI,252,1.0,True
HGBL,252,1.0,True
HGER,252,1.0,True
HGLB,252,1.0,True
HGRO,201,0.7976190476190477,False
HGTY,252,1.0,True
HGV,252,1.0,True
HHH,252,1.0,True
HHS,252,1.0,True
HIBL,252,1.0,True
HIBS,252,1.0,True
HIDV,252,1.0,True
HIFS,252,1.0,True
HIG,252,1.0,True
HIGH,252,1.0,True
HII,252,1.0,True
HIMS,252,1.0,True
HIMU,252,1.0,True
HIMX,252,1.0,True
HIMZ,252,1.0,True
HIO,252,1.0,True
HIPO,252,1.0,True
HIPS,252,1.0,True
HISF,252,1.0,True
HITI,252,1.0,True
HIVE,252,1.0,True
HIW,252,1.0,True
HIX,252,1.0,True
HKD,252,1.0,True
HL,252,1.0,True
HLAL,252,1.0,True
HLI,252,1.0,True
HLIO,252,1.0,True
HLIT,252,1.0,True
HLLY,252,1.0,True
HLMN,252,1.0,True
HLN,252,1.0,True
HLNE,252,1.0,True
HLT,252,1.0,True
HLX,252,1.0,True
HMC,252,1.0,True
HMN,252,1.0,True
HMOP,252,1.0,True
HMY,252,1.0,True
HNDL,252,1.0,True
HNGE,214,0.8492063492063492,False
HNI,252,1.0,True
HNNA,252,1.0,True
HNRG,252,1.0,True
HNST,252,1.0,True
HNVR,252,1.0,True
HO1,0,0.0,False
HODL,252,1.0,True
HOFT,252,1.0,True
HOG,252,1.0,True
HOLA,180,0.7142857142857143,False
HOLD,157,0.623015873015873,False
HOMB,252,1.0,True
HONGBP,0,0.0,False
HOOD,252,1.0,True
HOOG,252,1.0,True
HOOW,196,0.7777777777777778,False
HOOY,224,0.8888888888888888,False
HOPE,252,1.0,True
HOV,252,1.0,True
HOVR,252,1.0,True
HOWL,252,1.0,True
HP,252,1.0,True
HPE,252,1.0,True
HPF,252,1.0,True
HPI,252,1.0,True
HPK,252,1.0,True
HPP,252,1.0,True
HPQ,252,1.0,True
HPS,252,1.0,True
HQH,252,1.0,True
HQI,252,1.0,True
HQL,252,1.0,True
HQY,252,1.0,True
HR,252,1.0,True
HRB,252,1.0,True
HRI,252,1.0,True
HRL,252,1.0,True
HRMY,252,1.0,True
HROW,252,1.0,True
HRTG,252,1.0,True
HRTS,252,1.0,True
HRTX,252,1.0,True
HRZN,252,1.0,True
HSAI,252,1.0,True
HSBC,252,1.0,True
HSCZ,252,1.0,True
HSDT,252,1.0,True
HSIC,252,1.0,True
HSLV,14,0.05555555555555555,False
HST,252,1.0,True
HSTM,252,1.0,True
HSY,252,1.0,True
HTAB,252,1.0,True
HTB,252,1.0,True
HTD,252,1.0,True
HTEC,252,1.0,True
HTFL,160,0.6349206349206349,False
HTGC,252,1.0,True
HTH,252,1.0,True
HTHT,252,1.0,True
HTLD,252,1.0,True
HTO,252,1.0,True
HTRB,252,1.0,True
HTT,252,1.0,True
HTZ,252,1.0,True
HTZWW,0,0.0,False
HUBB,252,1.0,True
HUBG,252,1.0,True
HUBS,252,1.0,True
HUM,252,1.0,True
HUMA,252,1.0,True
HUMN,191,0.7579365079365079,False
HUN,252,1.0,True
HURA,252,1.0,True
HURC,252,1.0,True
HURN,252,1.0,True
HUSV,252,1.0,True
HUT,252,1.0,True
HUYA,252,1.0,True
HVAC,252,1.0,True
HVT,252,1.0,True
HWBK,252,1.0,True
HWC,252,1.0,True
HWKN,252,1.0,True
HWM,252,1.0,True
HXL,252,1.0,True
HY,252,1.0,True
HYBB,252,1.0,True
HYBI,252,1.0,True
HYBL,252,1.0,True
HYD,252,1.0,True
HYDB,252,1.0,True
HYDR,252,1.0,True
HYEM,252,1.0,True
HYFI,252,1.0,True
HYFM,252,1.0,True
HYFT,252,1.0,True
HYG,252,1.0,True
HYGH,252,1.0,True
HYGV,252,1.0,True
HYGW,252,1.0,True
HYHG,252,1.0,True
HYI,252,1.0,True
HYLB,252,1.0,True
HYLN,252,1.0,True
HYLS,252,1.0,True
HYMB,252,1.0,True
HYMC,252,1.0,True
HYNE,79,0.3134920634920635,False
HYPD,252,1.0,True
HYPR,252,1.0,True
HYS,252,1.0,True
HYSA,252,1.0,True
HYT,252,1.0,True
HYTR,252,1.0,True
HYXF,252,1.0,True
HYZD,252,1.0,True
HZO,252,1.0,True
IA,252,1.0,True
IAE,252,1.0,True
IAF,252,1.0,True
IAG,252,1.0,True
IAGG,252,1.0,True
IAI,252,1.0,True
IAK,252,1.0,True
IAPR,252,1.0,True
IART,252,1.0,True
IAT,252,1.0,True
IAU,252,1.0,True
IAUI,205,0.8134920634920635,False
IAUM,252,1.0,True
IAUX,252,1.0,True
IBB,252,1.0,True
IBBQ,252,1.0,True
IBCA,252,1.0,True
IBCP,252,1.0,True
IBD,252,1.0,True
IBDR,252,1.0,True
IBDS,252,1.0,True
IBDT,252,1.0,True
IBDU,252,1.0,True
IBDV,252,1.0,True
IBDW,252,1.0,True
IBDX,252,1.0,True
IBDY,252,1.0,True
IBDZ,252,1.0,True
IBGB,252,1.0,True
IBGK,252,1.0,True
IBGL,245,0.9722222222222222,True
IBHF,252,1.0,True
IBHG,252,1.0,True
IBHH,252,1.0,True
IBHI,252,1.0,True
IBHJ,252,1.0,True
IBHK,252,1.0,True
IBIC,252,1.0,True
IBID,252,1.0,True
IBIE,252,1.0,True
IBIF,252,1.0,True
IBIG,252,1.0,True
IBIH,252,1.0,True
IBII,252,1.0,True
IBIJ,252,1.0,True
IBIK,252,1.0,True
IBIL,252,1.0,True
IBIT,252,1.0,True
IBKR,252,1.0,True
IBLC,252,1.0,True
IBM,252,1.0,True
IBMO,252,1.0,True
IBMP,252,1.0,True
IBMQ,252,1.0,True
IBMR,252,1.0,True
IBMS,252,1.0,True
IBMT,252,1.0,True
IBN,252,1.0,True
IBND,252,1.0,True
IBO,252,1.0,True
IBOC,252,1.0,True
IBP,252,1.0,True
IBRN,252,1.0,True
IBRX,252,1.0,True
IBTA,252,1.0,True
IBTG,252,1.0,True
IBTH,252,1.0,True
IBTI,252,1.0,True
IBTJ,252,1.0,True
IBTK,252,1.0,True
IBTL,252,1.0,True
IBTM,252,1.0,True
IBTO,252,1.0,True
IBTP,252,1.0,True
IBTQ,252,1.0,True
IBUF,252,1.0,True
IBUY,252,1.0,True
ICAP,252,1.0,True
ICCC,252,1.0,True
ICE,252,1.0,True
ICF,252,1.0,True
ICFI,252,1.0,True
ICLN,252,1.0,True
ICMB,252,1.0,True
ICOP,252,1.0,True
ICOW,252,1.0,True
ICSH,252,1.0,True
ICU,252,1.0,True
ICUI,252,1.0,True
ICVT,252,1.0,True
IDA,252,1.0,True
IDCC,252,1.0,True
IDE,252,1.0,True
IDEF,215,0.8531746031746031,False
IDEQ,222,0.8809523809523809,False
IDEV,252,1.0,True
IDGT,252,1.0,True
IDHQ,252,1.0,True
IDLV,252,1.0,True
IDMO,252,1.0,True
IDN,252,1.0,True
IDNA,252,1.0,True
IDOG,252,1.0,True
IDR,252,1.0,True
IDRV,252,1.0,True
IDT,252,1.0,True
IDU,252,1.0,True
IDV,252,1.0,True
IDVO,252,1.0,True
IDXX,252,1.0,True
IDYA,252,1.0,True
IE,252,1.0,True
IEF,252,1.0,True
IEFA,252,1.0,True
IEI,252,1.0,True
IEMG,252,1.0,True
IEO,252,1.0,True
IEP,252,1.0,True
IESC,252,1.0,True
IETC,252,1.0,True
IEUR,252,1.0,True
IEUS,252,1.0,True
IEV,252,1.0,True
IEX,252,1.0,True
IEZ,252,1.0,True
IFEB,252,1.0,True
IFF,252,1.0,True
IFGL,252,1.0,True
IFLN,252,1.0,True
IFLO,191,0.7579365079365079,False
IFLR,88,0.3492063492063492,False
IFN,252,1.0,True
IFRA,252,1.0,True
IFV,252,1.0,True
IG,252,1.0,True
IGA,252,1.0,True
IGBH,252,1.0,True
IGC,252,1.0,True
IGE,252,1.0,True
IGEB,252,1.0,True
IGF,252,1.0,True
IGGY,133,0.5277777777777778,False
IGHG,252,1.0,True
IGI,252,1.0,True
IGIB,252,1.0,True
IGLB,252,1.0,True
IGLD,252,1.0,True
IGM,252,1.0,True
IGOV,252,1.0,True
IGPT,252,1.0,True
IGR,252,1.0,True
IGRO,252,1.0,True
IGSB,252,1.0,True
IGV,252,1.0,True
IHAK,252,1.0,True
IHD,252,1.0,True
IHDG,252,1.0,True
IHE,252,1.0,True
IHF,252,1.0,True
IHG,252,1.0,True
IHI,252,1.0,True
IHRT,252,1.0,True
IHT,252,1.0,True
IHY,252,1.0,True
III,252,1.0,True
IIIN,252,1.0,True
IIIV,252,1.0,True
IIM,252,1.0,True
IIPR,252,1.0,True
IJAN,252,1.0,True
IJH,252,1.0,True
IJJ,252,1.0,True
IJK,252,1.0,True
IJR,252,1.0,True
IJS,252,1.0,True
IJT,252,1.0,True
IJUL,252,1.0,True
IJUN,252,1.0,True
IKT,252,1.0,True
ILCB,252,1.0,True
ILCG,252,1.0,True
ILCV,252,1.0,True
ILDR,252,1.0,True
ILF,252,1.0,True
ILIT,252,1.0,True
ILMN,252,1.0,True
ILOW,252,1.0,True
ILPT,252,1.0,True
ILTB,252,1.0,True
IMA,252,1.0,True
IMAR,252,1.0,True
IMAX,252,1.0,True
IMAY,252,1.0,True
IMCB,252,1.0,True
IMCG,252,1.0,True
IMCR,252,1.0,True
IMCV,252,1.0,True
IMFL,252,1.0,True
IMKTA,252,1.0,True
IMMR,252,1.0,True
IMMX,252,1.0,True
IMNM,252,1.0,True
IMO,252,1.0,True
IMOM,252,1.0,True
IMOS,252,1.0,True
IMRX,252,1.0,True
IMSR,252,1.0,True
IMTB,252,1.0,True
IMTM,252,1.0,True
IMVP,252,1.0,True
IMVT,252,1.0,True
IMXI,252,1.0,True
INBK,252,1.0,True
INBX,252,1.0,True
INCE,252,1.0,True
INCM,252,1.0,True
INCO,252,1.0,True
INCY,252,1.0,True
INDA,252,1.0,True
INDB,252,1.0,True
INDI,252,1.0,True
INDP,252,1.0,True
INDS,252,1.0,True
INDV,252,1.0,True
INDY,252,1.0,True
INFL,252,1.0,True
INFQ,30,0.11904761904761904,False
INFU,252,1.0,True
INFY,252,1.0,True
ING,252,1.0,True
INGM,252,1.0,True
INGN,252,1.0,True
INGR,252,1.0,True
INKM,252,1.0,True
INKT,252,1.0,True
INMB,252,1.0,True
INMU,252,1.0,True
INN,252,1.0,True
INNV,252,1.0,True
INO,252,1.0,True
INOD,252,1.0,True
INOV,252,1.0,True
INQQ,252,1.0,True
INR,252,1.0,True
INSE,252,1.0,True
INSG,252,1.0,True
INSM,252,1.0,True
INSP,252,1.0,True
INTA,252,1.0,True
INTC,252,1.0,True
INTF,252,1.0,True
INTL,252,1.0,True
INTT,252,1.0,True
INTU,252,1.0,True
INTW,252,1.0,True
INUV,252,1.0,True
INV,252,1.0,True
INVA,252,1.0,True
INVE,252,1.0,True
INVH,252,1.0,True
INVX,252,1.0,True
IOCT,252,1.0,True
ION,252,1.0,True
IONL,252,1.0,True
IONQ,252,1.0,True
IONS,252,1.0,True
IONX,252,1.0,True
IONZ,193,0.7658730158730159,False
IOO,252,1.0,True
IOSP,252,1.0,True
IOT,252,1.0,True
IOVA,252,1.0,True
IP,252,1.0,True
IPAC,252,1.0,True
IPAR,252,1.0,True
IPAY,252,1.0,True
IPGP,252,1.0,True
IPI,252,1.0,True
IPKW,252,1.0,True
IPM,252,1.0,True
IPO,252,1.0,True
IPSC,252,1.0,True
IQ,252,1.0,True
IQDF,252,1.0,True
IQDG,252,1.0,True
IQDY,252,1.0,True
IQHI,252,1.0,True
IQI,252,1.0,True
IQLT,252,1.0,True
IQM,252,1.0,True
IQQQ,252,1.0,True
IQSI,252,1.0,True
IQSM,252,1.0,True
IQSU,252,1.0,True
IQV,252,1.0,True
IR,252,1.0,True
IRD,252,1.0,True
IRDM,252,1.0,True
IRE,110,0.4365079365079365,False
IRIX,252,1.0,True
IRM,252,1.0,True
IRMD,252,1.0,True
IRON,252,1.0,True
IRS,252,1.0,True
IRT,252,1.0,True
IRTC,252,1.0,True
IRWD,252,1.0,True
ISBA,252,1.0,True
ISCB,252,1.0,True
ISCF,252,1.0,True
ISCG,252,1.0,True
ISCV,252,1.0,True
ISD,252,1.0,True
ISEP,252,1.0,True
ISHG,252,1.0,True
ISMD,252,1.0,True
ISPR,252,1.0,True
ISPY,252,1.0,True
ISRA,252,1.0,True
ISRG,252,1.0,True
ISTB,252,1.0,True
ISTR,252,1.0,True
ISVL,252,1.0,True
IT,252,1.0,True
ITA,252,1.0,True
ITB,252,1.0,True
ITEQ,252,1.0,True
ITGR,252,1.0,True
ITIC,252,1.0,True
ITM,252,1.0,True
ITOT,252,1.0,True
ITRG,252,1.0,True
ITRI,252,1.0,True
ITT,252,1.0,True
ITUB,252,1.0,True
ITW,252,1.0,True
ITWO,252,1.0,True
IUS,252,1.0,True
IUSB,252,1.0,True
IUSG,252,1.0,True
IUSV,252,1.0,True
IVAL,252,1.0,True
IVE,252,1.0,True
IVES,206,0.8174603174603174,False
IVLU,252,1.0,True
IVOG,252,1.0,True
IVOL,252,1.0,True
IVOO,252,1.0,True
IVOV,252,1.0,True
IVR,252,1.0,True
IVT,252,1.0,True
IVV,252,1.0,True
IVVB,252,1.0,True
IVVD,252,1.0,True
IVVM,252,1.0,True
IVVW,252,1.0,True
IVW,252,1.0,True
IWB,252,1.0,True
IWC,252,1.0,True
IWD,252,1.0,True
IWF,252,1.0,True
IWFG,252,1.0,True
IWL,252,1.0,True
IWLG,252,1.0,True
IWM,252,1.0,True
IWMI,252,1.0,True
IWN,252,1.0,True
IWO,252,1.0,True
IWP,252,1.0,True
IWR,252,1.0,True
IWS,252,1.0,True
IWV,252,1.0,True
IWX,252,1.0,True
IWY,252,1.0,True
IX,252,1.0,True
IXC,252,1.0,True
IXG,252,1.0,True
IXJ,252,1.0,True
IXN,252,1.0,True
IXP,252,1.0,True
IXUS,252,1.0,True
IYC,252,1.0,True
IYE,252,1.0,True
IYF,252,1.0,True
IYG,252,1.0,True
IYH,252,1.0,True
IYJ,252,1.0,True
IYK,252,1.0,True
IYLD,252,1.0,True
IYM,252,1.0,True
IYR,252,1.0,True
IYRI,252,1.0,True
IYT,252,1.0,True
IYW,252,1.0,True
IYY,252,1.0,True
IYZ,252,1.0,True
IZEA,252,1.0,True
IZRL,252,1.0,True
J,252,1.0,True
JAAA,252,1.0,True
JACK,252,1.0,True
JADE,252,1.0,True
JAJL,252,1.0,True
JAKK,252,1.0,True
JAN,7,0.027777777777777776,False
JANM,252,1.0,True
JANP,252,1.0,True
JANT,252,1.0,True
JANU,252,1.0,True
JANW,252,1.0,True
JANX,252,1.0,True
JAVA,252,1.0,True
JBBB,252,1.0,True
JBGS,252,1.0,True
JBHT,252,1.0,True
JBI,252,1.0,True
JBIO,252,1.0,True
JBL,252,1.0,True
JBLU,252,1.0,True
JBND,252,1.0,True
JBSS,252,1.0,True
JBTM,252,1.0,True
JCAP,191,0.7579365079365079,False
JCE,252,1.0,True
JCPB,252,1.0,True
JCPI,252,1.0,True
JCTC,252,1.0,True
JD,252,1.0,True
JDST,252,1.0,True
JEDI,127,0.503968253968254,False
JEF,252,1.0,True
JELD,252,1.0,True
JEMA,252,1.0,True
JEPI,252,1.0,True
JEPQ,252,1.0,True
JETS,252,1.0,True
JFB,252,1.0,True
JFIN,252,1.0,True
JFLI,252,1.0,True
JFLX,126,0.5,False
JFR,252,1.0,True
JGH,252,1.0,True
JGLO,252,1.0,True
JGRO,252,1.0,True
JHCB,252,1.0,True
JHEM,252,1.0,True
JHHY,252,1.0,True
JHMD,252,1.0,True
JHML,252,1.0,True
JHMM,252,1.0,True
JHPI,252,1.0,True
JHS,252,1.0,True
JHSC,252,1.0,True
JIG,252,1.0,True
JIII,252,1.0,True
JILL,252,1.0,True
JIRE,252,1.0,True
JIVE,252,1.0,True
JJSF,252,1.0,True
JKHY,252,1.0,True
JKS,252,1.0,True
JLL,252,1.0,True
JLS,252,1.0,True
JMBS,252,1.0,True
JMEE,252,1.0,True
JMHI,252,1.0,True
JMIA,252,1.0,True
JMM,252,1.0,True
JMOM,252,1.0,True
JMSB,252,1.0,True
JMSI,252,1.0,True
JMST,252,1.0,True
JMTG,189,0.75,False
JMUB,252,1.0,True
JNJ,252,1.0,True
JNK,252,1.0,True
JOB,252,1.0,True
JOE,252,1.0,True
JOET,252,1.0,True
JOF,252,1.0,True
JOUT,252,1.0,True
JOYT,154,0.6111111111111112,False
JOYY,252,1.0,True
JPC,252,1.0,True
JPEF,252,1.0,True
JPEM,252,1.0,True
JPHY,192,0.7619047619047619,False
JPIB,252,1.0,True
JPIE,252,1.0,True
JPIN,252,1.0,True
JPLD,252,1.0,True
JPM,252,1.0,True
JPMB,252,1.0,True
JPME,252,1.0,True
JPRE,252,1.0,True
JPSE,252,1.0,True
JPST,252,1.0,True
JPUS,252,1.0,True
JPXN,252,1.0,True
JQUA,252,1.0,True
JRI,252,1.0,True
JRS,252,1.0,True
JRSH,252,1.0,True
JRVR,252,1.0,True
JSCP,252,1.0,True
JSI,252,1.0,True
JSMD,252,1.0,True
JSML,252,1.0,True
JSPR,252,1.0,True
JSTC,252,1.0,True
JTEK,252,1.0,True
JULH,252,1.0,True
JULJ,252,1.0,True
JULM,252,1.0,True
JULT,252,1.0,True
JULW,252,1.0,True
JUNM,252,1.0,True
JUNT,252,1.0,True
JUNW,252,1.0,True
JUST,252,1.0,True
JVA,252,1.0,True
JVAL,252,1.0,True
JXI,252,1.0,True
JXN,252,1.0,True
JYNT,252,1.0,True
K4F,0,0.0,False
KAI,252,1.0,True
KALAEUR,0,0.0,False
KALU,252,1.0,True
KAMO,70,0.2777777777777778,False
KAPR,252,1.0,True
KAT,150,0.5952380952380952,False
KAUG,252,1.0,True
KB,252,1.0,True
KBA,252,1.0,True
KBDC,252,1.0,True
KBE,252,1.0,True
KBH,252,1.0,True
KBR,252,1.0,True
KBWB,252,1.0,True
KBWD,252,1.0,True
KBWP,252,1.0,True
KBWY,252,1.0,True
KC,252,1.0,True
KCCA,252,1.0,True
KCE,252,1.0,True
KD,252,1.0,True
KDEC,252,1.0,True
KDEF,252,1.0,True
KDK,128,0.5079365079365079,False
KDP,252,1.0,True
KE,252,1.0,True
KELYA,252,1.0,True
KEMQ,252,1.0,True
KEMX,252,1.0,True
KEP,252,1.0,True
KEQU,252,1.0,True
KEX,252,1.0,True
KEY,252,1.0,True
KEYS,252,1.0,True
KF,252,1.0,True
KFEB,252,1.0,True
KFRC,252,1.0,True
KFY,252,1.0,True
KGC,252,1.0,True
KGEI,252,1.0,True
KGLD,183,0.7261904761904762,False
KGRN,252,1.0,True
KGS,252,1.0,True
KHC,252,1.0,True
KI2,0,0.0,False
KIDS,252,1.0,True
KIE,252,1.0,True
KIM,252,1.0,True
KINS,252,1.0,True
KIO,252,1.0,True
KJAN,252,1.0,True
KJUL,252,1.0,True
KJUN,252,1.0,True
KKR,252,1.0,True
KLAC,252,1.0,True
KLC,252,1.0,True
KLIC,252,1.0,True
KLIP,252,1.0,True
KLRS,252,1.0,True
KLTR,252,1.0,True
KLXE,252,1.0,True
KMAR,252,1.0,True
KMB,252,1.0,True
KMI,252,1.0,True
KMID,252,1.0,True
KMLM,252,1.0,True
KMPR,252,1.0,True
KMT,252,1.0,True
KMX,252,1.0,True
KN,252,1.0,True
KNCT,252,1.0,True
KNF,252,1.0,True
KNG,252,1.0,True
KNGZ,252,1.0,True
KNOV,252,1.0,True
KNRG,211,0.8373015873015873,False
KNSL,252,1.0,True
KNTK,252,1.0,True
KNX,252,1.0,True
KO,252,1.0,True
KOCT,252,1.0,True
KOD,252,1.0,True
KODK,252,1.0,True
KOF,252,1.0,True
KOKU,252,1.0,True
KOMP,252,1.0,True
KOP,252,1.0,True
KOPN,252,1.0,True
KORP,252,1.0,True
KORU,252,1.0,True
KOS,252,1.0,True
KPLT,252,1.0,True
KPTI,252,1.0,True
KR,252,1.0,True
KRBN,252,1.0,True
KRC,252,1.0,True
KRE,252,1.0,True
KREF,252,1.0,True
KRG,252,1.0,True
KRMD,252,1.0,True
KRMN,252,1.0,True
KRNY,252,1.0,True
KRO,252,1.0,True
KROS,252,1.0,True
KRP,252,1.0,True
KRRO,252,1.0,True
KRT,252,1.0,True
KRUS,252,1.0,True
KRYS,252,1.0,True
KSA,252,1.0,True
KSCP,252,1.0,True
KSEP,252,1.0,True
KSLV,125,0.49603174603174605,False
KSPI,252,1.0,True
KSS,252,1.0,True
KSTR,252,1.0,True
KT,252,1.0,True
KTB,252,1.0,True
KTCC,252,1.0,True
KTEC,252,1.0,True
KTF,252,1.0,True
KTOS,252,1.0,True
KTTA,252,1.0,True
KULR,252,1.0,True
KURA,252,1.0,True
KVHI,252,1.0,True
KVLE,252,1.0,True
KVUE,252,1.0,True
KVYO,252,1.0,True
KWEB,252,1.0,True
KWR,252,1.0,True
KWY,252,1.0,True
KXI,252,1.0,True
KYMR,252,1.0,True
KYN,252,1.0,True
KYNB,252,1.0,True
KYTX,252,1.0,True
KZIA,252,1.0,True
L,252,1.0,True
LAB,252,1.0,True
LABD,252,1.0,True
LABX,159,0.6309523809523809,False
LAC,252,1.0,True
LAD,252,1.0,True
LADR,252,1.0,True
LAKE,252,1.0,True
LAMR,252,1.0,True
LAND,252,1.0,True
LARK,252,1.0,True
LASR,252,1.0,True
LAUR,252,1.0,True
LAW,252,1.0,True
LAZ,252,1.0,True
LB,252,1.0,True
LB3B,0,0.0,False
LBRT,252,1.0,True
LBRX,138,0.5476190476190477,False
LCF,252,1.0,True
LCID,252,1.0,True
LCII,252,1.0,True
LCNB,252,1.0,True
LCTD,252,1.0,True
LCTU,252,1.0,True
LCTX,252,1.0,True
LCUT,252,1.0,True
LDDR,252,1.0,True
LDI,252,1.0,True
LDOS,252,1.0,True
LDP,252,1.0,True
LDSF,252,1.0,True
LDUR,252,1.0,True
LE,252,1.0,True
LEA,252,1.0,True
LECO,252,1.0,True
LEDS,252,1.0,True
LEE,252,1.0,True
LEGH,252,1.0,True
LEGN,252,1.0,True
LEGR,252,1.0,True
LEMB,252,1.0,True
LEN,252,1.0,True
LEN/B,0,0.0,False
LENZ,252,1.0,True
LEO,252,1.0,True
LESL,252,1.0,True
LEU,252,1.0,True
LEVI,252,1.0,True
LFAI,252,1.0,True
LFAO,252,1.0,True
LFCR,252,1.0,True
LFEQ,252,1.0,True
LFGY,252,1.0,True
LFMD,252,1.0,True
LFST,252,1.0,True
LFT,252,1.0,True
LFUS,252,1.0,True
LFVN,252,1.0,True
LGCY,252,1.0,True
LGH,252,1.0,True
LGIH,252,1.0,True
LGL,252,1.0,True
LGLV,252,1.0,True
LGN,137,0.5436507936507936,False
LGND,252,1.0,True
LGO,252,1.0,True
LGOV,252,1.0,True
LH,252,1.0,True
LHX,252,1.0,True
LI,252,1.0,True
LIDR,252,1.0,True
LIF,252,1.0,True
LIFE,42,0.16666666666666666,False
LII,252,1.0,True
LINC,252,1.0,True
LIND,252,1.0,True
LINE,252,1.0,True
LINK,252,1.0,True
LION,252,1.0,True
LIT,252,1.0,True
LITB,252,1.0,True
LITE,252,1.0,True
LITS,252,1.0,True
LITX,44,0.1746031746031746,False
LIVE,252,1.0,True
LKFN,252,1.0,True
LKFT,252,1.0,True
LKQ,252,1.0,True
LLY,252,1.0,True
LLYVA,252,1.0,True
LLYVK,252,1.0,True
LMAT,252,1.0,True
LMB,252,1.0,True
LMBS,252,1.0,True
LMND,252,1.0,True
LMNR,252,1.0,True
LMRI,74,0.29365079365079366,False
LMT,252,1.0,True
LMUB,252,1.0,True
LNC,252,1.0,True
LND,252,1.0,True
LNG,252,1.0,True
LNGX,103,0.4087301587301587,False
LNKB,0,0.0,False
LNN,252,1.0,True
LNSR,252,1.0,True
LNT,252,1.0,True
LNTH,252,1.0,True
LNZA,252,1.0,True
LOAN,252,1.0,True
LOAR,252,1.0,True
LOB,252,1.0,True
LOCL,252,1.0,True
LOCO,252,1.0,True
LODE,252,1.0,True
LODI,252,1.0,True
LOMA,252,1.0,True
LONA,252,1.0,True
LONZ,252,1.0,True
LOOP,252,1.0,True
LOPE,252,1.0,True
LOUP,252,1.0,True
LOVE,252,1.0,True
LOW,252,1.0,True
LOWV,252,1.0,True
LP1,0,0.0,False
LPCN,252,1.0,True
LPL,252,1.0,True
LPLA,252,1.0,True
LPSN,252,1.0,True
LPTH,252,1.0,True
LPX,252,1.0,True
LQD,252,1.0,True
LQDA,252,1.0,True
LQDH,252,1.0,True
LQDT,252,1.0,True
LQDW,252,1.0,True
LRCX,252,1.0,True
LRGC,252,1.0,True
LRGE,252,1.0,True
LRGF,252,1.0,True
LRGG,252,1.0,True
LRMR,252,1.0,True
LRN,252,1.0,True
LRND,252,1.0,True
LSAK,252,1.0,True
LSBK,252,1.0,True
LSCC,252,1.0,True
LSF,252,1.0,True
LSGR,252,1.0,True
LSPD,252,1.0,True
LST,252,1.0,True
LSTA,252,1.0,True
LSTR,252,1.0,True
LTBR,252,1.0,True
LTC,252,1.0,True
LTCC,105,0.4166666666666667,False
LTH,252,1.0,True
LTM,252,1.0,True
LTPZ,252,1.0,True
LTRN,252,1.0,True
LTRX,252,1.0,True
LU,252,1.0,True
LUCD,252,1.0,True
LUCK,252,1.0,True
LULU,252,1.0,True
LUMN,252,1.0,True
LUNG,252,1.0,True
LUNR,252,1.0,True
LUV,252,1.0,True
LUXE,252,1.0,True
LVDS,180,0.7142857142857143,False
LVHD,252,1.0,True
LVHI,252,1.0,True
LVLU,252,1.0,True
LVO,252,1.0,True
LVS,252,1.0,True
LVWR,252,1.0,True
LW,252,1.0,True
LWAY,252,1.0,True
LWLG,252,1.0,True
LX,252,1.0,True
LXEO,252,1.0,True
LXP,252,1.0,True
LXRPUSD,0,0.0,False
LXRX,252,1.0,True
LXU,252,1.0,True
LYEL,252,1.0,True
LYFT,252,1.0,True
LYG,252,1.0,True
LYTS,252,1.0,True
LYV,252,1.0,True
LZ,252,1.0,True
LZB,252,1.0,True
M,252,1.0,True
MA,252,1.0,True
MAA,252,1.0,True
MAC,252,1.0,True
MAGN,252,1.0,True
MAGS,252,1.0,True
MAIN,252,1.0,True
MAMA,252,1.0,True
MAMO,252,1.0,True
MAN,252,1.0,True
MANH,252,1.0,True
MAPS,252,1.0,True
MAR,252,1.0,True
MARA,252,1.0,True
MARM,252,1.0,True
MARPS,252,1.0,True
MART,252,1.0,True
MARW,252,1.0,True
MAS,252,1.0,True
MASI*,0,0.0,False
MASS,252,1.0,True
MAT,252,1.0,True
MATR,252,1.0,True
MATV,252,1.0,True
MATW,252,1.0,True
MATX,252,1.0,True
MAX,252,1.0,True
MAXI,252,1.0,True
MAXJ,252,1.0,True
MAYT,252,1.0,True
MAYW,252,1.0,True
MAZE,252,1.0,True
MBB,252,1.0,True
MBBA,44,0.1746031746031746,False
MBBC,252,1.0,True
MBC,252,1.0,True
MBI,252,1.0,True
MBIN,252,1.0,True
MBIO,252,1.0,True
MBLY,252,1.0,True
MBND,252,1.0,True
MBOT,252,1.0,True
MBS,252,1.0,True
MBSD,252,1.0,True
MBSF,252,1.0,True
MBUU,252,1.0,True
MBWM,252,1.0,True
MBX,252,1.0,True
MC,252,1.0,True
MCB,252,1.0,True
MCBS,252,1.0,True
MCD,252,1.0,True
MCFT,252,1.0,True
MCHB,252,1.0,True
MCHI,252,1.0,True
MCHP,252,1.0,True
MCHX,252,1.0,True
MCI,252,1.0,True
MCK,252,1.0,True
MCN,252,1.0,True
MCO,252,1.0,True
MCRB,252,1.0,True
MCRI,252,1.0,True
MCS,252,1.0,True
MCY,252,1.0,True
MD,252,1.0,True
MDA,13,0.051587301587301584,False
MDAI,252,1.0,True
MDB,252,1.0,True
MDGL,252,1.0,True
MDIV,252,1.0,True
MDLN,70,0.2777777777777778,False
MDLZ,252,1.0,True
MDRR,252,1.0,True
MDU,252,1.0,True
MDXG,252,1.0,True
MDY,252,1.0,True
MDYG,252,1.0,True
MDYV,252,1.0,True
MEAR,252,1.0,True
MEC,252,1.0,True
MED,252,1.0,True
MEDP,252,1.0,True
MEGI,252,1.0,True
MEI,252,1.0,True
MELI,252,1.0,True
MEM,252,1.0,True
MEME,119,0.4722222222222222,False
MEOH,252,1.0,True
MERC,252,1.0,True
MESO,252,1.0,True
MET,252,1.0,True
META,252,1.0,True
METC,252,1.0,True
METCB,252,1.0,True
METL,139,0.5515873015873016,False
METU,252,1.0,True
METV,252,1.0,True
METW,196,0.7777777777777778,False
MFA,252,1.0,True
MFC,252,1.0,True
MFDX,252,1.0,True
MFG,252,1.0,True
MFIC,252,1.0,True
MFIN,252,1.0,True
MFM,252,1.0,True
MFSB,252,1.0,True
MFSG,252,1.0,True
MFSI,252,1.0,True
MFSM,252,1.0,True
MFSV,252,1.0,True
MFUS,252,1.0,True
MG,252,1.0,True
MGA,252,1.0,True
MGC,252,1.0,True
MGEE,252,1.0,True
MGF,252,1.0,True
MGK,252,1.0,True
MGM,252,1.0,True
MGMT,252,1.0,True
MGNI,252,1.0,True
MGNR,252,1.0,True
MGNX,252,1.0,True
MGPI,252,1.0,True
MGRC,252,1.0,True
MGV,252,1.0,True
MGX,252,1.0,True
MGY,252,1.0,True
MGYR,252,1.0,True
MH,172,0.6825396825396826,False
MHD,252,1.0,True
MHF,252,1.0,True
MHH,252,1.0,True
MHK,252,1.0,True
MHO,252,1.0,True
MIAX,157,0.623015873015873,False
MID,252,1.0,True
MIDD,252,1.0,True
MIDE,252,1.0,True
MIDU,252,1.0,True
MIN,252,1.0,True
MIND,252,1.0,True
MINO,252,1.0,True
MINT,252,1.0,True
MIR,252,1.0,True
MIRM,252,1.0,True
MISL,252,1.0,True
MIST,252,1.0,True
MITK,252,1.0,True
MITQ,252,1.0,True
MITT,252,1.0,True
MIY,252,1.0,True
MJ,252,1.0,True
MKC,252,1.0,True
MKC/V,0,0.0,False
MKL,252,1.0,True
MKOR,252,1.0,True
MKSI,252,1.0,True
MKTW,252,1.0,True
MKTX,252,1.0,True
MLAB,252,1.0,True
MLCO,252,1.0,True
MLI,252,1.0,True
MLKN,252,1.0,True
MLM,252,1.0,True
MLN,252,1.0,True
MLP,252,1.0,True
MLPA,252,1.0,True
MLPB,252,1.0,True
MLPI,69,0.27380952380952384,False
MLPX,252,1.0,True
MLR,252,1.0,True
MLSS,252,1.0,True
MLTX,252,1.0,True
MLYS,252,1.0,True
MMCA,252,1.0,True
MMD,252,1.0,True
MMED,17,0.06746031746031746,False
MMI,252,1.0,True
MMIN,252,1.0,True
MMIT,252,1.0,True
MMLP,252,1.0,True
MMM,252,1.0,True
MMMA,70,0.2777777777777778,False
MMS,252,1.0,True
MMSI,252,1.0,True
MMT,252,1.0,True
MMTM,252,1.0,True
MMU,252,1.0,True
MNA,252,1.0,True
MNKD,252,1.0,True
MNLOUSD,0,0.0,False
MNOV,252,1.0,True
MNPR,252,1.0,True
MNR,252,1.0,True
MNRO,252,1.0,True
MNRS,252,1.0,True
MNSB,252,1.0,True
MNSO,252,1.0,True
MNST,252,1.0,True
MNTK,252,1.0,True
MNTN,214,0.8492063492063492,False
MO,252,1.0,True
MOAT,252,1.0,True
MOD,252,1.0,True
MODL,252,1.0,True
MOG/A,0,0.0,False
MOG/B,0,0.0,False
MOGU,252,1.0,True
MOH,252,1.0,True
MOMO,252,1.0,True
MOO,252,1.0,True
MORN,252,1.0,True
MORT,252,1.0,True
MOS,252,1.0,True
MOTI,252,1.0,True
MOTO,252,1.0,True
MOV,252,1.0,True
MOVE,252,1.0,True
MP,252,1.0,True
MPA,252,1.0,True
MPAA,252,1.0,True
MPB,252,1.0,True
MPC,252,1.0,True
MPLT,106,0.42063492063492064,False
MPLX,252,1.0,True
MPT,252,1.0,True
MPTI,252,1.0,True
MPV,252,1.0,True
MPWR,252,1.0,True
MPX,0,0.0,False
MQY,252,1.0,True
MRALUSD,0,0.0,False
MRAM,252,1.0,True
MRBK,252,1.0,True
MRCC,0,0.0,False
MRCY,252,1.0,True
MRDN,252,1.0,True
MREO,252,1.0,True
MRK,252,1.0,True
MRKR,252,1.0,True
MRLN,252,1.0,True
MRNA,252,1.0,True
MRP,252,1.0,True
MRSH,252,1.0,True
MRT,252,1.0,True
MRTN,252,1.0,True
MRVI,252,1.0,True
MRVL,252,1.0,True
MS,252,1.0,True
MSA,252,1.0,True
MSB,252,1.0,True
MSBI,252,1.0,True
MSCI,252,1.0,True
MSD,252,1.0,True
MSDL,252,1.0,True
MSEX,252,1.0,True
MSFD,252,1.0,True
MSFL,252,1.0,True
MSFO,252,1.0,True
MSFT,252,1.0,True
MSFU,252,1.0,True
MSFW,172,0.6825396825396826,False
MSFX,252,1.0,True
MSGE,252,1.0,True
MSGM,252,1.0,True
MSGS,252,1.0,True
MSI,252,1.0,True
MSIF,252,1.0,True
MSLC,252,1.0,True
MSM,252,1.0,True
MSN,252,1.0,True
MSOS,252,1.0,True
MSOX,252,1.0,True
MST,228,0.9047619047619048,True
MSTR,252,1.0,True
MSTW,172,0.6825396825396826,False
MSTX,252,1.0,True
MSTY,252,1.0,True
MSTZ,252,1.0,True
MT,252,1.0,True
MTA,252,1.0,True
MTB,252,1.0,True
MTBA,252,1.0,True
MTCH,252,1.0,True
MTD,252,1.0,True
MTDR,252,1.0,True
MTEX,252,1.0,True
MTG,252,1.0,True
MTGP,252,1.0,True
MTH,252,1.0,True
MTLS,252,1.0,True
MTN,252,1.0,True
MTNB,252,1.0,True
MTR,252,1.0,True
MTRN,252,1.0,True
MTRX,252,1.0,True
MTSI,252,1.0,True
MTUM,252,1.0,True
MTUS,252,1.0,True
MTW,252,1.0,True
MTX,252,1.0,True
MTZ,252,1.0,True
MU,252,1.0,True
MUA,252,1.0,True
MUB,252,1.0,True
MUC,252,1.0,True
MUD,252,1.0,True
MUFG,252,1.0,True
MUJ,252,1.0,True
MULL,252,1.0,True
MUNI,252,1.0,True
MUNY,214,0.8492063492063492,False
MUR,252,1.0,True
MUSA,252,1.0,True
MUSI,252,1.0,True
MUST,252,1.0,True
MUU,252,1.0,True
MUX,252,1.0,True
MVBF,252,1.0,True
MVISEUR,0,0.0,False
MVLL,252,1.0,True
MVST,252,1.0,True
MWA,252,1.0,True
MWH,32,0.12698412698412698,False
MX,252,1.0,True
MXCT,252,1.0,True
MXF,252,1.0,True
MXI,252,1.0,True
MXL,252,1.0,True
MYCF,252,1.0,True
MYCH,252,1.0,True
MYCI,252,1.0,True
MYCK,252,1.0,True
MYCN,252,1.0,True
MYE,252,1.0,True
MYFW,252,1.0,True
MYGN,252,1.0,True
MYI,252,1.0,True
MYMG,252,1.0,True
MYN,252,1.0,True
MYND,252,1.0,True
MYO,252,1.0,True
MYPS,252,1.0,True
MYRG,252,1.0,True
MZTI,252,1.0,True
NABL,252,1.0,True
NAC,252,1.0,True
NACP,252,1.0,True
NAD,252,1.0,True
NAGE,252,1.0,True
NAII,252,1.0,True
NAIL,252,1.0,True
NAK,252,1.0,True
NAN,252,1.0,True
NANC,252,1.0,True
NANR,252,1.0,True
NAPR,252,1.0,True
NATH,252,1.0,True
NATL,252,1.0,True
NATO,252,1.0,True
NATR,252,1.0,True
NAUG,252,1.0,True
NAUT,252,1.0,True
NAVI,252,1.0,True
NAVN,103,0.4087301587301587,False
NAZ,252,1.0,True
NB,252,1.0,True
NBB,252,1.0,True
NBBK,252,1.0,True
NBCM,252,1.0,True
NBH,252,1.0,True
NBHC,252,1.0,True
NBIX,252,1.0,True
NBN,252,1.0,True
NBOS,252,1.0,True
NBP,252,1.0,True
NBSD,252,1.0,True
NBSM,252,1.0,True
NBTB,252,1.0,True
NBXG,252,1.0,True
NC,252,1.0,True
NCA,252,1.0,True
NCDL,252,1.0,True
NCIQ,252,1.0,True
NCMI,252,1.0,True
NCNO,252,1.0,True
NCPB,252,1.0,True
NCSM,252,1.0,True
NCV,252,1.0,True
NCZ,252,1.0,True
NDAQ,252,1.0,True
NDEC,252,1.0,True
NDLS,252,1.0,True
NDMO,252,1.0,True
NDSN,252,1.0,True
NEAR,252,1.0,True
NEBX,140,0.5555555555555556,False
NECB,252,1.0,True
NEE,252,1.0,True
NEM,252,1.0,True
NEO,252,1.0,True
NEOG,252,1.0,True
NEON,252,1.0,True
NEOV,252,1.0,True
NEPH,252,1.0,True
NERV,252,1.0,True
NET,252,1.0,True
NETL,252,1.0,True
NEU,252,1.0,True
NEWP,252,1.0,True
NEWT,252,1.0,True
NEXT,252,1.0,True
NFE,252,1.0,True
NFEB,252,1.0,True
NFG,252,1.0,True
NFGC,252,1.0,True
NFJ,252,1.0,True
NFLT,252,1.0,True
NFLW,196,0.7777777777777778,False
NFLX,252,1.0,True
NFLY,252,1.0,True
NFRA,252,1.0,True
NFTY,252,1.0,True
NG,252,1.0,True
NGEN,252,1.0,True
NGG,252,1.0,True
NGL,252,1.0,True
NGNE,252,1.0,True
NGS,252,1.0,True
NGVC,252,1.0,True
NGVT,252,1.0,True
NHC,252,1.0,True
NHI,252,1.0,True
NHS,252,1.0,True
NHS-R,0,0.0,False
NHTC,252,1.0,True
NI,252,1.0,True
NIC,252,1.0,True
NICE,252,1.0,True
NIHI,134,0.5317460317460317,False
NIKL,252,1.0,True
NIM,252,1.0,True
NIO,252,1.0,True
NIU,252,1.0,True
NJAN,252,1.0,True
NJR,252,1.0,True
NJUL,252,1.0,True
NJUN,252,1.0,True
NKE,252,1.0,True
NKSH,252,1.0,True
NKTR,252,1.0,True
NKTX,252,1.0,True
NL,252,1.0,True
NLOP,252,1.0,True
NLR,252,1.0,True
NLY,252,1.0,True
NMAD,252,1.0,True
NMAI,252,1.0,True
NMAR,252,1.0,True
NMAX,251,0.996031746031746,True
NMAY,229,0.9087301587301587,True
NMCO,252,1.0,True
NMFC,252,1.0,True
NMG,252,1.0,True
NMI,252,1.0,True
NMIH,252,1.0,True
NML,252,1.0,True
NMR,252,1.0,True
NMRA,252,1.0,True
NMRK,252,1.0,True
NMS,252,1.0,True
NMT,252,1.0,True
NMZ,252,1.0,True
NN,252,1.0,True
NNBR,252,1.0,True
NNDM,252,1.0,True
NNE,252,1.0,True
NNI,252,1.0,True
NNN,252,1.0,True
NNOV,252,1.0,True
NNVC,252,1.0,True
NNY,252,1.0,True
NOA,252,1.0,True
NOAH,252,1.0,True
NOBL,252,1.0,True
NOC,252,1.0,True
NOCT,252,1.0,True
NODK,252,1.0,True
NOG,252,1.0,True
NOK,252,1.0,True
NORW,252,1.0,True
NOTE,252,1.0,True
NOV,252,1.0,True
NOVM,252,1.0,True
NOVP,231,0.9166666666666666,True
NOVT,252,1.0,True
NOW,252,1.0,True
NP,124,0.49206349206349204,False
NPB,252,1.0,True
NPCE,252,1.0,True
NPCT,252,1.0,True
NPDEUR,0,0.0,False
NPFI,252,1.0,True
NPK,252,1.0,True
NPKI,252,1.0,True
NPO,252,1.0,True
NPV,252,1.0,True
NPWR,252,1.0,True
NRC,252,1.0,True
NRDS,252,1.0,True
NREF,252,1.0,True
NRG,252,1.0,True
NRGV,252,1.0,True
NRIM,252,1.0,True
NRIX,252,1.0,True
NRK,252,1.0,True
NRP,252,1.0,True
NRXP,252,1.0,True
NRXS,252,1.0,True
NSA*,0,0.0,False
NSC,252,1.0,True
NSEP,252,1.0,True
NSIT,252,1.0,True
NSLR,252,1.0,True
NSP,252,1.0,True
NSPR,252,1.0,True
NSRGY,252,1.0,True
NSSC,252,1.0,True
NSTS,252,1.0,True
NSYS,252,1.0,True
NTAP,252,1.0,True
NTCT,252,1.0,True
NTES,252,1.0,True
NTGR,252,1.0,True
NTIC,252,1.0,True
NTIP,252,1.0,True
NTLA,252,1.0,True
NTNX,252,1.0,True
NTR,252,1.0,True
NTRA,252,1.0,True
NTRL,252,1.0,True
NTRS,252,1.0,True
NTSI,252,1.0,True
NTSK,133,0.5277777777777778,False
NTST,252,1.0,True
NTSX,252,1.0,True
NTWK,252,1.0,True
NUAG,252,1.0,True
NUAI,252,1.0,True
NUBD,252,1.0,True
NUDM,252,1.0,True
NUDV,252,1.0,True
NUE,252,1.0,True
NUEM,252,1.0,True
NUGO,252,1.0,True
NUGT,252,1.0,True
NUHY,252,1.0,True
NUKZ,252,1.0,True
NULG,252,1.0,True
NULV,252,1.0,True
NUMG,252,1.0,True
NUMV,252,1.0,True
NUS,252,1.0,True
NUSA,252,1.0,True
NUSC,252,1.0,True
NUTX,252,1.0,True
NUV,252,1.0,True
NUVB,252,1.0,True
NUW,252,1.0,True
NVAX,252,1.0,True
NVBT,252,1.0,True
NVBW,252,1.0,True
NVCT,252,1.0,True
NVDA,252,1.0,True
NVDD,252,1.0,True
NVDG,252,1.0,True
NVDL,252,1.0,True
NVDU,252,1.0,True
NVDW,252,1.0,True
NVDX,252,1.0,True
NVDY,252,1.0,True
NVEC,252,1.0,True
NVG,252,1.0,True
NVO,252,1.0,True
NVOX,252,1.0,True
NVR,252,1.0,True
NVS,252,1.0,True
NVST,252,1.0,True
NVTS,252,1.0,True
NVYY,221,0.876984126984127,False
NWBI,252,1.0,True
NWE,252,1.0,True
NWFL,252,1.0,True
NWG,252,1.0,True
NWL,252,1.0,True
NWN,252,1.0,True
NWPX,252,1.0,True
NWS,252,1.0,True
NWSA,252,1.0,True
NX,252,1.0,True
NXDR,252,1.0,True
NXDT,252,1.0,True
NXE,252,1.0,True
NXG,252,1.0,True
NXGL,252,1.0,True
NXH,252,1.0,True
NXP,252,1.0,True
NXRT,252,1.0,True
NXST,252,1.0,True
NXT,252,1.0,True
NXTC,252,1.0,True
NXTE,252,1.0,True
NXTG,252,1.0,True
NXXT,252,1.0,True
NY4B,0,0.0,False
NYC,252,1.0,True
NYF,252,1.0,True
NYM,96,0.38095238095238093,False
NYT,252,1.0,True
NZAC,252,1.0,True
NZF,252,1.0,True
O,252,1.0,True
OABI,252,1.0,True
OACP,252,1.0,True
OAEM,252,1.0,True
OAIM,252,1.0,True
OAKM,252,1.0,True
OALC,252,1.0,True
OARK,252,1.0,True
OASC,252,1.0,True
OBDC,252,1.0,True
OBE,252,1.0,True
OBIL,252,1.0,True
OBIO,252,1.0,True
OBK,252,1.0,True
OBND,252,1.0,True
OBT,252,1.0,True
OC,252,1.0,True
OCC,252,1.0,True
OCFC,252,1.0,True
OCGN,252,1.0,True
OCSL,252,1.0,True
OCTM,252,1.0,True
OCTP,252,1.0,True
OCTT,252,1.0,True
OCTW,252,1.0,True
OCUL,252,1.0,True
ODC,252,1.0,True
ODFL,252,1.0,True
OEF,252,1.0,True
OEFA,252,1.0,True
OESX,252,1.0,True
OFG,252,1.0,True
OFIX,252,1.0,True
OFLX,252,1.0,True
OFRM,36,0.14285714285714285,False
OFS,252,1.0,True
OGCP,252,1.0,True
OGE,252,1.0,True
OGI,252,1.0,True
OGIG,252,1.0,True
OGN,252,1.0,True
OGS,252,1.0,True
OHI,252,1.0,True
OI,252,1.0,True
OIA,252,1.0,True
OIH,252,1.0,True
OII,252,1.0,True
OILK,252,1.0,True
OIS,252,1.0,True
OKE,252,1.0,True
OKLO,252,1.0,True
OKTA,252,1.0,True
OKTG,91,0.3611111111111111,False
OKUR,252,1.0,True
OLED,252,1.0,True
OLLI,252,1.0,True
OLMA,252,1.0,True
OLN,252,1.0,True
OLP,252,1.0,True
OM,252,1.0,True
OMAB,252,1.0,True
OMAH,252,1.0,True
OMC,252,1.0,True
OMCL,252,1.0,True
OMDA,204,0.8095238095238095,False
OMER,252,1.0,True
OMEX,252,1.0,True
OMF,252,1.0,True
OMFL,252,1.0,True
OMFS,252,1.0,True
ON,252,1.0,True
ONB,252,1.0,True
ONC,252,1.0,True
ONDS,252,1.0,True
ONEQ,252,1.0,True
ONEV,252,1.0,True
ONEW,252,1.0,True
ONEY,252,1.0,True
ONIT,252,1.0,True
ONL,252,1.0,True
ONLN,252,1.0,True
ONMD,252,1.0,True
ONT,252,1.0,True
ONTF,0,0.0,False
ONTO,252,1.0,True
OOMA,252,1.0,True
OPAL,252,1.0,True
OPBK,252,1.0,True
OPCH,252,1.0,True
OPEN,252,1.0,True
OPENL,66,0.2619047619047619,False
OPENW,66,0.2619047619047619,False
OPENZ,66,0.2619047619047619,False
OPFI,252,1.0,True
OPHC,252,1.0,True
OPK,252,1.0,True
OPLN,252,1.0,True
OPP,252,1.0,True
OPPE,252,1.0,True
OPPJ,252,1.0,True
OPRA,252,1.0,True
OPRT,252,1.0,True
OPRX,252,1.0,True
OPTT,252,1.0,True
OPTU,252,1.0,True
OPTX,252,1.0,True
OPXS,252,1.0,True
OPY,252,1.0,True
OR,252,1.0,True
ORA,252,1.0,True
ORBS,252,1.0,True
ORC,252,1.0,True
ORCL,252,1.0,True
ORGN,0,0.0,False
ORGO,252,1.0,True
ORI,252,1.0,True
ORIC,252,1.0,True
ORKA,252,1.0,True
ORLY,252,1.0,True
ORMP,252,1.0,True
ORN,252,1.0,True
ORR,252,1.0,True
ORRF,252,1.0,True
OSBC,252,1.0,True
OSCR,252,1.0,True
OSCV,252,1.0,True
OSEA,252,1.0,True
OSG,252,1.0,True
OSIS,252,1.0,True
OSK,252,1.0,True
OSPN,252,1.0,True
OSS,252,1.0,True
OSUR,252,1.0,True
OTEX,252,1.0,True
OTF,200,0.7936507936507936,False
OTIS,252,1.0,True
OTLK,252,1.0,True
OTLY,252,1.0,True
OTTR,252,1.0,True
OUNZ,252,1.0,True
OUSA,252,1.0,True
OUSM,252,1.0,True
OUST,252,1.0,True
OUT,252,1.0,True
OVB,252,1.0,True
OVBC,252,1.0,True
OVID,252,1.0,True
OVL,252,1.0,True
OVLH,252,1.0,True
OVLY,252,1.0,True
OVM,252,1.0,True
OVT,252,1.0,True
OVV,252,1.0,True
OWL,252,1.0,True
OWLT,252,1.0,True
OWNS,252,1.0,True
OXLC,252,1.0,True
OXM,252,1.0,True
OXSQ,252,1.0,True
OXY,252,1.0,True
OXY/WS,0,0.0,False
OZ,252,1.0,True
OZEM,252,1.0,True
OZK,252,1.0,True
P,252,1.0,True
PAA,252,1.0,True
PAAA,252,1.0,True
PAAI,252,1.0,True
PAAS,252,1.0,True
PAC,252,1.0,True
PACB,252,1.0,True
PACEGBP,0,0.0,False
PACK,252,1.0,True
PACS,252,1.0,True
PAG,252,1.0,True
PAGP,252,1.0,True
PAHC,252,1.0,True
PAI,252,1.0,True
PAL,252,1.0,True
PALC,252,1.0,True
PALI,252,1.0,True
PALL,252,1.0,True
PAM,252,1.0,True
PAMT,252,1.0,True
PANG,252,1.0,True
PANW,252,1.0,True
PAPI,252,1.0,True
PAPR,252,1.0,True
PAR,252,1.0,True
PARR,252,1.0,True
PASG,252,1.0,True
PATH,252,1.0,True
PATK,252,1.0,True
PATN,252,1.0,True
PAUG,252,1.0,True
PAVE,252,1.0,True
PAVM,252,1.0,True
PAWZ,252,1.0,True
PAXS,252,1.0,True
PAY,252,1.0,True
PAYC,252,1.0,True
PAYO,252,1.0,True
PAYP,13,0.051587301587301584,False
PAYS,252,1.0,True
PAYX,252,1.0,True
PB,252,1.0,True
PBA,252,1.0,True
PBD,252,1.0,True
PBDC,252,1.0,True
PBDE,252,1.0,True
PBE,252,1.0,True
PBEU,82,0.3253968253968254,False
PBF,252,1.0,True
PBFB,252,1.0,True
PBFR,252,1.0,True
PBFS,252,1.0,True
PBH,252,1.0,True
PBHC,252,1.0,True
PBI,252,1.0,True
PBJ,252,1.0,True
PBJA,252,1.0,True
PBJL,252,1.0,True
PBMR,252,1.0,True
PBOC,252,1.0,True
PBOG,82,0.3253968253968254,False
PBP,252,1.0,True
PBPH,82,0.3253968253968254,False
PBQQ,252,1.0,True
PBR,252,1.0,True
PBR/A,0,0.0,False
PBRG,69,0.27380952380952384,False
PBSE,252,1.0,True
PBT,252,1.0,True
PBTP,252,1.0,True
PBUS,252,1.0,True
PBW,252,1.0,True
PBYI,252,1.0,True
PCAR,252,1.0,True
PCB,252,1.0,True
PCEF,252,1.0,True
PCF,252,1.0,True
PCG,252,1.0,True
PCLO,252,1.0,True
PCM,252,1.0,True
PCMM,252,1.0,True
PCN,252,1.0,True
PCOR,252,1.0,True
PCRX,252,1.0,True
PCT,252,1.0,True
PCTY,252,1.0,True
PCVX,252,1.0,True
PCY,252,1.0,True
PCYO,252,1.0,True
PD,252,1.0,True
PDBA,252,1.0,True
PDBC,252,1.0,True
PDD,252,1.0,True
PDEC,252,1.0,True
PDEX,252,1.0,True
PDFS,252,1.0,True
PDI,252,1.0,True
PDLB,252,1.0,True
PDM,252,1.0,True
PDN,252,1.0,True
PDO,252,1.0,True
PDP,252,1.0,True
PDS,252,1.0,True
PDSB,252,1.0,True
PDT,252,1.0,True
PDX,252,1.0,True
PDYN,252,1.0,True
PEB,252,1.0,True
PEBK,252,1.0,True
PEBO,252,1.0,True
PECO,252,1.0,True
PEG,252,1.0,True
PEGA,252,1.0,True
PEJ,252,1.0,True
PEN,252,1.0,True
PENG,252,1.0,True
PENN,252,1.0,True
PEO,252,1.0,True
PEP,252,1.0,True
PEPG,252,1.0,True
PESI,252,1.0,True
PETS,252,1.0,True
PEW,252,1.0,True
PEXL,252,1.0,True
PEY,252,1.0,True
PFBC,252,1.0,True
PFD,252,1.0,True
PFE,252,1.0,True
PFEB,252,1.0,True
PFF,252,1.0,True
PFFA,252,1.0,True
PFFD,252,1.0,True
PFFR,252,1.0,True
PFFV,252,1.0,True
PFG,252,1.0,True
PFGC,252,1.0,True
PFI,252,1.0,True
PFIS,252,1.0,True
PFIX,252,1.0,True
PFL,252,1.0,True
PFLD,252,1.0,True
PFLT,252,1.0,True
PFM,252,1.0,True
PFN,252,1.0,True
PFO,252,1.0,True
PFRL,252,1.0,True
PFS,252,1.0,True
PFSI,252,1.0,True
PFX,252,1.0,True
PFXF,252,1.0,True
PG,252,1.0,True
PGC,252,1.0,True
PGEN,252,1.0,True
PGF,252,1.0,True
PGHY,252,1.0,True
PGJ,252,1.0,True
PGNY,252,1.0,True
PGR,252,1.0,True
PGRO,252,1.0,True
PGX,252,1.0,True
PGZ,252,1.0,True
PH,252,1.0,True
PHAT,252,1.0,True
PHDG,252,1.0,True
PHEQ,252,1.0,True
PHG,252,1.0,True
PHGE,252,1.0,True
PHI,252,1.0,True
PHIN,252,1.0,True
PHK,252,1.0,True
PHM,252,1.0,True
PHO,252,1.0,True
PHR,252,1.0,True
PHUN,252,1.0,True
PHYL,252,1.0,True
PHYS,252,1.0,True
PI,252,1.0,True
PICK,252,1.0,True
PID,252,1.0,True
PIE,252,1.0,True
PII,252,1.0,True
PILL,252,1.0,True
PIM,252,1.0,True
PINE,252,1.0,True
PINK,252,1.0,True
PINS,252,1.0,True
PIO,252,1.0,True
PIPR,252,1.0,True
PIZ,252,1.0,True
PJAN,252,1.0,True
PJFG,252,1.0,True
PJFV,252,1.0,True
PJIO,252,1.0,True
PJP,252,1.0,True
PJT,252,1.0,True
PJUL,252,1.0,True
PJUN,252,1.0,True
PK,252,1.0,True
PKB,252,1.0,True
PKBK,252,1.0,True
PKE,252,1.0,True
PKG,252,1.0,True
PKOH,252,1.0,True
PKST,0,0.0,False
PKW,252,1.0,True
PKX,252,1.0,True
PL,252,1.0,True
PLAB,252,1.0,True
PLAY,252,1.0,True
PLBC,252,1.0,True
PLBY,252,1.0,True
PLD,252,1.0,True
PLG,252,1.0,True
PLMR,252,1.0,True
PLNT,252,1.0,True
PLOW,252,1.0,True
PLPC,252,1.0,True
PLRX,252,1.0,True
PLSE,252,1.0,True
PLTD,252,1.0,True
PLTG,233,0.9246031746031746,True
PLTK,252,1.0,True
PLTM,252,1.0,True
PLTR,252,1.0,True
PLTU,252,1.0,True
PLUG,252,1.0,True
PLUR,252,1.0,True
PLUS,252,1.0,True
PLX,252,1.0,True
PLXS,252,1.0,True
PLYY,130,0.5158730158730159,False
PM,252,1.0,True
PMAR,252,1.0,True
PMAY,252,1.0,True
PMBS,252,1.0,True
PMCB,252,1.0,True
PML,252,1.0,True
PMM,252,1.0,True
PMO,252,1.0,True
PMT,252,1.0,True
PMTS,252,1.0,True
PMVP,252,1.0,True
PNBK,252,1.0,True
PNC,252,1.0,True
PNFP,252,1.0,True
PNI,252,1.0,True
PNNT,252,1.0,True
PNOV,252,1.0,True
PNQI,252,1.0,True
PNRG,252,1.0,True
PNTG,252,1.0,True
PNW,252,1.0,True
POCT,252,1.0,True
PODD,252,1.0,True
POET,252,1.0,True
POH3,0,0.0,False
PONY,252,1.0,True
POOL,252,1.0,True
POR,252,1.0,True
POST,252,1.0,True
POWA,252,1.0,True
POWI,252,1.0,True
POWL,252,1.0,True
POWR,252,1.0,True
POWW,252,1.0,True
PPA,252,1.0,True
PPBT,252,1.0,True
PPC,252,1.0,True
PPG,252,1.0,True
PPH,252,1.0,True
PPI,252,1.0,True
PPIH,252,1.0,True
PPL,252,1.0,True
PPLI,252,1.0,True
PPLT,252,1.0,True
PPSI,252,1.0,True
PPT,252,1.0,True
PPTA,252,1.0,True
PPTY,252,1.0,True
PR,252,1.0,True
PRA,0,0.0,False
PRAA,252,1.0,True
PRAX,252,1.0,True
PRCH,252,1.0,True
PRCS,252,1.0,True
PRCT,252,1.0,True
PRDO,252,1.0,True
PREF,252,1.0,True
PRF,252,1.0,True
PRFD,252,1.0,True
PRFZ,252,1.0,True
PRG,252,1.0,True
PRGS,252,1.0,True
PRI,252,1.0,True
PRIM,252,1.0,True
PRK,252,1.0,True
PRKS,252,1.0,True
PRLB,252,1.0,True
PRLD,252,1.0,True
PRM,252,1.0,True
PRMB,252,1.0,True
PRME,252,1.0,True
PRN,252,1.0,True
PRNT,252,1.0,True
PROF,252,1.0,True
PROK,252,1.0,True
PROP,252,1.0,True
PROV,252,1.0,True
PRPLGBP,0,0.0,False
PRPO,252,1.0,True
PRSO,252,1.0,True
PRSU,252,1.0,True
PRTH,252,1.0,True
PRTSEUR,0,0.0,False
PRU,252,1.0,True
PRVA,252,1.0,True
PSA,252,1.0,True
PSBD,252,1.0,True
PSC,252,1.0,True
PSCC,252,1.0,True
PSCD,252,1.0,True
PSCE,252,1.0,True
PSCF,252,1.0,True
PSCH,252,1.0,True
PSCI,252,1.0,True
PSCT,252,1.0,True
PSDM,252,1.0,True
PSEC,252,1.0,True
PSEP,252,1.0,True
PSET,252,1.0,True
PSF,252,1.0,True
PSFF,252,1.0,True
PSH,252,1.0,True
PSI,252,1.0,True
PSIL,252,1.0,True
PSIX,252,1.0,True
PSK,252,1.0,True
PSKY,252,1.0,True
PSL,252,1.0,True
PSLV,252,1.0,True
PSMT,252,1.0,True
PSN,252,1.0,True
PSNL,252,1.0,True
PSNY,252,1.0,True
PSO,252,1.0,True
PSP,252,1.0,True
PSQ,252,1.0,True
PSR,252,1.0,True
PST,252,1.0,True
PSTL,252,1.0,True
PSX,252,1.0,True
PTA,252,1.0,True
PTBD,252,1.0,True
PTC,252,1.0,True
PTCT,252,1.0,True
PTEN,252,1.0,True
PTEU,252,1.0,True
PTF,252,1.0,True
PTGX,252,1.0,True
PTH,252,1.0,True
PTIN,252,1.0,True
PTIR,252,1.0,True
PTL,252,1.0,True
PTLC,252,1.0,True
PTLO,252,1.0,True
PTMC,252,1.0,True
PTNQ,252,1.0,True
PTON,252,1.0,True
PTRB,252,1.0,True
PTRN,132,0.5238095238095238,False
PTY,252,1.0,True
PUBM,252,1.0,True
PUK,252,1.0,True
PULM,252,1.0,True
PULS,252,1.0,True
PUMP,252,1.0,True
PURR,80,0.31746031746031744,False
PUSA,252,1.0,True
PVAL,252,1.0,True
PVH,252,1.0,True
PVI,252,1.0,True
PVLA,252,1.0,True
PWB,252,1.0,True
PWP,252,1.0,True
PWR,252,1.0,True
PWRD,252,1.0,True
PWV,252,1.0,True
PWZ,252,1.0,True
PXE,252,1.0,True
PXED,118,0.46825396825396826,False
PXF,252,1.0,True
PXH,252,1.0,True
PXI,252,1.0,True
PXJ,252,1.0,True
PXLW,252,1.0,True
PYLD,252,1.0,True
PYPL,252,1.0,True
PYPY,252,1.0,True
PYXS,252,1.0,True
PYZ,252,1.0,True
PZA,252,1.0,True
PZG,252,1.0,True
PZT,252,1.0,True
PZZA,252,1.0,True
Q,106,0.42063492063492064,False
QABA,252,1.0,True
QAI,252,1.0,True
QALT,150,0.5952380952380952,False
QARP,252,1.0,True
QBTS,252,1.0,True
QBTX,233,0.9246031746031746,True
QBUF,252,1.0,True
QCAP,252,1.0,True
QCJA,252,1.0,True
QCJL,252,1.0,True
QCLN,252,1.0,True
QCLR,252,1.0,True
QCOC,252,1.0,True
QCOM,252,1.0,True
QCRH,252,1.0,True
QDEC,252,1.0,True
QDEF,252,1.0,True
QDEL,252,1.0,True
QDF,252,1.0,True
QDPL,252,1.0,True
QDVO,252,1.0,True
QEFA,252,1.0,True
QEMM,252,1.0,True
QFIN,252,1.0,True
QFLR,252,1.0,True
QGRO,252,1.0,True
QGRW,252,1.0,True
QHY,252,1.0,True
QID,252,1.0,True
QIG,252,1.0,True
QINT,252,1.0,True
QJUN,252,1.0,True
QLC,252,1.0,True
QLD,252,1.0,True
QLTA,252,1.0,True
QLTI,252,1.0,True
QLTY,252,1.0,True
QLV,252,1.0,True
QLYS,252,1.0,True
QMAG,252,1.0,True
QMAR,252,1.0,True
QMFE,252,1.0,True
QMMY,252,1.0,True
QMNV,252,1.0,True
QMOM,252,1.0,True
QNC,25,0.0992063492063492,False
QNST,252,1.0,True
QOWZ,252,1.0,True
QPUX,162,0.6428571428571429,False
QPX,252,1.0,True
QQA,252,1.0,True
QQEW,252,1.0,True
QQH,252,1.0,True
QQMG,252,1.0,True
QQQ,252,1.0,True
QQQD,252,1.0,True
QQQE,252,1.0,True
QQQH,252,1.0,True
QQQI,252,1.0,True
QQQJ,252,1.0,True
QQQM,252,1.0,True
QQQS,252,1.0,True
QQQX,252,1.0,True
QQQY,252,1.0,True
QQXT,252,1.0,True
QRHC,252,1.0,True
QRVO,252,1.0,True
QS,252,1.0,True
QSI,252,1.0,True
QSPT,252,1.0,True
QSR,252,1.0,True
QTEC,252,1.0,True
QTI,252,1.0,True
QTOP,252,1.0,True
QTRX,252,1.0,True
QTTB,252,1.0,True
QTUM,252,1.0,True
QTWO,252,1.0,True
QUAD,252,1.0,True
QUAL,252,1.0,True
QUBT,252,1.0,True
QUIK,252,1.0,True
QUS,252,1.0,True
QVAL,252,1.0,True
QVMM,252,1.0,True
QVMT,252,1.0,True
QWLD,252,1.0,True
QXO,252,1.0,True
QYLD,252,1.0,True
QYLG,252,1.0,True
R,252,1.0,True
RA,252,1.0,True
RAAX,252,1.0,True
RAFE,252,1.0,True
RAIL,252,1.0,True
RAL,192,0.7619047619047619,False
RAMP,252,1.0,True
RANI,252,1.0,True
RAPP,252,1.0,True
RARE,252,1.0,True
RAVE,252,1.0,True
RAVI,252,1.0,True
RBA,252,1.0,True
RBB,252,1.0,True
RBBN,252,1.0,True
RBC,252,1.0,True
RBCAA,252,1.0,True
RBLD,252,1.0,True
RBLU,252,1.0,True
RBLX,252,1.0,True
RBRK,252,1.0,True
RBUF,252,1.0,True
RC,252,1.0,True
RCAT,252,1.0,True
RCEL,252,1.0,True
RCG,252,1.0,True
RCI,252,1.0,True
RCKT,252,1.0,True
RCKY,252,1.0,True
RCMT,252,1.0,True
RCS,252,1.0,True
RCUS,252,1.0,True
RDDT,252,1.0,True
RDI,252,1.0,True
RDIB,252,1.0,True
RDIV,252,1.0,True
RDN,252,1.0,True
RDNT,252,1.0,True
RDNW,252,1.0,True
RDTL,252,1.0,True
RDVI,252,1.0,True
RDVT,252,1.0,True
RDVY,252,1.0,True
RDW,252,1.0,True
RDY,252,1.0,True
REAL,252,1.0,True
RECS,252,1.0,True
REED,252,1.0,True
REET,252,1.0,True
REFI,252,1.0,True
REFR,252,1.0,True
REG,252,1.0,True
REGL,252,1.0,True
REGN,252,1.0,True
REI,252,1.0,True
REIX,252,1.0,True
REKR,252,1.0,True
RELL,252,1.0,True
RELX,252,1.0,True
RELY,252,1.0,True
REM,252,1.0,True
REMX,252,1.0,True
RENT,252,1.0,True
RENX,252,1.0,True
REPL,252,1.0,True
REPX,252,1.0,True
RERE,252,1.0,True
RES,252,1.0,True
REVS,252,1.0,True
REX,252,1.0,True
REXR,252,1.0,True
REYN,252,1.0,True
REZ,252,1.0,True
REZI,252,1.0,True
RF,252,1.0,True
RFDA,252,1.0,True
RFDI,252,1.0,True
RFEM,252,1.0,True
RFG,252,1.0,True
RFI,252,1.0,True
RFIL,252,1.0,True
RFL,252,1.0,True
RFLR,252,1.0,True
RFM,252,1.0,True
RFMZ,252,1.0,True
RFV,252,1.0,True
RGA,252,1.0,True
RGCO,252,1.0,True
RGEN,252,1.0,True
RGLD,252,1.0,True
RGNX,252,1.0,True
RGP,252,1.0,True
RGR,252,1.0,True
RGS,252,1.0,True
RGT,252,1.0,True
RGTI,252,1.0,True
RGTIW,0,0.0,False
RGTU,193,0.7658730158730159,False
RGTX,250,0.9920634920634921,True
RGTZ,118,0.46825396825396826,False
RH,252,1.0,True
RHI,252,1.0,True
RHLD,252,1.0,True
RHP,252,1.0,True
RICK,252,1.0,True
RIET,252,1.0,True
RIGL,252,1.0,True
RIGS,252,1.0,True
RILY,252,1.0,True
RIME,252,1.0,True
RING,252,1.0,True
RIO,252,1.0,True
RIOT,252,1.0,True
RITM,252,1.0,True
RIV,252,1.0,True
RIVN,252,1.0,True
RJDI,123,0.4880952380952381,False
RJF,252,1.0,True
RJMI,123,0.4880952380952381,False
RJVI,123,0.4880952380952381,False
RKLB,252,1.0,True
RKT,252,1.0,True
RL,252,1.0,True
RLAY,252,1.0,True
RLGT,252,1.0,True
RLI,252,1.0,True
RLJ,252,1.0,True
RLMD,252,1.0,True
RLTY,252,1.0,True
RLX,252,1.0,True
RLY,252,1.0,True
RLYB,252,1.0,True
RM,252,1.0,True
RMBI,252,1.0,True
RMBS,252,1.0,True
RMCF,252,1.0,True
RMD,252,1.0,True
RMI,252,1.0,True
RMMZ,252,1.0,True
RMNI,252,1.0,True
RMOP,252,1.0,True
RMR,252,1.0,True
RMT,252,1.0,True
RMTIEUR,0,0.0,False
RNA,22,0.0873015873015873,False
RNAC,252,1.0,True
RNG,252,1.0,True
RNGR,252,1.0,True
RNRG,252,1.0,True
RNST,252,1.0,True
RNTX,252,1.0,True
RNXT,252,1.0,True
ROAD,252,1.0,True
ROAM,252,1.0,True
ROBN,252,1.0,True
ROBO,252,1.0,True
ROBT,252,1.0,True
ROCK,252,1.0,True
RODM,252,1.0,True
ROE,252,1.0,True
ROG,252,1.0,True
ROK,252,1.0,True
ROKT,252,1.0,True
ROKU,252,1.0,True
ROL,252,1.0,True
ROLR,252,1.0,True
ROM,252,1.0,True
ROMO,252,1.0,True
RONB,72,0.2857142857142857,False
ROOT,252,1.0,True
ROP,252,1.0,True
ROSC,252,1.0,True
ROST,252,1.0,True
ROUS,252,1.0,True
RPAR,252,1.0,True
RPAY,252,1.0,True
RPC,252,1.0,True
RPD,252,1.0,True
RPG,252,1.0,True
RPID,252,1.0,True
RPM,252,1.0,True
RPT,252,1.0,True
RPV,252,1.0,True
RQI,252,1.0,True
RR,252,1.0,True
RRBI,252,1.0,True
RRC,252,1.0,True
RRGB,252,1.0,True
RRR,252,1.0,True
RRX,252,1.0,True
RS,252,1.0,True
RSBA,252,1.0,True
RSBT,252,1.0,True
RSDE,252,1.0,True
RSG,252,1.0,True
RSI,252,1.0,True
RSMC,252,1.0,True
RSP,252,1.0,True
RSPA,252,1.0,True
RSPC,252,1.0,True
RSPD,252,1.0,True
RSPE,252,1.0,True
RSPF,252,1.0,True
RSPG,252,1.0,True
RSPH,252,1.0,True
RSPM,252,1.0,True
RSPN,252,1.0,True
RSPR,252,1.0,True
RSPS,252,1.0,True
RSPT,252,1.0,True
RSPU,252,1.0,True
RSSB,252,1.0,True
RSSS,252,1.0,True
RSST,252,1.0,True
RSSX,209,0.8293650793650794,False
RSVR,252,1.0,True
RTH,252,1.0,True
RTO,252,1.0,True
RTX,252,1.0,True
RUM,252,1.0,True
RUN,252,1.0,True
RUSHA,252,1.0,True
RUSHB,252,1.0,True
RVLV,252,1.0,True
RVMD,252,1.0,True
RVNU,252,1.0,True
RVP,252,1.0,True
RVPH,252,1.0,True
RVSB,252,1.0,True
RVT,252,1.0,True
RVTY,252,1.0,True
RWJ,252,1.0,True
RWK,252,1.0,True
RWL,252,1.0,True
RWO,252,1.0,True
RWR,252,1.0,True
RWT,252,1.0,True
RXI,252,1.0,True
RXL,252,1.0,True
RXO,252,1.0,True
RXRX,252,1.0,True
RXST,252,1.0,True
RXT,252,1.0,True
RY,252,1.0,True
RYAAY,252,1.0,True
RYAM,252,1.0,True
RYAN,252,1.0,True
RYLD,252,1.0,True
RYM,252,1.0,True
RYN,252,1.0,True
RYTM,252,1.0,True
RYZ,252,1.0,True
RZG,252,1.0,True
RZLT,252,1.0,True
RZV,252,1.0,True
S,252,1.0,True
SABA,252,1.0,True
SABR,252,1.0,True
SABS,252,1.0,True
SACH,252,1.0,True
SAFE,252,1.0,True
SAFT,252,1.0,True
SAFX,252,1.0,True
SAH,252,1.0,True
SAIA,252,1.0,True
SAIC,252,1.0,True
SAIL,252,1.0,True
SAM,252,1.0,True
SAMG,252,1.0,True
SAMT,252,1.0,True
SAN,252,1.0,True
SANA,252,1.0,True
SANM,252,1.0,True
SAP,252,1.0,True
SAR,252,1.0,True
SARK,252,1.0,True
SARO,252,1.0,True
SATL,252,1.0,True
SATO,252,1.0,True
SAUG,252,1.0,True
SBAC,252,1.0,True
SBAR,240,0.9523809523809523,True
SBC,252,1.0,True
SBCF,252,1.0,True
SBET,252,1.0,True
SBFG,252,1.0,True
SBGI,252,1.0,True
SBGSY,252,1.0,True
SBH,252,1.0,True
SBI,252,1.0,True
SBIO,252,1.0,True
SBIT,252,1.0,True
SBND,252,1.0,True
SBR,252,1.0,True
SBRA,252,1.0,True
SBS,252,1.0,True
SBSI,252,1.0,True
SBSW,252,1.0,True
SBUX,252,1.0,True
SCC,252,1.0,True
SCCO,252,1.0,True
SCCR,252,1.0,True
SCHA,252,1.0,True
SCHB,252,1.0,True
SCHC,252,1.0,True
SCHD,252,1.0,True
SCHE,252,1.0,True
SCHF,252,1.0,True
SCHG,252,1.0,True
SCHH,252,1.0,True
SCHI,252,1.0,True
SCHJ,252,1.0,True
SCHK,252,1.0,True
SCHL,252,1.0,True
SCHM,252,1.0,True
SCHO,252,1.0,True
SCHP,252,1.0,True
SCHQ,252,1.0,True
SCHR,252,1.0,True
SCHV,252,1.0,True
SCHW,252,1.0,True
SCHX,252,1.0,True
SCHY,252,1.0,True
SCHZ,252,1.0,True
SCI,252,1.0,True
SCJ,252,1.0,True
SCKT,252,1.0,True
SCL,252,1.0,True
SCLX,252,1.0,True
SCLZ,252,1.0,True
SCM,252,1.0,True
SCMB,252,1.0,True
SCOR,252,1.0,True
SCOUSD,0,0.0,False
SCSC,252,1.0,True
SCWO,252,1.0,True
SCYB,252,1.0,True
SCYXEUR,0,0.0,False
SCZ,252,1.0,True
SD,252,1.0,True
SDCI,252,1.0,True
SDEV,252,1.0,True
SDFI,252,1.0,True
SDG,252,1.0,True
SDGR,252,1.0,True
SDHC,252,1.0,True
SDHY,252,1.0,True
SDIV,252,1.0,True
SDOG,252,1.0,True
SDOW,252,1.0,True
SDS,252,1.0,True
SDSI,252,1.0,True
SDVD,252,1.0,True
SDVY,252,1.0,True
SDY,252,1.0,True
SE,252,1.0,True
SEA1EUR,0,0.0,False
SEAT,252,1.0,True
SEB,252,1.0,True
SECR,252,1.0,True
SECT,252,1.0,True
SECU,44,0.1746031746031746,False
SEDG,252,1.0,True
SEEM,252,1.0,True
SEER,252,1.0,True
SEG,252,1.0,True
SEI,252,1.0,True
SEIC,252,1.0,True
SEIE,252,1.0,True
SEIM,252,1.0,True
SEIQ,252,1.0,True
SEIS,252,1.0,True
SEIV,252,1.0,True
SEIX,252,1.0,True
SELF,252,1.0,True
SELV,252,1.0,True
SEMREUR,0,0.0,False
SENEA,252,1.0,True
SENS,252,1.0,True
SEPI,141,0.5595238095238095,False
SEPM,252,1.0,True
SEPN,252,1.0,True
SEPT,252,1.0,True
SEPW,252,1.0,True
SERA,252,1.0,True
SERV,252,1.0,True
SES,252,1.0,True
SETH,252,1.0,True
SETM,252,1.0,True
SEV,113,0.44841269841269843,False
SEVN,252,1.0,True
SEZL,252,1.0,True
SF,252,1.0,True
SFBC,252,1.0,True
SFBS,252,1.0,True
SFD,252,1.0,True
SFEB,252,1.0,True
SFIX,252,1.0,True
SFLO,252,1.0,True
SFLR,252,1.0,True
SFM,252,1.0,True
SFNC,252,1.0,True
SFST,252,1.0,True
SFY,252,1.0,True
SG,252,1.0,True
SGA,252,1.0,True
SGC,252,1.0,True
SGDJ,252,1.0,True
SGDM,252,1.0,True
SGHT,252,1.0,True
SGI,252,1.0,True
SGML,252,1.0,True
SGMOQ,252,1.0,True
SGMT,252,1.0,True
SGOL,252,1.0,True
SGOV,252,1.0,True
SGRP,252,1.0,True
SGRY,252,1.0,True
SGU,252,1.0,True
SGVT,200,0.7936507936507936,False
SH,252,1.0,True
SHAK,252,1.0,True
SHBI,252,1.0,True
SHC,252,1.0,True
SHDG,252,1.0,True
SHE,252,1.0,True
SHEL,252,1.0,True
SHEN,252,1.0,True
SHG,252,1.0,True
SHIM,252,1.0,True
SHLD,252,1.0,True
SHLS,252,1.0,True
SHM,252,1.0,True
SHO,252,1.0,True
SHOC,252,1.0,True
SHOE,252,1.0,True
SHOO,252,1.0,True
SHOP,252,1.0,True
SHV,252,1.0,True
SHW,252,1.0,True
SHY,252,1.0,True
SHYD,252,1.0,True
SHYG,252,1.0,True
SHYL,252,1.0,True
SHYM,252,1.0,True
SI,167,0.6626984126984127,False
SIBN,252,1.0,True
SID,252,1.0,True
SIDU,252,1.0,True
SIEB,252,1.0,True
SIF,252,1.0,True
SIFY,252,1.0,True
SIGA,252,1.0,True
SIGI,252,1.0,True
SII,252,1.0,True
SIL,252,1.0,True
SILJ,252,1.0,True
SIM,252,1.0,True
SIMO,252,1.0,True
SIO,252,1.0,True
SION,252,1.0,True
SIRI,252,1.0,True
SITC,252,1.0,True
SITE,252,1.0,True
SITM,252,1.0,True
SIVR,252,1.0,True
SIXD,252,1.0,True
SIXF,252,1.0,True
SIXJ,252,1.0,True
SIXO,252,1.0,True
SIXP,252,1.0,True
SIZE,252,1.0,True
SJM,252,1.0,True
SJNK,252,1.0,True
SJT,252,1.0,True
SKE,252,1.0,True
SKF,252,1.0,True
SKIL,252,1.0,True
SKIN,252,1.0,True
SKM,252,1.0,True
SKOR,252,1.0,True
SKRE,252,1.0,True
SKT,252,1.0,True
SKWD,252,1.0,True
SKY,252,1.0,True
SKYA,252,1.0,True
SKYH,252,1.0,True
SKYQ,252,1.0,True
SKYW,252,1.0,True
SKYX,252,1.0,True
SKYY,252,1.0,True
SLAB,252,1.0,True
SLB,252,1.0,True
SLDB,252,1.0,True
SLDE,196,0.7777777777777778,False
SLDP,252,1.0,True
SLF,252,1.0,True
SLG,252,1.0,True
SLGN,252,1.0,True
SLI,252,1.0,True
SLM,252,1.0,True
SLN,252,1.0,True
SLND,252,1.0,True
SLNH,252,1.0,True
SLNOEUR,0,0.0,False
SLONUSD,0,0.0,False
SLP,252,1.0,True
SLQD,252,1.0,True
SLQT,252,1.0,True
SLRC,252,1.0,True
SLS,252,1.0,True
SLSN,252,1.0,True
SLSR,252,1.0,True
SLV,252,1.0,True
SLVM,252,1.0,True
SLVP,252,1.0,True
SLVR,252,1.0,True
SLWS,98,0.3888888888888889,False
SLX,252,1.0,True
SLYG,252,1.0,True
SLYV,252,1.0,True
SM,252,1.0,True
SMA,249,0.9880952380952381,True
SMAX,252,1.0,True
SMAY,252,1.0,True
SMB,252,1.0,True
SMBC,252,1.0,True
SMBK,252,1.0,True
SMBS,252,1.0,True
SMC,252,1.0,True
SMCI,252,1.0,True
SMCO,252,1.0,True
SMCX,252,1.0,True
SMCY,252,1.0,True
SMDD,252,1.0,True
SMDV,252,1.0,True
SMFG,252,1.0,True
SMG,252,1.0,True
SMH,252,1.0,True
SMHI,252,1.0,True
SMID,252,1.0,True
SMIG,252,1.0,True
SMIN,252,1.0,True
SMLF,252,1.0,True
SMLL,252,1.0,True
SMLV,252,1.0,True
SMMD,252,1.0,True
SMMT,252,1.0,True
SMMU,252,1.0,True
SMMV,252,1.0,True
SMOG,252,1.0,True
SMOT,252,1.0,True
SMP,252,1.0,True
SMPL,252,1.0,True
SMR,252,1.0,True
SMRT,252,1.0,True
SMTC,252,1.0,True
SMTH,252,1.0,True
SMTI,252,1.0,True
SMU,181,0.7182539682539683,False
SNA,252,1.0,True
SNAP,252,1.0,True
SNBRQ,252,1.0,True
SNCY,0,0.0,False
SND,252,1.0,True
SNDA,252,1.0,True
SNDK,252,1.0,True
SNDL,252,1.0,True
SNDR,252,1.0,True
SNDX,252,1.0,True
SNES,252,1.0,True
SNEX,252,1.0,True
SNFCA,252,1.0,True
SNGX,252,1.0,True
SNN,252,1.0,True
SNOA,252,1.0,True
SNOV,252,1.0,True
SNOW,252,1.0,True
SNPE,252,1.0,True
SNPS,252,1.0,True
SNPX,0,0.0,False
SNSR,252,1.0,True
SNT,252,1.0,True
SNWV,252,1.0,True
SNX,252,1.0,True
SNY,252,1.0,True
SNYR,252,1.0,True
SO,252,1.0,True
SOBO,252,1.0,True
SOC,252,1.0,True
SOCL,252,1.0,True
SOEZ,80,0.31746031746031744,False
SOFI,252,1.0,True
SOGP,252,1.0,True
SOHU,252,1.0,True
SOLS,111,0.44047619047619047,False
SOLT,252,1.0,True
SOLV,252,1.0,True
SOLZ,252,1.0,True
SON,252,1.0,True
SONO,252,1.0,True
SONY,252,1.0,True
SOTK,252,1.0,True
SOUN,252,1.0,True
SOVF,252,1.0,True
SOXL,252,1.0,True
SOXQ,252,1.0,True
SOXX,252,1.0,True
SOXY,252,1.0,True
SOYB,252,1.0,True
SPAB,252,1.0,True
SPB,252,1.0,True
SPBC,252,1.0,True
SPBO,252,1.0,True
SPBW,252,1.0,True
SPCE,252,1.0,True
SPD,252,1.0,True
SPDN,252,1.0,True
SPDV,252,1.0,True
SPDW,252,1.0,True
SPE,252,1.0,True
SPEM,252,1.0,True
SPEU,252,1.0,True
SPFF,252,1.0,True
SPFI,252,1.0,True
SPG,252,1.0,True
SPGI,252,1.0,True
SPGM,252,1.0,True
SPGP,252,1.0,True
SPH,252,1.0,True
SPHB,252,1.0,True
SPHD,252,1.0,True
SPHQ,252,1.0,True
SPHR,252,1.0,True
SPHY,252,1.0,True
SPIB,252,1.0,True
SPIN,252,1.0,True
SPIP,252,1.0,True
SPIR,252,1.0,True
SPLB,252,1.0,True
SPLV,252,1.0,True
SPMB,252,1.0,True
SPMD,252,1.0,True
SPMO,252,1.0,True
SPOG,91,0.3611111111111111,False
SPOK,252,1.0,True
SPPP,252,1.0,True
SPRE,252,1.0,True
SPRO,252,1.0,True
SPRU,252,1.0,True
SPRX,252,1.0,True
SPRY,252,1.0,True
SPSB,252,1.0,True
SPSC,252,1.0,True
SPSK,252,1.0,True
SPSM,252,1.0,True
SPT,252,1.0,True
SPTB,252,1.0,True
SPTE,252,1.0,True
SPTI,252,1.0,True
SPTL,252,1.0,True
SPTM,252,1.0,True
SPTS,252,1.0,True
SPUS,252,1.0,True
SPUU,252,1.0,True
SPVM,252,1.0,True
SPWH,252,1.0,True
SPWO,252,1.0,True
SPWR,252,1.0,True
SPXC,252,1.0,True
SPXE,252,1.0,True
SPXL,252,1.0,True
SPXN,252,1.0,True
SPXS,252,1.0,True
SPXT,252,1.0,True
SPXU,252,1.0,True
SPY,252,1.0,True
SPYC,252,1.0,True
SPYD,252,1.0,True
SPYG,252,1.0,True
SPYI,252,1.0,True
SPYM,252,1.0,True
SPYV,252,1.0,True
SPYX,252,1.0,True
SQFT,252,1.0,True
SQFTW,0,0.0,False
SQLV,252,1.0,True
SQM,252,1.0,True
SQQQ,252,1.0,True
SR,252,1.0,True
SRBK,252,1.0,True
SRCE,252,1.0,True
SRE,252,1.0,True
SRET,252,1.0,True
SRFM,252,1.0,True
SRG,252,1.0,True
SRI,252,1.0,True
SRLN,252,1.0,True
SROI,252,1.0,True
SRPT,252,1.0,True
SRRK,252,1.0,True
SRTA,252,1.0,True
SRTS,252,1.0,True
SRV,252,1.0,True
SRVR,252,1.0,True
SRZN,252,1.0,True
SS91,0,0.0,False
SSB,252,1.0,True
SSBI,252,1.0,True
SSD,252,1.0,True
SSFI,252,1.0,True
SSK,187,0.7420634920634921,False
SSL,252,1.0,True
SSNC,252,1.0,True
SSO,252,1.0,True
SSP,252,1.0,True
SSPY,252,1.0,True
SSRM,252,1.0,True
SST,252,1.0,True
SSTI,252,1.0,True
SSTK,252,1.0,True
SSUS,252,1.0,True
SSXU,252,1.0,True
STAA,252,1.0,True
STAG,252,1.0,True
STBA,252,1.0,True
STBF,252,1.0,True
STC,252,1.0,True
STCE,252,1.0,True
STEM,252,1.0,True
STEN,124,0.49206349206349204,False
STEP,252,1.0,True
STEW,252,1.0,True
STEX,252,1.0,True
STGW,252,1.0,True
STHO,252,1.0,True
STIM,252,1.0,True
STIP,252,1.0,True
STK,252,1.0,True
STKE,252,1.0,True
STKL,0,0.0,False
STLD,252,1.0,True
STLN,252,1.0,True
STM,252,1.0,True
STN,252,1.0,True
STNC,252,1.0,True
STOK,252,1.0,True
STOT,252,1.0,True
STPZ,252,1.0,True
STRA,252,1.0,True
STRL,252,1.0,True
STRO,252,1.0,True
STRR,252,1.0,True
STRS,252,1.0,True
STRT,252,1.0,True
STRW,252,1.0,True
STRZ,225,0.8928571428571429,False
STT,252,1.0,True
STTK,252,1.0,True
STUB,134,0.5317460317460317,False
STWD,252,1.0,True
STXD,252,1.0,True
STXE,252,1.0,True
STXF,252,1.0,True
STXG,252,1.0,True
STXK,252,1.0,True
STXS,252,1.0,True
STXT,252,1.0,True
STXV,252,1.0,True
STZ,252,1.0,True
SU,252,1.0,True
SUB,252,1.0,True
SUI,252,1.0,True
SUIG,252,1.0,True
SUN,252,1.0,True
SUNB,21,0.08333333333333333,False
SUNC,98,0.3888888888888889,False
SUNE,252,1.0,True
SUNS,252,1.0,True
SUPN,252,1.0,True
SUPP,252,1.0,True
SUPV,252,1.0,True
SURE,252,1.0,True
SURG,252,1.0,True
SUSA,252,1.0,True
SUSB,252,1.0,True
SUSC,252,1.0,True
SUSL,252,1.0,True
SUZ,252,1.0,True
SVAL,252,1.0,True
SVCO,252,1.0,True
SVIX,252,1.0,True
SVM,252,1.0,True
SVOL,252,1.0,True
SVRA,252,1.0,True
SVV,252,1.0,True
SVXY,252,1.0,True
SWAG,252,1.0,True
SWAN,252,1.0,True
SWBI,252,1.0,True
SWIM,252,1.0,True
SWK,252,1.0,True
SWKH,0,0.0,False
SWKS,252,1.0,True
SWMR,10,0.03968253968253968,False
SWPPX,252,1.0,True
SWX,252,1.0,True
SWYMX,252,1.0,True
SWZ,252,1.0,True
SXC,252,1.0,True
SXI,252,1.0,True
SXT,252,1.0,True
SY,252,1.0,True
SYBT,252,1.0,True
SYF,252,1.0,True
SYFI,252,1.0,True
SYK,252,1.0,True
SYLD,252,1.0,True
SYM,252,1.0,True
SYNA,252,1.0,True
SYPR,252,1.0,True
SYRE,252,1.0,True
SYSB,252,1.0,True
SYY,252,1.0,True
T,252,1.0,True
T86,0,0.0,False
TAC,252,1.0,True
TACK,252,1.0,True
TACT,252,1.0,True
TAFI,252,1.0,True
TAFL,252,1.0,True
TAFM,252,1.0,True
TAGG,252,1.0,True
TAGS,252,1.0,True
TAIL,252,1.0,True
TAK,252,1.0,True
TAL,252,1.0,True
TALO,252,1.0,True
TAN,252,1.0,True
TAOX,252,1.0,True
TAP,252,1.0,True
TAPR,250,0.9920634920634921,True
TARA,252,1.0,True
TARK,252,1.0,True
TARS,252,1.0,True
TASK,252,1.0,True
TAXE,252,1.0,True
TAXF,252,1.0,True
TAXX,252,1.0,True
TAYD,252,1.0,True
TBBK,252,1.0,True
TBCH,252,1.0,True
TBG,252,1.0,True
TBI,252,1.0,True
TBIL,252,1.0,True
TBLD,252,1.0,True
TBLL,252,1.0,True
TBLU,252,1.0,True
TBN,252,1.0,True
TBT,252,1.0,True
TBUX,252,1.0,True
TCAF,252,1.0,True
TCAI,164,0.6507936507936508,False
TCAL,252,1.0,True
TCBI,252,1.0,True
TCBK,252,1.0,True
TCBS,252,1.0,True
TCBX,252,1.0,True
TCHP,252,1.0,True
TCI,252,1.0,True
TCMD,252,1.0,True
TCOM,252,1.0,True
TCPB,252,1.0,True
TCPC,252,1.0,True
TCRT,252,1.0,True
TCRX,252,1.0,True
TCV,177,0.7023809523809523,False
TCX,252,1.0,True
TD,252,1.0,True
TDAY,252,1.0,True
TDC,252,1.0,True
TDF,252,1.0,True
TDG,252,1.0,True
TDI,252,1.0,True
TDIV,252,1.0,True
TDOC,252,1.0,True
TDS,252,1.0,True
TDTF,252,1.0,True
TDTT,252,1.0,True
TDUP,252,1.0,True
TDV,252,1.0,True
TDVG,252,1.0,True
TDVI,252,1.0,True
TDW,252,1.0,True
TDY,252,1.0,True
TE,252,1.0,True
TEAD,252,1.0,True
TEAM,252,1.0,True
TECB,252,1.0,True
TECH,252,1.0,True
TECK,252,1.0,True
TECL,252,1.0,True
TECS,252,1.0,True
TECX,252,1.0,True
TEI,252,1.0,True
TEK,252,1.0,True
TEKX,252,1.0,True
TELA,252,1.0,True
TELFY,252,1.0,True
TELO,252,1.0,True
TEM,252,1.0,True
TEMT,221,0.876984126984127,False
TENB,252,1.0,True
TEND,119,0.4722222222222222,False
TENM,108,0.42857142857142855,False
TENX,252,1.0,True
TEO,252,1.0,True
TEQI,252,1.0,True
TER,252,1.0,True
TESL,252,1.0,True
TEVA,252,1.0,True
TEX,252,1.0,True
TFC,252,1.0,True
TFI,252,1.0,True
TFII,252,1.0,True
TFIN,252,1.0,True
TFLO,252,1.0,True
TFLR,252,1.0,True
TFPM,252,1.0,True
TFPN,252,1.0,True
TFSL,252,1.0,True
TFX,252,1.0,True
TG,252,1.0,True
TGEN,252,1.0,True
TGRT,252,1.0,True
TGRW,252,1.0,True
TGS,252,1.0,True
TGT,252,1.0,True
TGTX,252,1.0,True
TH,252,1.0,True
THC,252,1.0,True
THD,252,1.0,True
THFF,252,1.0,True
THG,252,1.0,True
THM,252,1.0,True
THMZ,246,0.9761904761904762,True
THNQ,252,1.0,True
THO,252,1.0,True
THQ,252,1.0,True
THRM,252,1.0,True
THRO,252,1.0,True
THRY,252,1.0,True
THW,252,1.0,True
THYF,252,1.0,True
TIC,252,1.0,True
TIGR,252,1.0,True
TIL,252,1.0,True
TILE,252,1.0,True
TILL,252,1.0,True
TILT,252,1.0,True
TIMB,252,1.0,True
TIP,252,1.0,True
TIPT,252,1.0,True
TIPX,252,1.0,True
TIPZ,252,1.0,True
TISI,252,1.0,True
TITN,252,1.0,True
TJAN,252,1.0,True
TJUL,252,1.0,True
TJX,252,1.0,True
TKC,252,1.0,True
TKNO,252,1.0,True
TKO,252,1.0,True
TKOEUR,0,0.0,False
TKR,252,1.0,True
TLF,252,1.0,True
TLG,11,0.04365079365079365,False
TLH,252,1.0,True
TLK,252,1.0,True
TLN,252,1.0,True
TLPH,252,1.0,True
TLRY,252,1.0,True
TLS,252,1.0,True
TLSI,252,1.0,True
TLT,252,1.0,True
TLTD,252,1.0,True
TLTE,252,1.0,True
TLTI,252,1.0,True
TLTW,252,1.0,True
TLX,252,1.0,True
TLYS,252,1.0,True
TM,252,1.0,True
TMAT,252,1.0,True
TMB,252,1.0,True
TMC,252,1.0,True
TMCI,252,1.0,True
TMDX,252,1.0,True
TME,252,1.0,True
TMF,252,1.0,True
TMFC,252,1.0,True
TMFE,252,1.0,True
TMFG,252,1.0,True
TMFM,252,1.0,True
TMFS,252,1.0,True
TMFX,252,1.0,True
TMHC*,0,0.0,False
TMO,252,1.0,True
TMP,252,1.0,True
TMQ,252,1.0,True
TMSL,252,1.0,True
TMUS,252,1.0,True
TMV,252,1.0,True
TNA,252,1.0,True
TNC,252,1.0,True
TNDM,252,1.0,True
TNET,252,1.0,True
TNGX,252,1.0,True
TNGY,198,0.7857142857142857,False
TNL,252,1.0,True
TNXP,252,1.0,True
TNYA,252,1.0,True
TOAK,252,1.0,True
TOCT,124,0.49206349206349204,False
TOGA,252,1.0,True
TOKEUSD,0,0.0,False
TOL,252,1.0,True
TOLZ,252,1.0,True
TONX,252,1.0,True
TOON,252,1.0,True
TOPT,252,1.0,True
TOPW,143,0.5674603174603174,False
TOST,252,1.0,True
TOTL,252,1.0,True
TOTR,252,1.0,True
TOUR,252,1.0,True
TOUS,252,1.0,True
TOWN,252,1.0,True
TOXR,74,0.29365079365079366,False
TPB,252,1.0,True
TPC,252,1.0,True
TPG,252,1.0,True
TPHD,252,1.0,True
TPIF,252,1.0,True
TPL,252,1.0,True
TPLC,252,1.0,True
TPOR,252,1.0,True
TPR,252,1.0,True
TPSC,252,1.0,True
TPVG,252,1.0,True
TPYP,252,1.0,True
TPZ,252,1.0,True
TQQQ,252,1.0,True
TQQY,252,1.0,True
TR,252,1.0,True
TRAK,252,1.0,True
TRC,252,1.0,True
TRDA,252,1.0,True
TREE,252,1.0,True
TREX,252,1.0,True
TRFK,252,1.0,True
TRFM,252,1.0,True
TRGP,252,1.0,True
TRI4EUR,0,0.0,False
TRIN,252,1.0,True
TRIP,252,1.0,True
TRMB,252,1.0,True
TRMK,252,1.0,True
TRN,252,1.0,True
TRND,252,1.0,True
TRNO,252,1.0,True
TRNS,252,1.0,True
TROW,252,1.0,True
TRP,252,1.0,True
TRPA,252,1.0,True
TRS,252,1.0,True
TRST,252,1.0,True
TRT,252,1.0,True
TRTX,252,1.0,True
TRU,252,1.0,True
TRUP,252,1.0,True
TRV,252,1.0,True
TRVG,252,1.0,True
TRVI,252,1.0,True
TRX,252,1.0,True
TS,252,1.0,True
TSAT,252,1.0,True
TSBK,252,1.0,True
TSCO,252,1.0,True
TSDD,252,1.0,True
TSEL,252,1.0,True
TSES,62,0.24603174603174602,False
TSHA,252,1.0,True
TSI,252,1.0,True
TSIC,62,0.24603174603174602,False
TSLA,252,1.0,True
TSLG,252,1.0,True
TSLL,252,1.0,True
TSLQ,252,1.0,True
TSLR,252,1.0,True
TSLT,252,1.0,True
TSLW,252,1.0,True
TSLX,252,1.0,True
TSLY,252,1.0,True
TSLZ,252,1.0,True
TSM,252,1.0,True
TSME,252,1.0,True
TSMG,252,1.0,True
TSMU,252,1.0,True
TSMX,252,1.0,True
TSN,252,1.0,True
TSNF,62,0.24603174603174602,False
TSPA,252,1.0,True
TSPY,252,1.0,True
TSQ,252,1.0,True
TSRS,62,0.24603174603174602,False
TSSD,62,0.24603174603174602,False
TSSI,252,1.0,True
TTAN,252,1.0,True
TTC,252,1.0,True
TTD,252,1.0,True
TTEC,252,1.0,True
TTEK,252,1.0,True
TTEQ,252,1.0,True
TTGT,252,1.0,True
TTI,252,1.0,True
TTMI,252,1.0,True
TTNDY,252,1.0,True
TTRX,119,0.4722222222222222,False
TTT,252,1.0,True
TTWO,252,1.0,True
TU,252,1.0,True
TUA,252,1.0,True
TUR,252,1.0,True
TUSI,252,1.0,True
TUSK,252,1.0,True
TUYA,252,1.0,True
TVAL,252,1.0,True
TVGN,252,1.0,True
TVRD,252,1.0,True
TVTX,252,1.0,True
TW,252,1.0,True
TWAV,252,1.0,True
TWFG,252,1.0,True
TWI,252,1.0,True
TWIN,252,1.0,True
TWLO,252,1.0,True
TWST,252,1.0,True
TX,252,1.0,True
TXG,252,1.0,True
TXMD,252,1.0,True
TXN,252,1.0,True
TXNM,252,1.0,True
TXO,252,1.0,True
TXRH,252,1.0,True
TXS,252,1.0,True
TXT,252,1.0,True
TXUE,252,1.0,True
TXXI,252,1.0,True
TY,252,1.0,True
TYD,252,1.0,True
TYG,252,1.0,True
TYGO,252,1.0,True
TYL,252,1.0,True
TYO,252,1.0,True
TYRA,252,1.0,True
TZOO,252,1.0,True
U,252,1.0,True
UA,252,1.0,True
UAA,252,1.0,True
UAE,252,1.0,True
UAL,252,1.0,True
UAMY,252,1.0,True
UAN,252,1.0,True
UAPR,252,1.0,True
UAUG,252,1.0,True
UAVS,252,1.0,True
UBCP,252,1.0,True
UBER,252,1.0,True
UBEW,108,0.42857142857142855,False
UBFO,0,0.0,False
UBND,252,1.0,True
UBRL,252,1.0,True
UBSI,252,1.0,True
UCB,252,1.0,True
UCL,252,1.0,True
UCO,252,1.0,True
UCON,252,1.0,True
UCTT,252,1.0,True
UDEC,252,1.0,True
UDIV,252,1.0,True
UDN,252,1.0,True
UDOW,252,1.0,True
UDR,252,1.0,True
UE,252,1.0,True
UEC,252,1.0,True
UEIC,252,1.0,True
UEVM,252,1.0,True
UFCS,252,1.0,True
UFEB,252,1.0,True
UFI,252,1.0,True
UFIV,252,1.0,True
UFO,252,1.0,True
UFOX,252,1.0,True
UFPI,252,1.0,True
UFPT,252,1.0,True
UG,252,1.0,True
UGA,252,1.0,True
UGE,252,1.0,True
UGI,252,1.0,True
UGL,252,1.0,True
UGP,252,1.0,True
UHAL,252,1.0,True
UHAL/B,0,0.0,False
UHG,0,0.0,False
UHS,252,1.0,True
UHT,252,1.0,True
UI,252,1.0,True
UIS,252,1.0,True
UITB,252,1.0,True
UJAN,252,1.0,True
UJUL,252,1.0,True
UL,252,1.0,True
ULBI,252,1.0,True
ULCC,252,1.0,True
ULH,252,1.0,True
ULS,252,1.0,True
ULST,252,1.0,True
ULTA,252,1.0,True
ULTY,252,1.0,True
UMAC,252,1.0,True
UMAR,252,1.0,True
UMAY,252,1.0,True
UMBF,252,1.0,True
UMC,252,1.0,True
UMH,252,1.0,True
UMI,252,1.0,True
UNB,252,1.0,True
UNCY,252,1.0,True
UNF,252,1.0,True
UNFI,252,1.0,True
UNG,252,1.0,True
UNH,252,1.0,True
UNHG,174,0.6904761904761905,False
UNHW,80,0.31746031746031744,False
UNIT,252,1.0,True
UNM,252,1.0,True
UNOV,252,1.0,True
UNP,252,1.0,True
UNTY,252,1.0,True
UOCT,252,1.0,True
UONEK,252,1.0,True
UPB,252,1.0,True
UPBD,252,1.0,True
UPGD,252,1.0,True
UPLDEUR,0,0.0,False
UPRO,252,1.0,True
UPS,252,1.0,True
UPST,252,1.0,True
UPWK,252,1.0,True
UPXI,252,1.0,True
URA,252,1.0,True
URAN,252,1.0,True
URBN,252,1.0,True
URG,252,1.0,True
URI,252,1.0,True
URNJ,252,1.0,True
URNM,252,1.0,True
URTH,252,1.0,True
URTY,252,1.0,True
USA,252,1.0,True
USAC,252,1.0,True
USAI,252,1.0,True
USAR,252,1.0,True
USAS,252,1.0,True
USAU,252,1.0,True
USAX,53,0.21031746031746032,False
USB,252,1.0,True
USCB,252,1.0,True
USCI,252,1.0,True
USEP,252,1.0,True
USFD,252,1.0,True
USFR,252,1.0,True
USG,252,1.0,True
USGO,252,1.0,True
USHY,252,1.0,True
USIG,252,1.0,True
USIO,252,1.0,True
USL,252,1.0,True
USLM,252,1.0,True
USMC,252,1.0,True
USMF,252,1.0,True
USMV,252,1.0,True
USNA,252,1.0,True
USO,252,1.0,True
USOY,252,1.0,True
USPH,252,1.0,True
USPX,252,1.0,True
USRT,252,1.0,True
USSG,252,1.0,True
USTB,252,1.0,True
USVM,252,1.0,True
USXF,252,1.0,True
UTE0,0,0.0,False
UTEN,252,1.0,True
UTES,252,1.0,True
UTF,252,1.0,True
UTG,252,1.0,True
UTHR,252,1.0,True
UTI,252,1.0,True
UTL,252,1.0,True
UTMD,252,1.0,True
UTSL,252,1.0,True
UTWO,252,1.0,True
UTZ,252,1.0,True
UUP,252,1.0,True
UUU,252,1.0,True
UUUG,53,0.21031746031746032,False
UUUU,252,1.0,True
UVE,252,1.0,True
UVSP,252,1.0,True
UVV,252,1.0,True
UWM,252,1.0,True
UWMC,252,1.0,True
UX,252,1.0,True
UXI,252,1.0,True
UXRPUSD,0,0.0,False
UYG,252,1.0,True
UYLD,252,1.0,True
UYM,252,1.0,True
V,252,1.0,True
VABK,252,1.0,True
VAC,252,1.0,True
VALE,252,1.0,True
VALG,69,0.27380952380952384,False
VALN,252,1.0,True
VALQ,252,1.0,True
VALU,252,1.0,True
VANI,252,1.0,True
VATE,252,1.0,True
VAW,252,1.0,True
VB,252,1.0,True
VBF,252,1.0,True
VBIL,252,1.0,True
VBK,252,1.0,True
VBND,252,1.0,True
VBNK,252,1.0,True
VBR,252,1.0,True
VC,252,1.0,True
VCEB,252,1.0,True
VCEL,252,1.0,True
VCIT,252,1.0,True
VCLT,252,1.0,True
VCR,252,1.0,True
VCRB,252,1.0,True
VCSH,252,1.0,True
VCTR,252,1.0,True
VCV,252,1.0,True
VCX,8,0.031746031746031744,False
VCYT,252,1.0,True
VDC,252,1.0,True
VDE,252,1.0,True
VEA,252,1.0,True
VECO,252,1.0,True
VEEV,252,1.0,True
VEGI,252,1.0,True
VEL,252,1.0,True
VELO,252,1.0,True
VENU,252,1.0,True
VEON,252,1.0,True
VERA,252,1.0,True
VERI,252,1.0,True
VERU,252,1.0,True
VERX,252,1.0,True
VET,252,1.0,True
VETZ,252,1.0,True
VEU,252,1.0,True
VEXAX,252,1.0,True
VEXC,123,0.4880952380952381,False
VFC,252,1.0,True
VFF,252,1.0,True
VFH,252,1.0,True
VFIAX,252,1.0,True
VFLO,252,1.0,True
VFMF,252,1.0,True
VFMO,252,1.0,True
VFMV,252,1.0,True
VFQY,252,1.0,True
VFVA,252,1.0,True
VG,252,1.0,True
VGAS,252,1.0,True
VGI,252,1.0,True
VGIT,252,1.0,True
VGK,252,1.0,True
VGLT,252,1.0,True
VGM,252,1.0,True
VGMS,201,0.7976190476190477,False
VGSH,252,1.0,True
VGSR,252,1.0,True
VGT,252,1.0,True
VGUS,252,1.0,True
VGZ,252,1.0,True
VHC,252,1.0,True
VHI,252,1.0,True
VHT,252,1.0,True
VIA,137,0.5436507936507936,False
VIAV,252,1.0,True
VICI,252,1.0,True
VICR,252,1.0,True
VIDI,252,1.0,True
VIG,252,1.0,True
VIGI,252,1.0,True
VIOG,252,1.0,True
VIOO,252,1.0,True
VIOT,252,1.0,True
VIOV,252,1.0,True
VIP,252,1.0,True
VIPS,252,1.0,True
VIR,252,1.0,True
VIRC,252,1.0,True
VIRT,252,1.0,True
VIS,252,1.0,True
VISN,252,1.0,True
VIST,252,1.0,True
VITL,252,1.0,True
VIV,252,1.0,True
VIXM,252,1.0,True
VIXY,252,1.0,True
VKI,252,1.0,True
VKQ,252,1.0,True
VKTX,252,1.0,True
VLGEA,252,1.0,True
VLO,252,1.0,True
VLRS,252,1.0,True
VLTO,252,1.0,True
VLU,252,1.0,True
VLUE,252,1.0,True
VLY,252,1.0,True
VMBS,252,1.0,True
VMC,252,1.0,True
VMD,252,1.0,True
VMI,252,1.0,True
VMO,252,1.0,True
VMRK,252,1.0,True
VNCE,252,1.0,True
VNDA,252,1.0,True
VNET,252,1.0,True
VNLA,252,1.0,True
VNM,252,1.0,True
VNO,252,1.0,True
VNOM,252,1.0,True
VNQ,252,1.0,True
VNQI,252,1.0,True
VNT,252,1.0,True
VO,252,1.0,True
VOC,252,1.0,True
VOD,252,1.0,True
VOE,252,1.0,True
VONE,252,1.0,True
VONG,252,1.0,True
VONV,252,1.0,True
VOO,252,1.0,True
VOOG,252,1.0,True
VOOV,252,1.0,True
VOR,252,1.0,True
VOT,252,1.0,True
VOTE,252,1.0,True
VOX,252,1.0,True
VOXR,252,1.0,True
VOYA,252,1.0,True
VOYG,201,0.7976190476190477,False
VPC,252,1.0,True
VPG,252,1.0,True
VPL,252,1.0,True
VPLS,252,1.0,True
VPU,252,1.0,True
VPV,252,1.0,True
VRA,252,1.0,True
VRCA,252,1.0,True
VRDN,252,1.0,True
VREX,252,1.0,True
VRIG,252,1.0,True
VRM,252,1.0,True
VRME,252,1.0,True
VRNS,252,1.0,True
VRP,252,1.0,True
VRRM,252,1.0,True
VRSK,252,1.0,True
VRSN,252,1.0,True
VRT,252,1.0,True
VRTL,252,1.0,True
VRTS,252,1.0,True
VRTX,252,1.0,True
VSAT,252,1.0,True
VSDA,252,1.0,True
VSDB,248,0.9841269841269841,True
VSDM,252,1.0,True
VSEC,252,1.0,True
VSEE,252,1.0,True
VSGX,252,1.0,True
VSH,252,1.0,True
VSMV,252,1.0,True
VSNT,72,0.2857142857142857,False
VSS,252,1.0,True
VST,252,1.0,True
VSTM,252,1.0,True
VSTS,252,1.0,True
VSXY,252,1.0,True
VT,252,1.0,True
VTC,252,1.0,True
VTEB,252,1.0,True
VTEC,252,1.0,True
VTEI,252,1.0,True
VTEL,214,0.8492063492063492,False
VTES,252,1.0,True
VTGN,252,1.0,True
VTHR,252,1.0,True
VTI,252,1.0,True
VTIP,252,1.0,True
VTLUSD,0,0.0,False
VTMX,252,1.0,True
VTOL,252,1.0,True
VTR,252,1.0,True
VTRS,252,1.0,True
VTS,252,1.0,True
VTSAX,252,1.0,True
VTSI,252,1.0,True
VTV,252,1.0,True
VTWG,252,1.0,True
VTWO,252,1.0,True
VTWV,252,1.0,True
VUG,252,1.0,True
VUSB,252,1.0,True
VUSE,252,1.0,True
VUZI,252,1.0,True
VV,252,1.0,True
VVOS,252,1.0,True
VVR,252,1.0,True
VVV,252,1.0,True
VVX,252,1.0,True
VWO,252,1.0,True
VWOB,252,1.0,True
VXF,252,1.0,True
VXUS,252,1.0,True
VXX,252,1.0,True
VXZ,252,1.0,True
VYGR,252,1.0,True
VYM,252,1.0,True
VYMI,252,1.0,True
VYX,252,1.0,True
VZ,252,1.0,True
VZLA,252,1.0,True
W,252,1.0,True
WAB,252,1.0,True
WABC,252,1.0,True
WAFD,252,1.0,True
WAGN,35,0.1388888888888889,False
WAL,252,1.0,True
WASH,252,1.0,True
WAT,252,1.0,True
WATT,252,1.0,True
WAY,252,1.0,True
WB,252,1.0,True
WBD,252,1.0,True
WBI,134,0.5317460317460317,False
WBTN,252,1.0,True
WCBR,252,1.0,True
WCC,252,1.0,True
WCEO,252,1.0,True
WCLD,252,1.0,True
WCME,252,1.0,True
WCMI,252,1.0,True
WCMIX,252,1.0,True
WCN,252,1.0,True
WD,252,1.0,True
WDAY,252,1.0,True
WDC,252,1.0,True
WDCX,44,0.1746031746031746,False
WDEF,177,0.7023809523809523,False
WDFC,252,1.0,True
WDH,252,1.0,True
WDI,252,1.0,True
WDIV,252,1.0,True
WDS,252,1.0,True
WDTE,252,1.0,True
WEA,252,1.0,True
WEAT,252,1.0,True
WEAV,252,1.0,True
WEC,252,1.0,True
WED,0,0.0,False
WEEK,252,1.0,True
WELD,252,1.0,True
WELL,252,1.0,True
WEN,252,1.0,True
WERN,252,1.0,True
WES,252,1.0,True
WEST,252,1.0,True
WETH,252,1.0,True
WEX,252,1.0,True
WEYS,252,1.0,True
WF,252,1.0,True
WFC,252,1.0,True
WFG,252,1.0,True
WGMI,252,1.0,True
WGO,252,1.0,True
WGS,252,1.0,True
WH,252,1.0,True
WHD,252,1.0,True
WHF,252,1.0,True
WHG,252,1.0,True
WHR,252,1.0,True
WHWK,252,1.0,True
WINA,252,1.0,True
WING,252,1.0,True
WINN,252,1.0,True
WIP,252,1.0,True
WISE,252,1.0,True
WIT,252,1.0,True
WIW,252,1.0,True
WK,252,1.0,True
WKC,252,1.0,True
WKHS,252,1.0,True
WLDN,252,1.0,True
WLDR,252,1.0,True
WLFC,252,1.0,True
WLK,252,1.0,True
WLKP,252,1.0,True
WLTH,72,0.2857142857142857,False
WLY,252,1.0,True
WM,252,1.0,True
WMB,252,1.0,True
WMG,252,1.0,True
WMK,252,1.0,True
WMS,252,1.0,True
WMT,252,1.0,True
WNC,252,1.0,True
WNEB,252,1.0,True
WNTR,252,1.0,True
WOLF,126,0.5,False
WOMN,252,1.0,True
WOOD,252,1.0,True
WOOF,252,1.0,True
WOR,252,1.0,True
WPC,252,1.0,True
WPM,252,1.0,True
WPP,252,1.0,True
WPRT,252,1.0,True
WQTM,118,0.46825396825396826,False
WRAP,252,1.0,True
WRB,252,1.0,True
WRBY,252,1.0,True
WRD,252,1.0,True
WRLD,252,1.0,True
WRN,252,1.0,True
WRND,252,1.0,True
WS,252,1.0,True
WSBC,252,1.0,True
WSBF,252,1.0,True
WSBK,228,0.9047619047619048,True
WSC,252,1.0,True
WSFS,252,1.0,True
WSM,252,1.0,True
WSO,252,1.0,True
WSO/B,0,0.0,False
WST,252,1.0,True
WT,252,1.0,True
WTAI,252,1.0,True
WTBA,252,1.0,True
WTBN,252,1.0,True
WTFC,252,1.0,True
WTI,252,1.0,True
WTMF,252,1.0,True
WTPI,252,1.0,True
WTRE,252,1.0,True
WTRG,252,1.0,True
WTS,252,1.0,True
WTTR,252,1.0,True
WTV,252,1.0,True
WU,252,1.0,True
WULF,252,1.0,True
WVVI,252,1.0,True
WW,190,0.753968253968254,False
WWD,252,1.0,True
WWJD,252,1.0,True
WWR,252,1.0,True
WWW,252,1.0,True
WY,252,1.0,True
WY51,0,0.0,False
WYNN,252,1.0,True
WYY,252,1.0,True
XAGDX,252,1.0,True
XAGG,95,0.376984126984127,False
XAIX,252,1.0,True
XAODX,252,1.0,True
XAPR,252,1.0,True
XAR,252,1.0,True
XAWFX,252,1.0,True
XBGYX,252,1.0,True
XBI,252,1.0,True
XBIL,252,1.0,True
XBIO,252,1.0,True
XBIT,252,1.0,True
XBJA,252,1.0,True
XBMEX,252,1.0,True
XBMNX,252,1.0,True
XBOEX,252,1.0,True
XBOX,8,0.031746031746031744,False
XBP,252,1.0,True
XBTY,221,0.876984126984127,False
XC,252,1.0,True
XCAFX,252,1.0,True
XCEM,252,1.0,True
XCHG,70,0.2777777777777778,False
XCHYX,252,1.0,True
XCMUX,252,1.0,True
XDEC,252,1.0,True
XDQQ,252,1.0,True
XDSQ,252,1.0,True
XDTE,252,1.0,True
XEADX,252,1.0,True
XEFRX,252,1.0,True
XEL,252,1.0,True
XEMD,252,1.0,True
XEMDX,252,1.0,True
XENE,252,1.0,True
XERS,252,1.0,True
XES,252,1.0,True
XETYX,252,1.0,True
XEVGX,252,1.0,True
XEVTX,252,1.0,True
XEVVX,252,1.0,True
XEXGX,252,1.0,True
XFEB,252,1.0,True
XFFCX,252,1.0,True
XFIV,252,1.0,True
XFOFX,252,1.0,True
XFOR,252,1.0,True
XFRAX,252,1.0,True
XGDVX,252,1.0,True
XGLQX,252,1.0,True
XGN,252,1.0,True
XHB,252,1.0,True
XHC,0,0.0,False
XHE,252,1.0,True
XHLF,252,1.0,True
XHR,252,1.0,True
XHS,252,1.0,True
XIDE,252,1.0,True
XIFR,252,1.0,True
XIGDX,252,1.0,True
XIJN,252,1.0,True
XISE,252,1.0,True
XITK,252,1.0,True
XJAN,252,1.0,True
XJH,252,1.0,True
XJQCX,252,1.0,True
XJR,252,1.0,True
XJUL,252,1.0,True
XJUN,252,1.0,True
XLB,252,1.0,True
XLBI,168,0.6666666666666666,False
XLC,252,1.0,True
XLE,252,1.0,True
XLEI,168,0.6666666666666666,False
XLF,252,1.0,True
XLFI,168,0.6666666666666666,False
XLG,252,1.0,True
XLGIX,252,1.0,True
XLI,252,1.0,True
XLII,168,0.6666666666666666,False
XLK,252,1.0,True
XLO,252,1.0,True
XLP,252,1.0,True
XLRE,252,1.0,True
XLSR,252,1.0,True
XLU,252,1.0,True
XLUI,168,0.6666666666666666,False
XLV,252,1.0,True
XLY,252,1.0,True
XMAG,252,1.0,True
XMAR,252,1.0,True
XMAX,252,1.0,True
XMCRX,252,1.0,True
XME,252,1.0,True
XMHQ,252,1.0,True
XMLV,252,1.0,True
XMMO,252,1.0,True
XMPT,252,1.0,True
XMTR,252,1.0,True
XMVM,252,1.0,True
XNCMX,252,1.0,True
XNCR,252,1.0,True
XNEAX,252,1.0,True
XNET,252,1.0,True
XNIEX,252,1.0,True
XNOMX,252,1.0,True
XNOV,252,1.0,True
XNQPX,252,1.0,True
XNROX,252,1.0,True
XNTK,252,1.0,True
XNXJX,252,1.0,True
XOCT,252,1.0,True
XONE,252,1.0,True
XOP,252,1.0,True
XOS,252,1.0,True
XOVR,252,1.0,True
XPAY,252,1.0,True
XPCQX,252,1.0,True
XPEL,252,1.0,True
XPER,252,1.0,True
XPEV,252,1.0,True
XPGPX,252,1.0,True
XPH,252,1.0,True
XPL,252,1.0,True
XPO,252,1.0,True
XPOF,252,1.0,True
XRAY,252,1.0,True
XRMMX,252,1.0,True
XRN,252,1.0,True
XRNPX,252,1.0,True
XRP,88,0.3492063492063492,False
XRPC,93,0.36904761904761907,False
XRPI,214,0.8492063492063492,False
XRPT,214,0.8492063492063492,False
XRPZ,86,0.3412698412698413,False
XRSFX,252,1.0,True
XRT,252,1.0,True
XRTX,252,1.0,True
XRX,252,1.0,True
XRXDW,0,0.0,False
XSCDX,252,1.0,True
XSD,252,1.0,True
XSEP,252,1.0,True
XSHD,252,1.0,True
XSHQ,252,1.0,True
XSLV,252,1.0,True
XSMO,252,1.0,True
XSOE,252,1.0,True
XSORX,252,1.0,True
XSSPX,252,1.0,True
XSVM,252,1.0,True
XSW,252,1.0,True
XT,252,1.0,True
XTEN,252,1.0,True
XTIA,252,1.0,True
XTL,252,1.0,True
XTN,252,1.0,True
XTNT,252,1.0,True
XTR,252,1.0,True
XTRE,252,1.0,True
XTWO,252,1.0,True
XTWY,252,1.0,True
XUDV,252,1.0,True
XUSP,252,1.0,True
XV,240,0.9523809523809523,True
XVV,252,1.0,True
XWIAX,252,1.0,True
XXI,252,1.0,True
XYF,252,1.0,True
XYL,252,1.0,True
XYLD,252,1.0,True
XYLG,252,1.0,True
XYZ,252,1.0,True
XZO,99,0.39285714285714285,False
YALA,252,1.0,True
YANG,252,1.0,True
YB,230,0.9126984126984127,True
YBIT,252,1.0,True
YBTC,252,1.0,True
YCL,252,1.0,True
YDEC,252,1.0,True
YEAR,252,1.0,True
YELP,252,1.0,True
YETI,252,1.0,True
YEXT,252,1.0,True
YFYA,252,1.0,True
YI,252,1.0,True
YINN,252,1.0,True
YJUN,252,1.0,True
YLD,252,1.0,True
YLDE,252,1.0,True
YMAG,252,1.0,True
YMAR,252,1.0,True
YMAX,252,1.0,True
YMM,252,1.0,True
YOLO,252,1.0,True
YORW,252,1.0,True
YOU,252,1.0,True
YPF,252,1.0,True
YQ,252,1.0,True
YRD,252,1.0,True
YSEP,252,1.0,True
YSG,252,1.0,True
YSS,42,0.16666666666666666,False
YUM,252,1.0,True
YUMC,252,1.0,True
YYY,252,1.0,True
Z,252,1.0,True
ZALT,252,1.0,True
ZAP,252,1.0,True
ZAPR,250,0.9920634920634921,True
ZAUG,252,1.0,True
ZBH,252,1.0,True
ZBIO,252,1.0,True
ZBRA,252,1.0,True
ZD,252,1.0,True
ZDEK,252,1.0,True
ZDGE,252,1.0,True
ZENA,252,1.0,True
ZEPP,252,1.0,True
ZETA,252,1.0,True
ZFEB,252,1.0,True
ZG,252,1.0,True
ZH,252,1.0,True
ZION,252,1.0,True
ZIP,252,1.0,True
ZJAN,252,1.0,True
ZJUL,252,1.0,True
ZJUN,208,0.8253968253968254,False
ZKH,252,1.0,True
ZLAB,252,1.0,True
ZM,252,1.0,True
ZMAR,252,1.0,True
ZMAY,229,0.9087301587301587,True
ZNOV,252,1.0,True
ZNTL,252,1.0,True
ZOCT,252,1.0,True
ZONE,252,1.0,True
ZROZ,252,1.0,True
ZS,252,1.0,True
ZSEP,252,1.0,True
ZSL,252,1.0,True
ZTO,252,1.0,True
ZTR,252,1.0,True
ZTRE,252,1.0,True
ZTS,252,1.0,True
ZTWO,252,1.0,True
ZUMZ,252,1.0,True
ZVIA,252,1.0,True
ZVRA,252,1.0,True
ZWS,252,1.0,True
ZYME,252,1.0,True
