manager_name,cik,accession_number,FILING_DATE,report_period,reported_value,position_count
Sankala Group LLC,0002113426,0002113426-26-000002,31-MAR-2026,31-MAR-2026,122462032.0,555
CONFLUENCE INVESTMENT MANAGEMENT LLC,0001442056,0001442056-26-000004,01-APR-2026,31-MAR-2026,6440688053.0,283
GP Brinson Investments LLC,0001860928,0001213900-26-038093,01-APR-2026,31-MAR-2026,220366884.0,14
Pensionfund Sabic,0001637246,0001637246-26-000011,01-APR-2026,31-MAR-2026,83024.0,77
NEVILLE RODIE & SHAW INC,0000071210,0000071210-26-000002,01-APR-2026,31-MAR-2026,1376461.0,245
Pensionfund PDN,0001297731,0001297731-26-000003,01-APR-2026,31-MAR-2026,172922.0,76
Signature Wealth Management Group,0001736666,0001736666-26-000002,01-APR-2026,31-MAR-2026,263370400.0,128
Aspen Wealth Management LLC,0001895252,0001895252-26-000004,01-APR-2026,31-MAR-2026,501213881.0,124
Vigilare Wealth Management,0001730889,0001730889-26-000002,01-APR-2026,31-MAR-2026,295953940.0,109
Adelphi Trust Co,0002106968,0002106968-26-000002,01-APR-2026,31-MAR-2026,122894297.0,105
Bangor Savings Bank,0001352675,0001352675-26-000003,01-APR-2026,31-MAR-2026,1250795766.0,542
ROWLANDMILLER & PARTNERS.ADV,0000225816,0000225816-26-000002,01-APR-2026,31-MAR-2026,493276712.0,189
Mink Brook Asset Management LLC,0002052205,0001437749-26-010914,01-APR-2026,31-MAR-2026,179240497.0,54
BancFirst Trust & Investment Management,0001914099,0001914099-26-000002,01-APR-2026,31-MAR-2026,226345455.0,42
FIRST FINANCIAL BANK - TRUST DIVISION,0001315339,0001315339-26-000002,01-APR-2026,31-MAR-2026,1241739998.0,197
Beacon Wealthcare LLC,0001849336,0001849336-26-000002,01-APR-2026,31-MAR-2026,283551051.0,26
Laurus Global Equity Management Inc.,0001869316,0001869316-26-000002,01-APR-2026,31-MAR-2026,102125595.0,45
Robert B. Daugherty Foundation,0001515721,0001515721-26-000004,01-APR-2026,31-MAR-2026,99982500.0,1
"BURKETT FINANCIAL SERVICES, LLC",0001762716,0001762716-26-000002,01-APR-2026,31-MAR-2026,291812247.0,251
BENJAMIN JOSEPH FLOYD DBA FLOYD CAPITAL MANAGEMENT,0001535254,0001535254-26-000003,01-APR-2026,31-MAR-2026,9813630.0,1
Somerset Trust Co,0001597099,0001597099-26-000002,02-APR-2026,31-MAR-2026,326060482.0,174
"Stairway Partners, LLC",0001454138,0001454138-26-000003,02-APR-2026,31-MAR-2026,1930461351.0,18
"Stash Investments, LLC",0002008308,0002008308-26-000002,02-APR-2026,31-MAR-2026,257888424.0,5
"Ares Financial Consulting, LLC",0002106717,0002106717-26-000002,02-APR-2026,31-MAR-2026,127275344.0,1066
"MJT & Associates Financial Advisory Group, Inc.",0002065777,0002065777-26-000004,02-APR-2026,31-MAR-2026,136216419.0,442
Fulcrum Equity Management,0001737888,0001737888-26-000004,02-APR-2026,31-MAR-2026,102729707.0,123
Byrne Asset Management LLC,0001911322,0001911322-26-000002,02-APR-2026,31-MAR-2026,170671505.0,566
COLLECTIVE FAMILY OFFICE LLC,0001845066,0001845066-26-000003,02-APR-2026,31-MAR-2026,444246449.0,156
"Silverleafe Capital Partners, LLC",0001535611,0001535611-26-000005,02-APR-2026,31-MAR-2026,332048392.0,95
"Norman Fields, Gottscho Capital Management, LLC",0001352449,0001352449-26-000002,02-APR-2026,31-MAR-2026,302485523.0,65
Horizons Wealth Management,0001943228,0001943228-26-000002,02-APR-2026,31-MAR-2026,150330240.0,166
"Aspect Partners, LLC",0001985284,0001985284-26-000007,02-APR-2026,31-MAR-2026,244644010.0,709
LVM CAPITAL MANAGEMENT LTD/MI,0001053054,0001053054-26-000002,02-APR-2026,31-MAR-2026,1060355.0,160
Hilltop National Bank,0002021658,0002021658-26-000002,02-APR-2026,31-MAR-2026,420503460.0,795
Noble Wealth Management PBC,0002055065,0002055065-26-000004,02-APR-2026,31-MAR-2026,195038936.0,580
"McAlister, Sweet & Associates, Inc.",0001774087,0001214659-26-004209,02-APR-2026,31-MAR-2026,160567854.0,32
"LBJ Family Wealth Advisors, Ltd.",0001601622,0001601622-26-000002,02-APR-2026,31-MAR-2026,170617.0,28
Crumly & Associates Inc.,0001759578,0001759578-26-000004,02-APR-2026,31-MAR-2026,475948297.0,200
Hickory Point Bank & Trust,0002039144,0002039144-26-000003,03-APR-2026,31-MAR-2026,151521193.0,456
First County Bank /CT/,0001983616,0001140361-26-013150,03-APR-2026,31-MAR-2026,187317446.0,162
Coastline Trust Co,0001324279,0001062993-26-001837,03-APR-2026,31-MAR-2026,1007926307.0,408
Box Hill Private Wealth LLC,0002094120,0002094120-26-000003,03-APR-2026,31-MAR-2026,101165816.0,66
Investors Research Corp,0001730630,0001062993-26-001833,03-APR-2026,31-MAR-2026,523264627.0,848
"WALLER FINANCIAL PLANNING GROUP, INC",0001736079,0001214659-26-004321,03-APR-2026,31-MAR-2026,453074373.0,73
"Rise Advisors, LLC",0001831316,0001831316-26-000003,03-APR-2026,31-MAR-2026,283748750.0,94
ADIRONDACK TRUST CO,0001054257,0001054257-26-000002,03-APR-2026,31-MAR-2026,297620445.0,544
Global Wealth Strategies & Associates,0001912297,0001912297-26-000002,03-APR-2026,31-MAR-2026,406982747.0,543
Ridgewood Investments LLC,0001703556,0001703556-26-000004,03-APR-2026,31-MAR-2026,244489389.0,208
HALL LAURIE J TRUSTEE,0001388382,0001388382-26-000002,06-APR-2026,31-MAR-2026,283357765.0,104
"Miller Global Investments, LLC",0002099097,0002099097-26-000002,06-APR-2026,31-MAR-2026,109048880.0,279
"Sincerus Advisory, LLC",0002050968,0002050968-26-000002,06-APR-2026,31-MAR-2026,131937313.0,76
Hiley Hunt Wealth Management,0002048051,0001214659-26-004344,06-APR-2026,31-MAR-2026,226732039.0,47
"ACIMA PRIVATE WEALTH, LLC",0001761961,0001761961-26-000003,06-APR-2026,31-MAR-2026,318627680.0,177
GAMMA Investing LLC,0002010235,0002010235-26-000003,06-APR-2026,31-MAR-2026,2141662836.0,4110
STABLEFORD CAPITAL II LLC,0001842089,0001842089-26-000002,06-APR-2026,31-MAR-2026,269183900.0,144
Israel Discount Bank of New York,0001706511,0001706511-26-000003,06-APR-2026,31-MAR-2026,45584962.0,37
"IFS Advisors, LLC",0001765617,0001765617-26-000004,06-APR-2026,31-MAR-2026,194049676.0,217
Trust Co of the South,0002008165,0002008165-26-000002,06-APR-2026,31-MAR-2026,621897906.0,142
CX Institutional,0001737089,0001737089-26-000003,06-APR-2026,31-MAR-2026,3278161.0,1547
"Washington Trust Advisors, Inc.",0001900099,0001900099-26-000002,06-APR-2026,31-MAR-2026,1236771006.0,684
"ATMOS ADVISORY, LLC",0001905162,0001905162-26-000003,06-APR-2026,31-MAR-2026,176092481.0,20
"PRIVATE CLIENT SERVICES, LLC",0001457005,0001457005-26-000003,06-APR-2026,31-MAR-2026,334478694.0,208
HIGHLINE WEALTH PARTNERS LLC,0002042654,0002042654-26-000006,06-APR-2026,31-MAR-2026,390780159.0,1296
Old Port Advisors,0001744348,0001744348-26-000002,06-APR-2026,31-MAR-2026,433189481.0,237
WASHINGTON TRUST Co,0001079736,0001079736-26-000002,06-APR-2026,31-MAR-2026,2958804096.0,281
"Karras Company, Inc.",0002109847,0002109847-26-000003,06-APR-2026,31-MAR-2026,98602803.0,61
GREENHAVEN ASSOCIATES INC,0000846222,0001213900-26-040342,06-APR-2026,31-MAR-2026,6071579036.0,27
FARMERS TRUST CO,0001318055,0001062993-26-001881,07-APR-2026,31-MAR-2026,636996247.0,203
"Ethos Capital Management, Inc.",0002106214,0002106214-26-000002,07-APR-2026,31-MAR-2026,116570513.0,56
BLUELINE ADVISORS LLC,0002110066,0002110066-26-000002,07-APR-2026,31-MAR-2026,128953024.0,217
"U.S. Capital Wealth Advisors, LLC",0001808915,0001808915-26-000002,07-APR-2026,31-MAR-2026,3976131562.0,999
"Investment Partners Asset Management, Inc.",0001384416,0001384416-26-000002,07-APR-2026,31-MAR-2026,161959478.0,163
Cooper Financial Group,0001751581,0001214659-26-004376,07-APR-2026,31-MAR-2026,989497766.0,425
AMS Capital Ltda,0001717977,0001717977-26-000002,07-APR-2026,31-MAR-2026,257486.0,15
Legacy Private Trust Co.,0001352547,0001352547-26-000003,07-APR-2026,31-MAR-2026,1617848192.0,257
"Stonekeep Investments, LLC",0002032486,0002032486-26-000003,07-APR-2026,31-MAR-2026,154255510.0,66
"Farther Finance Advisors, LLC",0001992825,0001992825-26-000003,07-APR-2026,31-MAR-2026,10576336699.0,5733
Financially Speaking Inc,0002040901,0002040901-26-000002,07-APR-2026,31-MAR-2026,20594056.0,114
"CULTIVAR CAPITAL, INC.",0001989476,0001989476-26-000002,07-APR-2026,31-MAR-2026,156468867.0,46
Five Oceans Advisors,0001876326,0001876326-26-000002,07-APR-2026,31-MAR-2026,276438731.0,193
"Martin Capital Partners, LLC",0001731216,0001731216-26-000002,07-APR-2026,31-MAR-2026,269086.0,68
Trinity Financial Advisors LLC,0001809574,0001809574-26-000003,07-APR-2026,31-MAR-2026,351190225.0,89
Attessa Capital LLC,0002020560,0001754960-26-000202,07-APR-2026,31-MAR-2026,183830289.0,35
"SMI Advisory Services, LLC",0001609008,0001609008-26-000002,07-APR-2026,31-MAR-2026,606926553.0,60
Bath Savings Trust Co,0001384943,0001384943-26-000002,07-APR-2026,31-MAR-2026,936052687.0,168
"Agate Pass Investment Management, LLC",0001900409,0001900409-26-000002,07-APR-2026,31-MAR-2026,255471750.0,105
"DWR WEALTH MANAGEMENT, LLC",0002123012,0001754960-26-000199,07-APR-2026,31-MAR-2026,114953523.0,51
First Citizens Financial Corp,0001800597,0001800597-26-000002,07-APR-2026,31-MAR-2026,211822559.0,135
"Hoffman, Alan N Investment Management",0001848530,0001754960-26-000204,07-APR-2026,31-MAR-2026,151627751.0,13
Fragasso Financial Advisors Inc,0001613331,0001613331-26-000002,07-APR-2026,31-MAR-2026,1657576161.0,321
ABNER HERRMAN & BROCK LLC,0001038661,0001038661-26-000002,07-APR-2026,31-MAR-2026,904891.0,108
"Holland Advisory Services, Inc.",0001890183,0001890183-26-000002,07-APR-2026,31-MAR-2026,74646680.0,47
FIRST FINANCIAL CORP /IN/,0000714562,0001104659-26-040204,07-APR-2026,31-MAR-2026,254547240.0,303
Bulwark Capital Corp,0002075899,0002075899-26-000002,07-APR-2026,31-MAR-2026,162234423.0,100
ARMSTRONG HENRY H ASSOCIATES INC,0001056827,0001056827-26-000002,07-APR-2026,31-MAR-2026,981382214.0,61
Seilern Investment Management Ltd,0001817797,0001817797-26-000003,07-APR-2026,31-MAR-2026,838486413.0,24
ANDERSON HOAGLAND & CO,0000791191,0000791191-26-000003,07-APR-2026,31-MAR-2026,1162655238.0,136
"Orgel Wealth Management, LLC",0001658535,0001658535-26-000003,07-APR-2026,31-MAR-2026,4641247588.0,95
Retirement Wealth Solutions LLC,0002044741,0002044741-26-000002,07-APR-2026,31-MAR-2026,158627453.0,822
JACOBS & CO/CA,0001055544,0001055544-26-000002,07-APR-2026,31-MAR-2026,1013205.0,124
"SIGNATUREFD, LLC",0001456048,0001456048-26-000003,07-APR-2026,31-MAR-2026,6523509270.0,3431
"St. Louis Financial Planners Asset Management, LLC",0001966171,0001214659-26-004383,07-APR-2026,31-MAR-2026,176404057.0,33
Calder Financial LLC,0002106810,0001754960-26-000206,07-APR-2026,31-MAR-2026,100733930.0,40
"Sage Capital Advisors,llc",0001714107,0001714107-26-000002,07-APR-2026,31-MAR-2026,431167406.0,129
"HOWARD FINANCIAL SERVICES, LTD.",0001768130,0001768130-26-000002,07-APR-2026,31-MAR-2026,887944662.0,222
EASTERN BANK,0001126395,0001126395-26-000003,07-APR-2026,31-MAR-2026,5826423492.0,1071
"Comprehensive Financial Planning, Inc./PA",0002044855,0002044855-26-000002,07-APR-2026,31-MAR-2026,144397991.0,387
"Cardinal Capital Management, Inc.",0001518235,0001518235-26-000002,07-APR-2026,31-MAR-2026,3711094789.0,66
"Twele Capital Management, Inc.",0001411268,0001411268-26-000003,07-APR-2026,31-MAR-2026,560857163.0,39
"City Center Advisors, LLC",0002030341,0001754960-26-000200,07-APR-2026,31-MAR-2026,108170008.0,155
"Carolina Wealth Advisors, LLC",0001786411,0001437749-26-011555,07-APR-2026,31-MAR-2026,240138400.0,278
InvesTrust,0002050848,0002050848-26-000002,07-APR-2026,31-MAR-2026,237984661.0,91
"Green Alpha Advisors, LLC",0001439207,0001754960-26-000205,07-APR-2026,31-MAR-2026,101552331.0,107
"Deane Retirement Strategies, Inc.",0001659346,0001659346-26-000003,07-APR-2026,31-MAR-2026,248587646.0,57
"Crescent Sterling, Ltd.",0001962005,0001754960-26-000201,07-APR-2026,31-MAR-2026,103346213.0,80
JBGlobal.com LLC,0002051348,0001754960-26-000198,07-APR-2026,31-MAR-2026,101542587.0,27
CENTRAL BANK & TRUST CO,0001175954,0001175954-26-000005,07-APR-2026,31-MAR-2026,636413169.0,180
G&S Capital LLC,0001731448,0001731448-26-000002,07-APR-2026,31-MAR-2026,284571385.0,133
Heartwood Wealth Advisors LLC,0001794935,0001794935-26-000011,07-APR-2026,31-MAR-2026,1146774045.0,223
"Hobart Private Capital, LLC",0001767062,0001767062-26-000003,07-APR-2026,31-MAR-2026,508771917.0,132
"Barden Capital Management, Inc.",0001906798,0001754960-26-000203,07-APR-2026,31-MAR-2026,116928458.0,58
"CoreCap Advisors, LLC",0001902501,0001902501-26-000002,07-APR-2026,31-MAR-2026,2938110442.0,2933
"LEGACY SOLUTIONS, LLC",0002053314,0002053314-26-000002,07-APR-2026,31-MAR-2026,107916350.0,77
"O'Keefe Stevens Advisory, Inc.",0001780565,0001780565-26-000002,07-APR-2026,31-MAR-2026,404741236.0,76
GK Wealth Management LLC,0002069222,0002069222-26-000002,07-APR-2026,31-MAR-2026,114953523.0,51
"ABLES, IANNONE, MOORE & ASSOCIATES, INC.",0002013713,0002013713-26-000002,07-APR-2026,31-MAR-2026,168120518.0,59
Alpha Omega Wealth Management LLC,0001665633,0001665633-26-000002,07-APR-2026,31-MAR-2026,616751932.0,206
Rosenberg Matthew Hamilton,0001812103,0001812103-26-000002,07-APR-2026,31-MAR-2026,488042111.0,799
PARK AVENUE SECURITIES LLC,0001071640,0001071640-26-000007,07-APR-2026,31-MAR-2026,12801091.0,1517
InTrack Investment Management Inc,0001847343,0001847343-26-000002,07-APR-2026,31-MAR-2026,175479569.0,108
Plus Group Wealth Advisors LLC,0002109515,0002109515-26-000002,07-APR-2026,31-MAR-2026,90893529.0,41
"Versant Capital Management, Inc",0001735057,0001735057-26-000002,07-APR-2026,31-MAR-2026,1014401343.0,2777
CenturyLink Investment Management Co,0001054522,0001054522-26-000004,07-APR-2026,31-MAR-2026,174861163.0,3
Baring Financial LLC,0002052588,0002052588-26-000002,07-APR-2026,31-MAR-2026,163480928.0,72
"Erickson Financial Group, LLC",0001797734,0001951757-26-000542,08-APR-2026,31-MAR-2026,159580682.0,25
"PPS&V ASSET MANAGEMENT CONSULTANTS, INC.",0001936380,0001936380-26-000003,08-APR-2026,31-MAR-2026,163798754.0,41
Parisi Gray Wealth Management,0001716659,0001951757-26-000533,08-APR-2026,31-MAR-2026,419750940.0,137
"BOS Asset Management, LLC",0001965814,0001965814-26-000002,08-APR-2026,31-MAR-2026,391515389.0,200
"MOULTON WEALTH MANAGEMENT, INC",0001792510,0001754960-26-000211,08-APR-2026,31-MAR-2026,146894843.0,52
Boltwood Capital Management,0001563690,0001563690-26-000002,08-APR-2026,31-MAR-2026,392066630.0,184
"MB, LEVIS & ASSOCIATES, LLC",0002065807,0002065807-26-000002,08-APR-2026,31-MAR-2026,239680085.0,234
"E Fund Management (Hong Kong) Co., Ltd.",0001777469,0001777469-26-000003,08-APR-2026,31-MAR-2026,219850675.0,491
"MYECFO, LLC",0001986457,0001941040-26-000210,08-APR-2026,31-MAR-2026,239000196.0,66
"Violich Capital Management, Inc.",0001326766,0001326766-26-000003,08-APR-2026,31-MAR-2026,855449715.0,118
Pioneer Wealth Management Group,0001973339,0001973339-26-000002,08-APR-2026,31-MAR-2026,356532100.0,50
ECLECTIC ASSOCIATES INC /ADV,0000743482,0000743482-26-000004,08-APR-2026,31-MAR-2026,753195730.0,159
"Parkside Investments, LLC",0001706248,0001376474-26-000283,08-APR-2026,31-MAR-2026,823123939.0,98
"Melone Private Wealth, LLC",0001905765,0001951757-26-000538,08-APR-2026,31-MAR-2026,244830371.0,60
SAPIENT CAPITAL LLC,0001998653,0001951757-26-000529,08-APR-2026,31-MAR-2026,6627194999.0,443
"Spinnaker Investment Group, LLC",0001911067,0001911067-26-000002,08-APR-2026,31-MAR-2026,490950935.0,147
"Gladwyn Financial Advisors, Inc.",0002078684,0002078684-26-000002,08-APR-2026,31-MAR-2026,143728420.0,86
"Sharkey, Howes & Javer",0001642246,0001642246-26-000003,08-APR-2026,31-MAR-2026,742334498.0,153
"WARNER FINANCIAL, INC",0001927175,0001951757-26-000546,08-APR-2026,31-MAR-2026,291588000.0,135
MMA ASSET MANAGEMENT LLC,0001842667,0001193125-26-147137,08-APR-2026,31-MAR-2026,284083736.0,179
"StoneCrest Wealth Management, Inc.",0002008409,0001951757-26-000528,08-APR-2026,31-MAR-2026,236393826.0,73
Mirador Capital Partners LP,0001633446,0001633446-26-000002,08-APR-2026,31-MAR-2026,706027889.0,203
Canandaigua National Trust Co of Florida,0001471384,0001471384-26-000002,08-APR-2026,31-MAR-2026,124542094.0,108
"Quantum Financial Advisors, LLC",0001929139,0001929139-26-000003,08-APR-2026,31-MAR-2026,891384524.0,231
"Bond & Devick Financial Network, Inc.",0001843495,0001843495-26-000002,08-APR-2026,31-MAR-2026,358373627.0,188
"General Partner, Inc.",0001800508,0001800508-26-000002,08-APR-2026,31-MAR-2026,164190570.0,165
Exchange Bank,0002001155,0002001155-26-000002,08-APR-2026,31-MAR-2026,144296032.0,117
"BIRCHBROOK, INC.",0002071468,0002071468-26-000003,08-APR-2026,31-MAR-2026,203940483.0,291
TLWM,0001732537,0001732537-26-000003,08-APR-2026,31-MAR-2026,555156422.0,69
"Sandbox Financial Partners, LLC",0001844892,0001951757-26-000530,08-APR-2026,31-MAR-2026,355619503.0,117
"NorthCrest Asset Manangement, LLC",0001893159,0001214659-26-004438,08-APR-2026,31-MAR-2026,3212081583.0,766
"Infinity Wealth Counsel, LLC",0002066524,0001172661-26-001412,08-APR-2026,31-MAR-2026,108867184.0,63
"Panoramic Capital Partners, LLC",0002052992,0001951757-26-000534,08-APR-2026,31-MAR-2026,162319401.0,63
"DOLIVER ADVISORS, LP",0000938077,0000938077-26-000004,08-APR-2026,31-MAR-2026,439923037.0,180
David J Yvars Group,0001836266,0001836266-26-000002,08-APR-2026,31-MAR-2026,178912776.0,92
Post Resch Tallon Group Inc.,0002054476,0002054476-26-000002,08-APR-2026,31-MAR-2026,123705488.0,118
"Community Financial Services Group, LLC",0001537319,0001537319-26-000002,08-APR-2026,31-MAR-2026,568196866.0,460
Sharper & Granite LLC,0001959415,0001959415-26-000002,08-APR-2026,31-MAR-2026,292720026.0,107
"Asset Management Advisors, LLC",0001596355,0001596355-26-000002,08-APR-2026,31-MAR-2026,165332436.0,19
LYNCH & ASSOCIATES/IN,0001108965,0001108965-26-000002,08-APR-2026,31-MAR-2026,532576503.0,126
AFG FIDUCIARY SERVICES LIMITED PARTNERSHIP,0001907820,0001951757-26-000545,08-APR-2026,31-MAR-2026,169490486.0,90
"Seed Wealth Management, Inc.",0001963728,0001963728-26-000002,08-APR-2026,31-MAR-2026,145388424.0,98
Arlington Trust Co LLC,0001997685,0001997685-26-000005,08-APR-2026,31-MAR-2026,1134649474.0,844
"McNaughton Wealth Management, LLC",0001802691,0001802691-26-000002,08-APR-2026,31-MAR-2026,241799353.0,70
Asempa Wealth Advisors,0002099967,0002099967-26-000002,08-APR-2026,31-MAR-2026,114812102.0,115
"Heritage Family Offices, LLP",0002019316,0002019316-26-000002,08-APR-2026,31-MAR-2026,225492156.0,196
"Ervin Investment Management, LLC",0001907802,0001907802-26-000003,08-APR-2026,31-MAR-2026,170761976.0,47
Grove Bank & Trust,0001662212,0001193125-26-147358,08-APR-2026,31-MAR-2026,884383949.0,856
"CCG WEALTH MANAGEMENT, LLC",0001771169,0001951757-26-000541,08-APR-2026,31-MAR-2026,368893798.0,136
"Charis Legacy Partners, LLC",0002056602,0001754960-26-000210,08-APR-2026,31-MAR-2026,68375907.0,27
AAFMAA Wealth Management & Trust LLC,0001846160,0001376474-26-000279,08-APR-2026,31-MAR-2026,257776308.0,96
"Roberts Wealth Advisors, LLC",0001885319,0001754960-26-000208,08-APR-2026,31-MAR-2026,393912806.0,110
"INSPIRION WEALTH ADVISORS, LLC",0001633448,0001633448-26-000003,08-APR-2026,31-MAR-2026,802509337.0,177
RDA Financial Network,0001774086,0001774086-26-000002,08-APR-2026,31-MAR-2026,399627416.0,273
"Northstar Advisory Group, LLC",0001816000,0001951757-26-000535,08-APR-2026,31-MAR-2026,262088209.0,112
"DOVER ADVISORS, LLC",0001964541,0001951757-26-000539,08-APR-2026,31-MAR-2026,241730479.0,159
"Wealth Enhancement Trust Services, Inc.",0002067696,0001214659-26-004444,08-APR-2026,31-MAR-2026,826482769.0,779
"Prospera Capital Management, LLC",0002082673,0002082673-26-000002,08-APR-2026,31-MAR-2026,199287687.0,45
TOWER TRUST & INVESTMENT Co,0002067591,0002067591-26-000004,08-APR-2026,31-MAR-2026,152362157.0,208
"Archer Investment Management, LLC",0002052868,0002052868-26-000002,08-APR-2026,31-MAR-2026,237718004.0,108
"M.E. ALLISON & CO., INC.",0001619532,0001619532-26-000004,08-APR-2026,31-MAR-2026,150854146.0,193
Abacus FCF Advisors LLC,0001604903,0000894189-26-011964,08-APR-2026,31-MAR-2026,444317997.0,52
"Presidio Capital Management, LLC",0001931750,0001951757-26-000532,08-APR-2026,31-MAR-2026,344348197.0,79
"Winter & Associates, Inc.",0002109063,0002109063-26-000002,08-APR-2026,31-MAR-2026,114225538.0,84
Accel Wealth Management,0001838226,0001838226-26-000002,08-APR-2026,31-MAR-2026,383359317.0,290
Wealth Science Advisors LLC,0002083087,0002083087-26-000003,08-APR-2026,31-MAR-2026,177733841.0,203
AVITY INVESTMENT MANAGEMENT INC.,0000926834,0001951757-26-000543,08-APR-2026,31-MAR-2026,1374594627.0,114
"Hardin Capital Partners, LLC",0002033094,0002033094-26-000002,08-APR-2026,31-MAR-2026,215513238.0,140
"Towerpoint Wealth, LLC",0001731445,0001731445-26-000002,08-APR-2026,31-MAR-2026,247790590.0,93
"THOMPSON INVESTMENT MANAGEMENT, INC.",0001277279,0001277279-26-000004,08-APR-2026,31-MAR-2026,773479716.0,499
Dynamic Advisor Solutions LLC,0001599747,0001599747-26-000002,08-APR-2026,31-MAR-2026,3172403624.0,960
Oliver Luxxe Assets LLC,0001666239,0001666239-26-000006,08-APR-2026,31-MAR-2026,667861146.0,200
"JGP Wealth Management, LLC",0001748278,0001748278-26-000003,08-APR-2026,31-MAR-2026,961349681.0,223
"STEPHENS GROUP ASSET MANAGEMENT, LLC",0001726808,0001580642-26-002378,08-APR-2026,31-MAR-2026,1568844869.0,26
Aurelius Family Office LLC,0002053738,0002053738-26-000002,08-APR-2026,31-MAR-2026,229958658.0,47
"WEALTH ENHANCEMENT ADVISORY SERVICES, LLC",0001632972,0001214659-26-004436,08-APR-2026,31-MAR-2026,45471147470.0,3569
PURSUE WEALTH PARTNERS LLC,0001911091,0001951757-26-000531,08-APR-2026,31-MAR-2026,167359000.0,101
"DUDLEY & SHANLEY, INC.",0000883511,0000883511-26-000002,08-APR-2026,31-MAR-2026,611236912.0,37
"Stonebridge Financial Group, LLC",0002009367,0001999371-26-007873,08-APR-2026,31-MAR-2026,1216126817.0,262
Central Pacific Bank - Trust Division,0002020066,0002020066-26-000002,08-APR-2026,31-MAR-2026,783638357.0,854
"Partnership Wealth Management, LLC",0002010656,0002010656-26-000003,08-APR-2026,31-MAR-2026,131136602.0,66
"Abacus Planning Group, Inc.",0001602730,0001602730-26-000003,08-APR-2026,31-MAR-2026,742886732.0,264
"Longboard Asset Management, LP",0002045792,0002045792-26-000002,08-APR-2026,31-MAR-2026,5787788.0,28
"Wisconsin Wealth Advisors, LLC",0002073891,0001754960-26-000209,08-APR-2026,31-MAR-2026,101653588.0,84
Ausbil Investment Management Ltd,0001966036,0001966036-26-000002,08-APR-2026,31-MAR-2026,200958898.0,60
Eastover Investment Advisors LLC,0001472800,0001472800-26-000002,08-APR-2026,31-MAR-2026,233396461.0,50
ORRSTOWN FINANCIAL SERVICES INC,0000826154,0001104659-26-040697,08-APR-2026,31-MAR-2026,597476809.0,117
"Capital Advisors Wealth Management, LLC",0001824700,0001824700-26-000002,08-APR-2026,31-MAR-2026,744607806.0,216
"Emergent Wealth Advisors, LLC",0001799880,0001754960-26-000207,08-APR-2026,31-MAR-2026,169178201.0,125
Significant Wealth Partners LLC,0001964680,0001376474-26-000280,08-APR-2026,31-MAR-2026,81175617.0,111
Amanah Holdings Trust,0002076121,0002076121-26-000002,08-APR-2026,31-MAR-2026,908238817.0,20
"First Heartland Consultants, Inc.",0001428793,0001214659-26-004432,08-APR-2026,31-MAR-2026,1305259771.0,523
"Whitcomb & Hess, Inc.",0001813577,0001813577-26-000004,08-APR-2026,31-MAR-2026,428761970.0,64
"Legacy Wealth Asset Management, LLC",0001846151,0001846151-26-000002,08-APR-2026,31-MAR-2026,410984174.0,374
IMZ Advisory Inc,0002017735,0002017735-26-000002,08-APR-2026,31-MAR-2026,264430193.0,39
"Werlinich Asset Management, LLC",0002000493,0001951757-26-000544,08-APR-2026,31-MAR-2026,206165146.0,56
"NESTEGG ADVISORS, INC.",0002062716,0001951757-26-000536,08-APR-2026,31-MAR-2026,113861008.0,51
"BRADY FAMILY WEALTH, LLC",0001971456,0001725547-26-000124,08-APR-2026,31-MAR-2026,320644641.0,110
Pathway Financial Advisors LLC,0001738828,0001738828-26-000005,08-APR-2026,31-MAR-2026,808291858.0,136
Gainplan LLC,0001697857,0001697857-26-000003,08-APR-2026,31-MAR-2026,133234903.0,58
"Composition Wealth, LLC",0001585859,0001951757-26-000540,08-APR-2026,31-MAR-2026,7277272800.0,884
HAMILTON LANE ADVISORS LLC,0001573767,0001573767-26-000005,08-APR-2026,31-MAR-2026,139951851.0,20
"WEALTHSPAN PARTNERS, LLC",0001909805,0001951757-26-000526,08-APR-2026,31-MAR-2026,283790021.0,123
Holos Integrated Wealth LLC,0002080096,0001437749-26-011783,08-APR-2026,31-MAR-2026,197626277.0,412
"Graves Light Lenhart Wealth, Inc.",0001759803,0001759803-26-000003,08-APR-2026,31-MAR-2026,961060542.0,197
"FOCUS Wealth Advisors, LLC",0001845643,0001845643-26-000002,08-APR-2026,31-MAR-2026,204634118.0,59
RoundAngle Advisors LLC,0002049176,0002049176-26-000002,08-APR-2026,31-MAR-2026,133807635.0,60
CANANDAIGUA NATIONAL CORP,0000759458,0000759458-26-000001,08-APR-2026,31-MAR-2026,1117167312.0,310
"Pines Wealth Management, LLC",0002037426,0001951757-26-000527,08-APR-2026,31-MAR-2026,308952869.0,215
"Shore Point Advisors, LLC",0001907092,0001907092-26-000003,08-APR-2026,31-MAR-2026,253212140.0,76
WOODSTOCK CORP,0001008877,0001062993-26-001892,08-APR-2026,31-MAR-2026,1123493009.0,156
"Catterton Management Company, L.L.C.",0001560123,0001560123-26-000003,08-APR-2026,31-MAR-2026,3609731339.0,3
"West Financial Advisors, LLC",0001843684,0001843684-26-000002,08-APR-2026,31-MAR-2026,589119322.0,193
JBR Co Financial Management Inc,0002017878,0001214659-26-004443,08-APR-2026,31-MAR-2026,238860183.0,120
Beacon Financial Strategies CORP,0002084239,0001214659-26-004434,08-APR-2026,31-MAR-2026,176185846.0,177
"Evanson Asset Management, LLC",0001626379,0001626379-26-000002,08-APR-2026,31-MAR-2026,1862940625.0,321
WealthBridge Investment Counsel Inc.,0001799425,0001799425-26-000002,08-APR-2026,31-MAR-2026,327575.0,42
Systrade AG,0001818160,0001818160-26-000002,08-APR-2026,31-MAR-2026,149011315.0,11
"RVW Wealth, LLC",0001756543,0001756543-26-000002,08-APR-2026,31-MAR-2026,1283760368.0,176
"Fermata Advisors, LLC",0001859259,0001859259-26-000002,08-APR-2026,31-MAR-2026,444108173.0,232
Lakeridge Wealth Management LLC,0002012028,0001951757-26-000537,08-APR-2026,31-MAR-2026,232593938.0,169
"DiNuzzo Private Wealth, Inc.",0001994563,0001994563-26-000002,08-APR-2026,31-MAR-2026,928116993.0,1345
"Lineweaver Wealth Advisors, LLC",0001797873,0001797873-26-000002,08-APR-2026,31-MAR-2026,741545580.0,168
"Bill Few Associates, Inc.",0001914644,0001914644-26-000002,08-APR-2026,31-MAR-2026,416917540.0,211
"Gilman Hill Asset Management, LLC",0001551969,0001551969-26-000002,08-APR-2026,31-MAR-2026,662541541.0,225
"SFM, LLC",0002064225,0002064225-26-000002,08-APR-2026,31-MAR-2026,165479653.0,63
KWB Wealth,0001822236,0001822236-26-000002,08-APR-2026,31-MAR-2026,1010897537.0,166
"High Point Wealth Management, LLC",0002106882,0002106882-26-000002,08-APR-2026,31-MAR-2026,103610492.0,250
"Eldred Rock Partners, LLC",0001984180,0001984180-26-000003,08-APR-2026,31-MAR-2026,392947507.0,31
"SAX WEALTH ADVISORS, LLC",0001846150,0001846150-26-000005,08-APR-2026,31-MAR-2026,2064138736.0,482
Clarus Wealth Advisors,0001730149,0001730149-26-000002,08-APR-2026,31-MAR-2026,234551148.0,88
"Castle Rock Wealth Management, LLC",0001727605,0001727605-26-000002,08-APR-2026,31-MAR-2026,461900254.0,262
Hummer Financial Advisory Services Inc,0001802279,0001802279-26-000002,08-APR-2026,31-MAR-2026,141448587.0,129
"Cadent Capital Advisors, LLC",0001803536,0001803536-26-000002,08-APR-2026,31-MAR-2026,378044759.0,186
Leonard Rickey Investment Advisors P.L.L.C.,0001731447,0001731447-26-000003,08-APR-2026,31-MAR-2026,577873691.0,118
"Cambridge Financial Group, LLC",0002085256,0001214659-26-004448,08-APR-2026,31-MAR-2026,295448467.0,168
Cardinal Capital Management,0001434845,0001434845-26-000003,08-APR-2026,31-MAR-2026,775631165.0,136
Choice Wealth Advisors LLC,0001842357,0001951757-26-000556,09-APR-2026,31-MAR-2026,254788914.0,35
"Safir Wealth Advisors, LLC",0001830103,0001951757-26-000554,09-APR-2026,31-MAR-2026,138261475.0,19
LPWM LLC,0001801101,0001951757-26-000557,09-APR-2026,31-MAR-2026,396337243.0,94
Constitution Capital LLC,0001845531,0001951757-26-000548,09-APR-2026,31-MAR-2026,200084601.0,61
EHRLICH FINANCIAL GROUP,0002010632,0001951757-26-000551,09-APR-2026,31-MAR-2026,174015055.0,112
"LifeGuide Financial Advisors, LLC",0001908585,0001951757-26-000552,09-APR-2026,31-MAR-2026,312728791.0,46
"EAGLE ROCK INVESTMENT COMPANY, LLC",0001911407,0001951757-26-000549,09-APR-2026,31-MAR-2026,688175880.0,158
"Generali Investments, Management Co LLC",0002043136,0002043136-26-000003,09-APR-2026,31-MAR-2026,429904597.0,162
"TruWealth Advisors, LLC",0001834985,0002085853-26-000301,09-APR-2026,31-MAR-2026,2081290422.0,182
KELLY FINANCIAL GROUP LLC,0001128066,0002085853-26-000313,09-APR-2026,31-MAR-2026,397653013.0,100
"BROWN WEALTH MANAGEMENT, LLC",0001987005,0001104659-26-041337,09-APR-2026,31-MAR-2026,389275545.0,116
Point Windward Advisors Inc.,0001356202,0001356202-26-000002,09-APR-2026,31-MAR-2026,199631804.0,94
"Sculati Wealth Management, LLC",0001803397,0001803397-26-000004,09-APR-2026,31-MAR-2026,270909350.0,116
"IFG Advisors, LLC",0001783412,0001783412-26-000004,09-APR-2026,31-MAR-2026,610595383.0,149
"WealthCare Investment Partners, LLC",0001908462,0001951757-26-000555,09-APR-2026,31-MAR-2026,360414464.0,191
Curated Wealth Partners LLC,0001781284,0001085146-26-000338,09-APR-2026,31-MAR-2026,793611048.0,228
General Motors Holdings LLC,0001497345,0001497345-26-000007,09-APR-2026,31-MAR-2026,90501287.0,5
"PINKERTON WEALTH, LLC",0001536446,0001104659-26-041344,09-APR-2026,31-MAR-2026,1099141854.0,138
VERITY Wealth Advisors,0001763138,0001763138-26-000002,09-APR-2026,31-MAR-2026,149740025.0,81
"Teamwork Financial Advisors, LLC",0001629931,0002085853-26-000320,09-APR-2026,31-MAR-2026,900033695.0,179
Lantz Financial LLC,0001766883,0001766883-26-000005,09-APR-2026,31-MAR-2026,483685989.0,239
"Red Spruce Capital, LLC",0001795356,0001214659-26-004490,09-APR-2026,31-MAR-2026,243556629.0,94
"PTM WEALTH MANAGEMENT, LLC",0002061027,0001951757-26-000547,09-APR-2026,31-MAR-2026,188701108.0,56
TOMPKINS FINANCIAL CORP,0001005817,0001999371-26-007945,09-APR-2026,31-MAR-2026,1255684789.0,565
Trust Co of Tennessee,0002025098,0002025098-26-000004,09-APR-2026,31-MAR-2026,537025884.0,8
Wealth Advisors Northwest LLC,0002053892,0002053892-26-000002,09-APR-2026,31-MAR-2026,238432555.0,57
"Selby Wealth Management, LLC",0002110725,0001951757-26-000550,09-APR-2026,31-MAR-2026,253872916.0,81
"Olistico Wealth, LLC",0001962695,0001962695-26-000002,09-APR-2026,31-MAR-2026,202893693.0,340
Lakehouse Capital Pty Ltd,0001844830,0001844830-26-000002,09-APR-2026,31-MAR-2026,148249.0,13
Rockingstone Advisors LLC,0002027176,0002027176-26-000002,09-APR-2026,31-MAR-2026,217963119.0,113
Pacific Capital Partners Ltd,0002064920,0002064920-26-000002,09-APR-2026,31-MAR-2026,101347758.0,38
DIVERSIFIED MANAGEMENT INC,0000922372,0002085853-26-000302,09-APR-2026,31-MAR-2026,583239009.0,262
MOODY NATIONAL BANK TRUST DIVISION,0001092903,0001096906-26-000518,09-APR-2026,31-MAR-2026,1050265386.0,501
Overbrook Management Corp,0001269786,0001269786-26-000002,09-APR-2026,31-MAR-2026,529453816.0,51
SANDERS MORRIS HARRIS LLC,0001053994,0001053994-26-000002,09-APR-2026,31-MAR-2026,630837951.0,297
Boit C F David,0001308331,0001308331-26-000002,09-APR-2026,31-MAR-2026,225311677.0,117
Victrix Investment Advisors,0002055229,0002085853-26-000311,09-APR-2026,31-MAR-2026,275387088.0,106
"DHJJ Financial Advisors, Ltd.",0001844716,0001844716-26-000002,09-APR-2026,31-MAR-2026,301752763.0,1081
"EPIQ PARTNERS, LLC",0001799435,0001799435-26-000002,09-APR-2026,31-MAR-2026,214048778.0,83
"KWMG, LLC",0001633024,0001214659-26-004501,09-APR-2026,31-MAR-2026,1197796733.0,147
TEALWOOD ASSET MANAGEMENT INC,0001164062,0001580642-26-002409,09-APR-2026,31-MAR-2026,219782.0,118
"Yanni & Associates Investment Advisors, LLC",0002109644,0002085853-26-000321,09-APR-2026,31-MAR-2026,96456212.0,34
"WALNUT PRIVATE EQUITY PARTNERS, LLC",0001599275,0001214659-26-004493,09-APR-2026,31-MAR-2026,181325223.0,14
"BUTENSKY & COHEN FINANCIAL SECURITY, INC",0001632802,0001214659-26-004505,09-APR-2026,31-MAR-2026,379877699.0,98
"Praetorian Wealth Management, Inc.",0001818940,0001818940-26-000002,09-APR-2026,31-MAR-2026,526195446.0,77
"Cornerstone Wealth Advisors, Inc.",0001862176,0001862176-26-000002,09-APR-2026,31-MAR-2026,434280257.0,49
Wealth Quarterback LLC,0001803386,0001803386-26-000003,09-APR-2026,31-MAR-2026,253995218.0,163
"HERBST GROUP, LLC",0001909319,0001951757-26-000559,09-APR-2026,31-MAR-2026,161914280.0,59
Pacifica Partners Inc.,0001799900,0001799900-26-000002,09-APR-2026,31-MAR-2026,301202802.0,451
"Avior Wealth Management, LLC",0001599868,0001754960-26-000212,09-APR-2026,31-MAR-2026,3525677609.0,825
"CRA Financial Services, LLC",0001765594,0001765594-26-000002,09-APR-2026,31-MAR-2026,770099080.0,296
FCG Investment Co,0002011697,0002085853-26-000312,09-APR-2026,31-MAR-2026,228099681.0,100
ZEVENBERGEN CAPITAL INVESTMENTS LLC,0001276918,0001276918-26-000005,09-APR-2026,31-MAR-2026,3477967175.0,110
American National Bank of Texas,0002086953,0001140361-26-013983,09-APR-2026,31-MAR-2026,104939016.0,57
"Key Client Fiduciary Advisors, LLC",0001912612,0002085853-26-000300,09-APR-2026,31-MAR-2026,290994309.0,207
Aletheian Wealth Advisors LLC,0001922281,0002085853-26-000305,09-APR-2026,31-MAR-2026,205159665.0,97
"SILVIA MCCOLL WEALTH MANAGEMENT, LLC",0001991983,0001991983-26-000003,09-APR-2026,31-MAR-2026,151860395.0,119
P/E Global LLC,0001910344,0001910344-26-000004,09-APR-2026,31-MAR-2026,1268806926.0,7
Mechanics Bank Trust Department,0001439743,0001439743-26-000002,09-APR-2026,31-MAR-2026,722214370.0,199
Shulman DeMeo Asset Management LLC,0001767070,0001767070-26-000002,09-APR-2026,31-MAR-2026,470902814.0,140
"Planned Solutions, Inc.",0001831332,0001831332-26-000002,09-APR-2026,31-MAR-2026,302963611.0,138
OFS Enterprise LLC,0002107566,0002107566-26-000001,09-APR-2026,31-MAR-2026,340186410.0,94
LIFE LINE WEALTH MANAGEMENT LLC,0002035872,0002085853-26-000322,09-APR-2026,31-MAR-2026,223892095.0,35
"FIRETHORN WEALTH PARTNERS, LLC",0001845743,0001845743-26-000002,09-APR-2026,31-MAR-2026,272658185.0,189
"ASL Financial, LLC",0002105933,0002105933-26-000005,09-APR-2026,31-MAR-2026,125155127.0,91
"Platt Investment Counsel, LLC",0001859195,0002085853-26-000328,09-APR-2026,31-MAR-2026,129888992.0,13
"CAMELOT TECHNOLOGY ADVISORS, INC.",0002021818,0002021818-26-000002,09-APR-2026,31-MAR-2026,136191675.0,57
"Veery Capital, LLC",0001844375,0002085853-26-000309,09-APR-2026,31-MAR-2026,326101122.0,96
"C2P Capital Advisory Group, LLC d.b.a. Prosperity Capital Advisors",0001965756,0001172661-26-001426,09-APR-2026,31-MAR-2026,1756473084.0,403
"Wealth Alliance Advisory Group, LLC",0001735734,0002085853-26-000315,09-APR-2026,31-MAR-2026,631585405.0,197
"Cutter & CO Brokerage, Inc.",0001406995,0001406995-26-000002,09-APR-2026,31-MAR-2026,0.0,1
"Taylor & Morgan Wealth Management, LLC",0001844266,0002085853-26-000319,09-APR-2026,31-MAR-2026,175293102.0,79
Chemistry Wealth Management LLC,0001910183,0001951757-26-000560,09-APR-2026,31-MAR-2026,568546951.0,204
"CENTRAL VALLEY ADVISORS, LLC",0002010698,0001085146-26-000337,09-APR-2026,31-MAR-2026,366490121.0,187
"Turner Capital Investments, LLC",0002106280,0002085853-26-000308,09-APR-2026,31-MAR-2026,420684.0,1
"Peterson Wealth Advisors, LLC",0001713558,0002085853-26-000306,09-APR-2026,31-MAR-2026,751874158.0,108
"McNamara Financial Services, Inc.",0001622431,0001951757-26-000563,09-APR-2026,31-MAR-2026,528418534.0,99
"Adirondack Capital Advisors, LLC",0002107623,0002085853-26-000310,09-APR-2026,31-MAR-2026,155680984.0,44
STEWARDSHIP CONCEPTS FINANCIAL SERVICES LLC,0002105785,0002105785-26-000002,09-APR-2026,31-MAR-2026,127633859.0,62
Dorato Capital Management,0002095216,0002095216-26-000002,09-APR-2026,31-MAR-2026,135467105.0,254
Crocodile Capital Partners GmbH,0001956498,0001956498-26-000002,09-APR-2026,31-MAR-2026,139761784.0,12
"Clarity Capital Advisors, LLC",0002011219,0001172661-26-001425,09-APR-2026,31-MAR-2026,214603081.0,95
TETRAD CORP,0000883597,0000900440-26-000035,09-APR-2026,31-MAR-2026,1000111642.0,3
WINCAP FINANCIAL LLC,0002064588,0001951757-26-000558,09-APR-2026,31-MAR-2026,150273580.0,87
"WestHill Financial Advisors, Inc.",0001759641,0002085853-26-000325,09-APR-2026,31-MAR-2026,522951237.0,76
"Somnio Financial Group, LLC",0002034894,0002034894-26-000002,09-APR-2026,31-MAR-2026,152220110.0,14
"Everhart Financial Group, Inc.",0001852858,0002085853-26-000316,09-APR-2026,31-MAR-2026,1174435389.0,464
"CULLEN INVESTMENT GROUP, LTD.",0000797203,0000797203-26-000002,09-APR-2026,31-MAR-2026,757587860.0,179
Freestate Advisors LLC,0001660328,0001660328-26-000003,09-APR-2026,31-MAR-2026,125063232.0,42
Park Place Capital Corp,0001965810,0001162044-26-000313,09-APR-2026,31-MAR-2026,498731611.0,850
"TrueWealth Advisors, LLC",0001817714,0002085853-26-000303,09-APR-2026,31-MAR-2026,397553173.0,233
"CLIFTONLARSONALLEN WEALTH ADVISORS, LLC",0000944361,0000944361-26-000005,09-APR-2026,31-MAR-2026,6827923268.0,222
"Baron Financial Group, LLC",0001832093,0002085853-26-000326,09-APR-2026,31-MAR-2026,185405870.0,53
"Keystone Financial Planning, Inc.",0001596906,0001596906-26-000003,09-APR-2026,31-MAR-2026,374372846.0,40
"PFS Partners, LLC",0002002654,0002002654-26-000002,09-APR-2026,31-MAR-2026,218150449.0,590
Asset Value Investors Ltd,0001870300,0001870300-26-000003,09-APR-2026,31-MAR-2026,99601739.0,2
"TILIA FIDUCIARY PARTNERS, INC.",0001910210,0001910210-26-000002,09-APR-2026,31-MAR-2026,181990638.0,115
"Secure Asset Management, LLC",0001800692,0002085853-26-000323,09-APR-2026,31-MAR-2026,631190764.0,317
"Thrive Wealth Management, LLC",0001847610,0001847610-26-000003,09-APR-2026,31-MAR-2026,670851764.0,231
"MFG WEALTH MANAGEMENT, INC.",0002053046,0002085853-26-000318,09-APR-2026,31-MAR-2026,120591747.0,61
Arlington Partners LLC,0001389848,0001389848-26-000005,09-APR-2026,31-MAR-2026,50103244.0,62
Shearwater Capital LLC,0001905665,0001905665-26-000003,09-APR-2026,31-MAR-2026,190686625.0,71
New York University,0002069154,0001193125-26-149592,09-APR-2026,31-MAR-2026,3165531.0,1
"Meritas Wealth Management, LLC",0001990690,0001990690-26-000002,09-APR-2026,31-MAR-2026,221153005.0,60
"Goelzer Investment Management, Inc.",0001550057,0001550057-26-000002,09-APR-2026,31-MAR-2026,2067639500.0,297
"Meriwether Wealth & Planning, LLC",0002055554,0001754960-26-000213,09-APR-2026,31-MAR-2026,182557015.0,126
VISTA INVESTMENT PARTNERS LLC,0002023386,0002085853-26-000317,09-APR-2026,31-MAR-2026,377787430.0,167
Wedmont Private Capital,0001904274,0001904274-26-000004,09-APR-2026,31-MAR-2026,3100779704.0,838
Towarzystwo Funduszy Inwestycyjnych Allianz Polska S.A.,0002054965,0002054965-26-000002,09-APR-2026,31-MAR-2026,56174873.0,38
"Elmwood Wealth Management, Inc.",0001731927,0001731927-26-000002,09-APR-2026,31-MAR-2026,361624990.0,178
"Acropolis Investment Management, LLC",0001318601,0001104659-26-041279,09-APR-2026,31-MAR-2026,2262668802.0,384
"Leverty Financial Group, LLC",0001908386,0002085853-26-000307,09-APR-2026,31-MAR-2026,451992392.0,44
Veracity Capital LLC,0001811005,0002085853-26-000324,09-APR-2026,31-MAR-2026,279919534.0,201
"Whitaker-Myers Wealth Managers, LTD.",0001973849,0002085853-26-000304,09-APR-2026,31-MAR-2026,501620374.0,108
"Allodium Investment Consultants, LLC",0002052983,0002052983-26-000002,09-APR-2026,31-MAR-2026,208822569.0,52
HT Partners LLC,0001552999,0001398344-26-006392,10-APR-2026,31-MAR-2026,330218038.0,55
"DKM Wealth Management, Inc.",0002055833,0002055833-26-000002,10-APR-2026,31-MAR-2026,138693480.0,76
M & L Capital Management Ltd,0001927627,0001927627-26-000003,10-APR-2026,31-MAR-2026,406670388.0,19
"Hartz Capital, Inc.",0001399518,0001140361-26-014202,10-APR-2026,31-MAR-2026,0.0,1
Piscataqua Savings Bank,0001855835,0001855835-26-000002,10-APR-2026,31-MAR-2026,142319365.0,416
"TCP Asset Management, LLC",0001961898,0002085853-26-000334,10-APR-2026,31-MAR-2026,778011452.0,133
Field & Main Bank,0001594492,0001594492-26-000002,10-APR-2026,31-MAR-2026,343721944.0,261
"Harpswell Capital Advisors, LLC",0001806630,0001806630-26-000002,10-APR-2026,31-MAR-2026,134298537.0,36
SMH CAPITAL ADVISORS INC,0001180391,0001180391-26-000002,10-APR-2026,31-MAR-2026,32945180.0,38
"Ballew Advisors, Inc",0001729096,0001580642-26-002441,10-APR-2026,31-MAR-2026,177364746.0,118
Green Ridge Wealth Planning LLC,0002117069,0002085853-26-000332,10-APR-2026,31-MAR-2026,190016406.0,86
Magnus Financial Group LLC,0001765216,0001951757-26-000579,10-APR-2026,31-MAR-2026,1230114274.0,369
Level Financial Advisors,0001871734,0001871734-26-000002,10-APR-2026,31-MAR-2026,392079469.0,92
"Naviter Wealth, LLC",0001855567,0001951757-26-000571,10-APR-2026,31-MAR-2026,800611858.0,271
WINEBRENNER CAPITAL MANAGEMENT LLC,0002047728,0002085853-26-000335,10-APR-2026,31-MAR-2026,155719229.0,139
"JACOBSON & SCHMITT ADVISORS, LLC",0001632096,0001951757-26-000572,10-APR-2026,31-MAR-2026,551350998.0,78
Daytona Street Capital LLC,0002101936,0002101936-26-000002,10-APR-2026,31-MAR-2026,129723885.0,301
Impact Capital Partners LLC,0002054916,0001951757-26-000577,10-APR-2026,31-MAR-2026,330600804.0,276
Waldron Private Wealth LLC,0001598180,0001598180-26-000004,10-APR-2026,31-MAR-2026,2564244907.0,342
"Sulzberger Capital Advisors, Inc.",0002056727,0001172661-26-001442,10-APR-2026,31-MAR-2026,97987155.0,49
"Ipswich Investment Management Co., Inc.",0001463753,0001398344-26-006386,10-APR-2026,31-MAR-2026,425883230.0,185
PFW Advisors LLC,0001989744,0001989744-26-000002,10-APR-2026,31-MAR-2026,317932465.0,118
"Shelter Rock Management, LLC",0002109305,0002109305-26-000002,10-APR-2026,31-MAR-2026,94299796.0,35
VIKING FUND MANAGEMENT LLC,0001169069,0001169069-26-000004,10-APR-2026,31-MAR-2026,975559535.0,142
Benin Management CORP,0001352871,0001420506-26-000662,10-APR-2026,31-MAR-2026,444808652.0,146
Sage Investment Advisers LLC,0001925418,0001951757-26-000582,10-APR-2026,31-MAR-2026,135037475.0,89
"Brucke Financial, Inc.",0002058446,0002058446-26-000002,10-APR-2026,31-MAR-2026,197136579.0,166
"Insight Wealth Strategies, LLC",0001749914,0001749914-26-000004,10-APR-2026,31-MAR-2026,895704935.0,177
Charles Schwab Trust Co,0001789219,0001789219-26-000003,10-APR-2026,31-MAR-2026,1542295814.0,165
"Northside Capital Management, LLC",0001631052,0001172661-26-001447,10-APR-2026,31-MAR-2026,1138823112.0,193
"GREAT OAK CAPITAL PARTNERS, LLC",0002012868,0001951757-26-000578,10-APR-2026,31-MAR-2026,429821635.0,47
COREPATH WEALTH PARTNERS LLC,0001845838,0001951757-26-000581,10-APR-2026,31-MAR-2026,148288903.0,41
"Sunflower Bank, N.A.",0001818759,0001818759-26-000004,10-APR-2026,31-MAR-2026,392375198.0,155
Atala Financial Inc,0002053756,0002053756-26-000002,10-APR-2026,31-MAR-2026,148943244.0,117
"Perigon Wealth Management, LLC",0001575239,0001951757-26-000567,10-APR-2026,31-MAR-2026,5508586707.0,1285
Cassilly Financial Group LLC,0002090777,0002090777-26-000003,10-APR-2026,31-MAR-2026,115235654.0,64
SYQUANT CAPITAL SAS,0001766392,0001766392-26-000002,10-APR-2026,31-MAR-2026,640320.0,40
PBU - The Pension Fund of Early Childhood & Youth Educators,0002103310,0002103310-26-000008,10-APR-2026,31-MAR-2026,6649341953.0,190
"Windsor Capital Management, LLC",0001543100,0001172661-26-001427,10-APR-2026,31-MAR-2026,354836310.0,123
McCollum Christoferson Group LLC,0001727573,0001727573-26-000004,10-APR-2026,31-MAR-2026,332767087.0,77
MKT Advisors LLC,0001906802,0001951757-26-000564,10-APR-2026,31-MAR-2026,298274754.0,157
BDF-GESTION,0001632812,0001632812-26-000002,10-APR-2026,31-MAR-2026,748555247.0,144
Matrix Trust Co,0001784277,0001784277-26-000004,10-APR-2026,31-MAR-2026,602052.0,178
"ALM First Financial Advisors, LLC",0001950054,0001950054-26-000005,10-APR-2026,31-MAR-2026,557450402.0,25
"Kessler Investment Group, LLC",0001525947,0001525947-26-000004,10-APR-2026,31-MAR-2026,211297168.0,79
"Legacy Wealth Management, LLC / MS",0002047443,0001214659-26-004531,10-APR-2026,31-MAR-2026,350850210.0,106
EAGLE WEALTH STRATEGIES LLC,0002009882,0001951757-26-000565,10-APR-2026,31-MAR-2026,228062707.0,114
Abound Wealth Management,0001950323,0001950323-26-000005,10-APR-2026,31-MAR-2026,440096962.0,1491
Putney Financial Group LLC,0002056907,0002056907-26-000002,10-APR-2026,31-MAR-2026,99268019.0,84
Briaud Financial Planning Inc,0001800586,0001951757-26-000584,10-APR-2026,31-MAR-2026,381383269.0,38
"ARMSTRONG ADVISORY GROUP, INC",0001932952,0001932952-26-000002,10-APR-2026,31-MAR-2026,1490851218.0,958
"BAKER TILLY WEALTH MANAGEMENT, LLC",0001840565,0001840565-26-000002,10-APR-2026,31-MAR-2026,411208301.0,280
"Prota Financial, LLC",0002126257,0001754960-26-000215,10-APR-2026,31-MAR-2026,138001042.0,67
Luma Capital S.A. - SPF,0002087462,0001140361-26-014088,10-APR-2026,31-MAR-2026,103909623.0,12
BOSTON RESEARCH & MANAGEMENT INC,0001259261,0001259261-26-000004,10-APR-2026,31-MAR-2026,420987.0,114
BostonPremier Wealth LLC,0002053783,0001951757-26-000580,10-APR-2026,31-MAR-2026,193528257.0,70
"Quaker Wealth Management, LLC",0001733472,0001733472-26-000002,10-APR-2026,31-MAR-2026,320137385.0,972
Finivi Inc.,0002101641,0002085853-26-000338,10-APR-2026,31-MAR-2026,183113686.0,103
"Octavia Wealth Advisors, LLC",0001841259,0001951757-26-000570,10-APR-2026,31-MAR-2026,1045762548.0,238
"SARD WEALTH MANAGEMENT GROUP, LLC",0002010095,0001951757-26-000566,10-APR-2026,31-MAR-2026,183922821.0,60
CARDEROCK CAPITAL MANAGEMENT INC,0001168889,0001941040-26-000214,10-APR-2026,31-MAR-2026,404805886.0,73
FRANKLIN STREET ADVISORS INC /NC,0001010873,0001010873-26-000003,10-APR-2026,31-MAR-2026,1629303225.0,172
"Cooke Wealth Management, LLC",0002093659,0002093659-26-000002,10-APR-2026,31-MAR-2026,112853828.0,37
Finward Bancorp,0000919864,0001628280-26-024650,10-APR-2026,31-MAR-2026,125095496.0,104
"CLARIS ADVISORS, LLC / MO /",0001905092,0001905092-26-000002,10-APR-2026,31-MAR-2026,334140112.0,70
Auto-Owners Insurance Co,0001964189,0001964189-26-000003,10-APR-2026,31-MAR-2026,4775411846.0,106
COUNTRY TRUST BANK,0001209324,0001104659-26-041850,10-APR-2026,31-MAR-2026,5259686014.0,572
"Rede Wealth, LLC",0001842054,0001842054-26-000002,10-APR-2026,31-MAR-2026,278029529.0,108
Wealth Group Ltd,0002010748,0002010748-26-000002,10-APR-2026,31-MAR-2026,439056294.0,94
"TOUNJIAN ADVISORY PARTNERS, LLC",0002039850,0001951757-26-000575,10-APR-2026,31-MAR-2026,276894019.0,150
"Aquire Wealth Advisors, LLC",0001745945,0001172661-26-001464,10-APR-2026,31-MAR-2026,380229413.0,48
"WLTH Capital Management, LLC",0002112635,0001951757-26-000585,10-APR-2026,31-MAR-2026,127592784.0,26
"Lifestyle Asset Management, Inc.",0001845675,0002085853-26-000333,10-APR-2026,31-MAR-2026,306171715.0,134
AFFINITY WEALTH MANAGEMENT LLC,0000810672,0001951757-26-000583,10-APR-2026,31-MAR-2026,660629282.0,103
"Harbor Group, Inc.",0001840486,0001840486-26-000003,10-APR-2026,31-MAR-2026,692010455.0,115
Ebert Capital Management Inc.,0002102530,0002085853-26-000337,10-APR-2026,31-MAR-2026,97912815.0,26
"Salvus Wealth Management, LLC",0001809236,0001809236-26-000003,10-APR-2026,31-MAR-2026,171968763.0,126
Quadratic Capital Management LLC,0001697722,0001214659-26-004534,10-APR-2026,31-MAR-2026,383253415.0,2
"Linden Thomas Advisory Services, LLC",0001965702,0001965702-26-000006,10-APR-2026,31-MAR-2026,1037837498.0,530
"Boyer Financial Services, Inc.",0002108122,0002085853-26-000336,10-APR-2026,31-MAR-2026,94317064.0,44
"Stillwater Capital Advisors, LLC",0001482970,0001482970-26-000004,10-APR-2026,31-MAR-2026,876086233.0,68
Henry James International Management Inc.,0001750423,0001104659-26-041848,10-APR-2026,31-MAR-2026,276948026.0,94
"Oxinas Partners, LLC",0001759320,0001951757-26-000569,10-APR-2026,31-MAR-2026,218845909.0,145
"GEM Asset Management, LLC",0001963319,0000905729-26-000081,10-APR-2026,31-MAR-2026,226627579.0,107
Summit Financial Consulting LLC,0002065794,0002065794-26-000002,10-APR-2026,31-MAR-2026,139703945.0,41
"Performance Wealth Partners, LLC",0001908765,0001951757-26-000568,10-APR-2026,31-MAR-2026,3446648215.0,212
"Bouvel Investment Partners, LLC",0001839122,0001839122-26-000003,10-APR-2026,31-MAR-2026,344642140.0,78
"Intellectus Partners, LLC",0001677253,0001951757-26-000573,10-APR-2026,31-MAR-2026,489875108.0,290
First Bank & Trust,0001692632,0001692632-26-000002,10-APR-2026,31-MAR-2026,620803169.0,257
"MELFA WEALTH MANAGEMENT, INC.",0001962465,0001951757-26-000574,10-APR-2026,31-MAR-2026,174154737.0,195
"Lake Hills Wealth Management, LLC",0001705594,0001214659-26-004538,10-APR-2026,31-MAR-2026,178808683.0,62
"Pure Financial Advisors, LLC",0001571556,0001571556-26-000004,10-APR-2026,31-MAR-2026,6967426348.0,572
"Prosperity Planning, Inc.",0001843292,0001843292-26-000002,10-APR-2026,31-MAR-2026,394652005.0,110
"Kopion Asset Management, LLC",0001728689,0001728689-26-000003,10-APR-2026,31-MAR-2026,128512655.0,20
"IAM Advisory, LLC",0001825292,0001951757-26-000576,10-APR-2026,31-MAR-2026,446321762.0,95
Uptown Financial Advisors LLC,0002066147,0002066147-26-000002,13-APR-2026,31-MAR-2026,123630948.0,70
CMH Wealth Management LLC,0001657516,0001657516-26-000003,13-APR-2026,31-MAR-2026,582543458.0,113
"Marshall Financial Group, LLC",0001841496,0002085853-26-000353,13-APR-2026,31-MAR-2026,624558414.0,293
"Affinity Capital Advisors, LLC",0001810023,0001810023-26-000002,13-APR-2026,31-MAR-2026,713154343.0,181
"Wynn Capital, LLC",0002009900,0001754960-26-000234,13-APR-2026,31-MAR-2026,194698915.0,107
"True Wealth Design, LLC",0001966033,0001966033-26-000003,13-APR-2026,31-MAR-2026,360434991.0,2699
"LAKE STREET PRIVATE WEALTH, LLC",0001772031,0001772031-26-000002,13-APR-2026,31-MAR-2026,785425715.0,270
"IRONWOOD WEALTH MANAGEMENT, INC.",0001844821,0001844821-26-000002,13-APR-2026,31-MAR-2026,223166264.0,31
"MLP3, LLC",0002109061,0002109061-26-000002,13-APR-2026,31-MAR-2026,90711826.0,86
"FIDUCIARY FINANCIAL GROUP, LLC",0001925420,0001754960-26-000225,13-APR-2026,31-MAR-2026,754146116.0,345
"CJM Wealth Advisers, Ltd.",0001992748,0001992748-26-000002,13-APR-2026,31-MAR-2026,328307136.0,72
"Buska Wealth Management, LLC",0001910503,0001910503-26-000002,13-APR-2026,31-MAR-2026,248926603.0,74
"Cypress Point Wealth Management, LLC",0001825611,0001825611-26-000002,13-APR-2026,31-MAR-2026,464270808.0,123
Midway Capital Research & Management,0002115416,0001754960-26-000230,13-APR-2026,31-MAR-2026,106063899.0,117
"MOODY LYNN LIEBERSON & WALKER, LLC",0000938592,0000938592-26-000005,13-APR-2026,31-MAR-2026,1781692287.0,250
"JACKSON SQUARE CAPITAL, LLC",0001812178,0001812178-26-000002,13-APR-2026,31-MAR-2026,476963622.0,129
"Cyndeo Wealth Partners, LLC",0001950947,0001950947-26-000002,13-APR-2026,31-MAR-2026,1900866624.0,478
COMMUNITY TRUST & INVESTMENT CO,0001047142,0001047142-26-000002,13-APR-2026,31-MAR-2026,1840759795.0,140
"VOISARD ASSET MANAGEMENT GROUP, INC.",0002011215,0002085853-26-000360,13-APR-2026,31-MAR-2026,468767838.0,104
"Wiser Wealth Management, Inc",0001573263,0001573263-26-000003,13-APR-2026,31-MAR-2026,463740838.0,58
"Stockman Wealth Management, Inc.",0001389400,0001389400-26-000005,13-APR-2026,31-MAR-2026,906186042.0,178
Cerro Pacific Wealth Advisors LLC,0001842669,0002085853-26-000358,13-APR-2026,31-MAR-2026,381220573.0,159
"Financial Partners Group, Inc",0001731169,0002085853-26-000362,13-APR-2026,31-MAR-2026,835914831.0,227
"RTD Financial Advisors, Inc.",0001810555,0002085853-26-000354,13-APR-2026,31-MAR-2026,813715491.0,114
Client First Investment Management LLC,0002018284,0002085853-26-000350,13-APR-2026,31-MAR-2026,192369807.0,16
"Integris Wealth Management, LLC",0001750852,0002085853-26-000341,13-APR-2026,31-MAR-2026,435087591.0,124
"Capital Advantage, Inc.",0001628896,0002085853-26-000344,13-APR-2026,31-MAR-2026,764979248.0,145
"AssuredPartners Investment Advisors, LLC",0002055492,0002085853-26-000348,13-APR-2026,31-MAR-2026,919184864.0,402
Chesley Taft & Associates LLC,0001164632,0001164632-26-000002,13-APR-2026,31-MAR-2026,2392133977.0,370
"Harrington Investments, INC",0001386364,0001386364-26-000002,13-APR-2026,31-MAR-2026,190027852.0,84
LWM ADVISORS INC,0002067328,0002085853-26-000343,13-APR-2026,31-MAR-2026,115274292.0,31
"Integrated Financial Solutions, Inc.",0002086529,0002085853-26-000340,13-APR-2026,31-MAR-2026,143995084.0,31
Physician Wealth Solutions Inc.,0002007116,0001214659-26-004562,13-APR-2026,31-MAR-2026,241555741.0,45
Hudson Capital Management LLC,0001727342,0001727342-26-000002,13-APR-2026,31-MAR-2026,386949718.0,75
Centurion Wealth Management LLC,0001951368,0002085853-26-000351,13-APR-2026,31-MAR-2026,442909319.0,307
"Sterling Manor Financial, LLC",0001842015,0002085853-26-000352,13-APR-2026,31-MAR-2026,159885525.0,39
"Connecticut Capital Management Group, LLC",0002097898,0002085853-26-000349,13-APR-2026,31-MAR-2026,105848869.0,109
"Stephens Group, LLC",0001427999,0001104659-26-042186,13-APR-2026,31-MAR-2026,171507415.0,4
AUGUSTINE ASSET MANAGEMENT INC,0000778963,0000778963-26-000002,13-APR-2026,31-MAR-2026,444115406.0,112
Breachway Investments LLC,0002106661,0002106661-26-000002,13-APR-2026,31-MAR-2026,104183072.0,96
ARWA LLC,0002113621,0001951757-26-000588,13-APR-2026,31-MAR-2026,201825795.0,149
"McGrath & Associates, Inc.",0002054701,0002085853-26-000345,13-APR-2026,31-MAR-2026,67964898.0,41
"OMNI 360 Wealth, Inc.",0002010436,0002085853-26-000361,13-APR-2026,31-MAR-2026,193822964.0,125
Financial Advisory Corp,0001813369,0002085853-26-000355,13-APR-2026,31-MAR-2026,719774033.0,51
"BURR FINANCIAL SERVICES, LLC",0001966297,0002085853-26-000347,13-APR-2026,31-MAR-2026,125842938.0,25
Sarasin & Partners LLP,0001510481,0001510481-26-000002,13-APR-2026,31-MAR-2026,8197154050.0,88
"E Fund Management Co., Ltd.",0001842296,0001842296-26-000006,13-APR-2026,31-MAR-2026,3365841983.0,489
PartnerRe Asset Management CORP,0001301542,0001301542-26-000004,13-APR-2026,31-MAR-2026,138015048.0,2
"Sound Stewardship, LLC",0001998101,0002085853-26-000359,13-APR-2026,31-MAR-2026,218271118.0,63
"YHB Investment Advisors, Inc.",0001469219,0002085853-26-000346,13-APR-2026,31-MAR-2026,1394946879.0,298
RESTON WEALTH MANAGEMENT LLC,0001767617,0001705819-26-000024,13-APR-2026,31-MAR-2026,326435948.0,62
"AdviceOne Advisory Services, LLC",0001998980,0001951757-26-000589,13-APR-2026,31-MAR-2026,165241269.0,41
PKO BP BANKOWY Universal Pension Society JSC,0002055875,0002055875-26-000007,13-APR-2026,31-MAR-2026,213887622.0,13
"Revolve Wealth Partners, LLC",0001808992,0002085853-26-000357,13-APR-2026,31-MAR-2026,769623781.0,229
Ayalon Insurance Comp Ltd.,0001642216,0001178913-26-002080,13-APR-2026,31-MAR-2026,489569.0,61
Czech National Bank,0001908923,0001908923-26-000002,13-APR-2026,31-MAR-2026,15224214623.0,503
GLP Holdings LLLP,0002103074,0001398344-26-006437,13-APR-2026,31-MAR-2026,97687487.0,4
Oak Root LLC,0002027377,0002085853-26-000342,13-APR-2026,31-MAR-2026,820047588.0,10
Invariant Investment Management,0001850871,0001754960-26-000231,13-APR-2026,31-MAR-2026,162440597.0,70
Ayrshire Capital Management LLC,0001801563,0001754960-26-000224,13-APR-2026,31-MAR-2026,193297714.0,50
"John W. Brooker & Co., CPAs",0001798926,0001798926-26-000002,13-APR-2026,31-MAR-2026,63457137.0,66
"Compass Ion Advisors, LLC",0001621100,0001621100-26-000002,13-APR-2026,31-MAR-2026,1049379041.0,279
"Thayer Financial, L.L.C.",0002100981,0001754960-26-000233,13-APR-2026,31-MAR-2026,97984844.0,33
"Nvest Wealth Strategies, Inc.",0002106942,0002106942-26-000002,13-APR-2026,31-MAR-2026,142048804.0,393
"Ledgewood Wealth Advisors, LLC",0002064043,0002064043-26-000002,13-APR-2026,31-MAR-2026,177680103.0,73
"Defender Capital, LLC.",0001766929,0001766929-26-000002,13-APR-2026,31-MAR-2026,281920331.0,34
Chris Bulman Inc,0002032404,0002032404-26-000006,13-APR-2026,31-MAR-2026,228295851.0,150
Clayton Financial Group LLC,0002011212,0002011212-26-000002,13-APR-2026,31-MAR-2026,194668269.0,614
"Conrad Siegel Investment Advisors, Inc.",0001905875,0001214659-26-004602,13-APR-2026,31-MAR-2026,554047161.0,63
"Cascade Investment Advisors, Inc.",0001681490,0001941040-26-000219,13-APR-2026,31-MAR-2026,168911327.0,116
LORING WOLCOTT & COOLIDGE FIDUCIARY ADVISORS LLP/MA,0000932974,0000932974-26-000003,13-APR-2026,31-MAR-2026,9977224026.0,560
Richard P Slaughter Associates Inc,0001811783,0001811783-26-000003,13-APR-2026,31-MAR-2026,462250523.0,97
Farrell Financial LLC,0002031235,0001754960-26-000217,13-APR-2026,31-MAR-2026,167373890.0,76
Kelly Financial Services LLC,0002023336,0001754960-26-000221,13-APR-2026,31-MAR-2026,413885776.0,128
"Gridiron Partners, LLC",0001910867,0001172661-26-001479,13-APR-2026,31-MAR-2026,163674739.0,47
BFI Infinity Ltd.,0002043810,0002043810-26-000002,13-APR-2026,31-MAR-2026,178322132.0,61
Oak Thistle LLC,0001755987,0001755987-26-000004,13-APR-2026,31-MAR-2026,1030051400.0,452
Bouchey Financial Group Ltd,0001599054,0001951757-26-000587,13-APR-2026,31-MAR-2026,1363064547.0,173
"LexAurum Advisors, LLC",0001729677,0001729677-26-000005,13-APR-2026,31-MAR-2026,771146764.0,400
"Sunburst Financial Group, LLC",0001800158,0001800158-26-000003,13-APR-2026,31-MAR-2026,519659489.0,128
BOURGEON CAPITAL MANAGEMENT LLC,0001088731,0001019056-26-000074,13-APR-2026,31-MAR-2026,574225336.0,106
"Cogent Private Wealth, Inc.",0002078392,0002078392-26-000003,13-APR-2026,31-MAR-2026,138507982.0,98
"Neumann Capital Management, LLC",0001631930,0001754960-26-000229,13-APR-2026,31-MAR-2026,339548028.0,102
"Robinhood Asset Management, LLC",0002067588,0002067588-26-000006,13-APR-2026,31-MAR-2026,1379140657.0,81
Trust Co,0001632554,0001632554-26-000004,13-APR-2026,31-MAR-2026,1067185441.0,907
"IFP Advisors, Inc",0001641866,0001641866-26-000003,13-APR-2026,31-MAR-2026,4822613853.0,5032
Bank of New Hampshire,0001870761,0001870761-26-000002,13-APR-2026,31-MAR-2026,437234239.0,542
Artemis Investment Management LLP,0001535385,0001535385-26-000002,13-APR-2026,31-MAR-2026,9427629534.0,203
CHICKASAW CAPITAL MANAGEMENT LLC,0001276460,0001276460-26-000004,13-APR-2026,31-MAR-2026,2828899.0,95
Bank & Trust Co,0002026082,0002026082-26-000002,13-APR-2026,31-MAR-2026,148391573.0,304
FIRST HAWAIIAN BANK,0000764106,0000764106-26-000002,13-APR-2026,31-MAR-2026,715033802.0,85
"High Probability Advisors, LLC",0002039415,0002085853-26-000339,13-APR-2026,31-MAR-2026,781390753.0,67
"FORM Wealth Advisors, LLC",0002053294,0002085853-26-000363,13-APR-2026,31-MAR-2026,853589782.0,58
"Talbot Financial, LLC",0001966180,0001966180-26-000003,13-APR-2026,31-MAR-2026,1189914608.0,66
"ONE Advisory Partners, LLC",0001819695,0001819695-26-000005,13-APR-2026,31-MAR-2026,324444088.0,72
Baskin Financial Services Inc.,0001511098,0001511098-26-000002,13-APR-2026,31-MAR-2026,1221226.0,53
CREATIVE FINANCIAL DESIGNS INC /ADV,0000819864,0000819864-26-000004,13-APR-2026,31-MAR-2026,1645170337.0,2162
"5T Wealth, LLC",0002039313,0002085853-26-000367,13-APR-2026,31-MAR-2026,253052193.0,129
GATEWAY INVESTMENT ADVISERS LLC,0001114618,0001114618-26-000002,13-APR-2026,31-MAR-2026,8971830731.0,684
HM PAYSON & CO,0000928052,0000928052-26-000002,13-APR-2026,31-MAR-2026,6932091753.0,1124
"Armstrong, Fleming & Moore, Inc",0001990099,0001990099-26-000002,13-APR-2026,31-MAR-2026,235586253.0,108
TOTAL INVESTMENT MANAGEMENT INC,0001068804,0001068804-26-000003,13-APR-2026,31-MAR-2026,857797091.0,89
TL Private Wealth,0001802868,0001802868-26-000003,13-APR-2026,31-MAR-2026,253388911.0,44
"Professional Financial Advisors, LLC",0001798221,0001754960-26-000220,13-APR-2026,31-MAR-2026,491131930.0,137
"Elm3 Financial Group, LLC",0002011201,0002011201-26-000002,13-APR-2026,31-MAR-2026,118391373.0,117
"Scharf Investments, LLC",0001463746,0001463746-26-000002,13-APR-2026,31-MAR-2026,3244826779.0,70
WEDGE CAPITAL MANAGEMENT L L P/NC,0001015308,0001015308-26-000004,13-APR-2026,31-MAR-2026,5418534649.0,527
WOLFF WIESE MAGANA LLC,0001832097,0001832097-26-000002,13-APR-2026,31-MAR-2026,181226686.0,983
"GILL CAPITAL PARTNERS, LLC",0000729563,0000729563-26-000003,13-APR-2026,31-MAR-2026,347614685.0,701
"CATALYST PRIVATE WEALTH, LLC",0001831193,0001831193-26-000002,13-APR-2026,31-MAR-2026,184618240.0,76
MITCHELL SINKLER & STARR/PA,0001048921,0001398344-26-006443,13-APR-2026,31-MAR-2026,216622773.0,143
"Benson Investment Management Company, Inc.",0001694896,0001172661-26-001473,13-APR-2026,31-MAR-2026,11264636.0,7
"Leibman Financial Services, Inc.",0002006661,0002006661-26-000003,13-APR-2026,31-MAR-2026,136193325.0,49
"Parkwoods Wealth Partners, LLC",0002042772,0002042772-26-000002,13-APR-2026,31-MAR-2026,407929689.0,111
Waycross Investment Management Co,0001922448,0001922448-26-000003,13-APR-2026,31-MAR-2026,104718406.0,44
"Lauer Wealth, LLC",0001860063,0001754960-26-000227,13-APR-2026,31-MAR-2026,124856940.0,57
"Mader & Shannon Wealth Management, Inc.",0001535862,0001535862-26-000003,13-APR-2026,31-MAR-2026,216074501.0,20
"MKD WEALTH COACHES, LLC",0001536549,0001754960-26-000228,13-APR-2026,31-MAR-2026,101621342.0,28
"Clark & Stuart, Inc",0002048750,0001754960-26-000232,13-APR-2026,31-MAR-2026,148398289.0,49
"FWG Holdings, LLC",0001862067,0001862067-26-000003,13-APR-2026,31-MAR-2026,264594565.0,125
MARKET STREET WEALTH MANAGEMENT ADVISORS LLC,0001767601,0001767601-26-000003,13-APR-2026,31-MAR-2026,634295128.0,106
"TradeWell Securities, LLC.",0002066232,0002085853-26-000368,13-APR-2026,31-MAR-2026,237226400.0,50
ADVOCATE GROUP LLC,0001853401,0001853401-26-000002,13-APR-2026,31-MAR-2026,639356430.0,126
Fractal Investments LLC,0001843590,0002085853-26-000364,13-APR-2026,31-MAR-2026,845018859.0,81
Stolper Co,0001808195,0001808195-26-000002,13-APR-2026,31-MAR-2026,352498.0,93
CGN Advisors LLC,0001841506,0001841506-26-000003,13-APR-2026,31-MAR-2026,1266231167.0,317
"Ullmann Wealth Partners Group, LLC",0001697725,0001697725-26-000002,13-APR-2026,31-MAR-2026,963266888.0,156
"SPRING CAPITAL MANAGEMENT, LLC",0001899146,0001754960-26-000237,13-APR-2026,31-MAR-2026,197759945.0,49
"HIGHLAND CAPITAL MANAGEMENT, LLC",0000860486,0000860486-26-000004,13-APR-2026,31-MAR-2026,1889297166.0,416
Successful Portfolios LLC,0001721780,0001721780-26-000002,13-APR-2026,31-MAR-2026,181419001.0,188
Lee Financial Co,0001391166,0001172661-26-001475,13-APR-2026,31-MAR-2026,708782044.0,145
"REINHART PARTNERS, LLC.",0001080298,0001080298-26-000007,13-APR-2026,31-MAR-2026,3478624739.0,70
Winthrop Advisory Group LLC,0001739043,0001739043-26-000004,13-APR-2026,31-MAR-2026,1223513326.0,194
"Perennial Advisors, LLC",0001697360,0001697360-26-000002,13-APR-2026,31-MAR-2026,587245781.0,122
Sherman Wealth Management LLC,0002096110,0001754960-26-000218,13-APR-2026,31-MAR-2026,116410156.0,80
"Newman Dignan & Sheerar, Inc.",0001566493,0001566493-26-000002,13-APR-2026,31-MAR-2026,475046566.0,192
"Plan Group Financial, LLC",0001940033,0001940033-26-000004,13-APR-2026,31-MAR-2026,426115035.0,228
"BNC WEALTH MANAGEMENT, LLC",0001821549,0001821549-26-000002,13-APR-2026,31-MAR-2026,360356803.0,106
"Amplius Wealth Advisors, LLC",0001900584,0001900584-26-000003,13-APR-2026,31-MAR-2026,1199734936.0,175
Shira Ridge Wealth Management,0001961210,0001754960-26-000222,13-APR-2026,31-MAR-2026,252725137.0,79
White Wing Wealth Management,0002001473,0002001473-26-000003,13-APR-2026,31-MAR-2026,166614864.0,37
JCIC Asset Management Inc.,0001492040,0001193125-26-153051,13-APR-2026,31-MAR-2026,326492925.0,113
"MassMutual Private Wealth & Trust, FSB",0001103653,0001193125-26-152544,13-APR-2026,31-MAR-2026,3672398929.0,2429
ST GERMAIN D J CO INC,0000831571,0000831571-26-000002,13-APR-2026,31-MAR-2026,2526640764.0,901
"Global X Japan Co., Ltd.",0002027450,0000929638-26-001472,13-APR-2026,31-MAR-2026,1945520178.0,378
NOVEM GROUP,0001926783,0002085853-26-000356,13-APR-2026,31-MAR-2026,869694234.0,424
GoalVest Advisory LLC,0001839307,0001839307-26-000002,13-APR-2026,31-MAR-2026,511981440.0,445
"KMG FIDUCIARY PARTNERS, LLC",0001773205,0001754960-26-000219,13-APR-2026,31-MAR-2026,1352004022.0,261
Mallini Complete Financial Planning LLC,0002049540,0002049540-26-000002,13-APR-2026,31-MAR-2026,126257727.0,61
Woodside Wealth Management LLC,0002064883,0001214659-26-004566,13-APR-2026,31-MAR-2026,128009382.0,44
Enclave Advisors LLC,0001836110,0001754960-26-000223,13-APR-2026,31-MAR-2026,701542247.0,126
"SJBENEN ADVISORY, LLC",0001813225,0002085853-26-000365,13-APR-2026,31-MAR-2026,119717430.0,23
"BANNERMAN WEALTH MANAGEMENT GROUP, LLC",0002058816,0001754960-26-000226,13-APR-2026,31-MAR-2026,148399772.0,32
Allen Mooney & Barnes Investment Advisors LLC,0002001461,0001213900-26-042959,13-APR-2026,31-MAR-2026,695301611.0,159
"Rydar Equities, Inc.",0002065487,0001754960-26-000235,13-APR-2026,31-MAR-2026,129161850.0,92
"Gibraltar Capital Management, Inc.",0001625986,0001625986-26-000003,13-APR-2026,31-MAR-2026,580583806.0,124
Whalen Wealth Management Inc.,0001894447,0001894447-26-000002,13-APR-2026,31-MAR-2026,186656005.0,174
Accelerate Investment Advisors LLC,0002035216,0001213900-26-042947,13-APR-2026,31-MAR-2026,149705187.0,133
"Boyce & Associates Wealth Consulting, Inc.",0001922884,0001754960-26-000236,13-APR-2026,31-MAR-2026,132033306.0,80
"Cordant, Inc.",0001830942,0001830942-26-000003,13-APR-2026,31-MAR-2026,246363493.0,75
"ARKANSAS FINANCIAL GROUP, INC.",0000764611,0000764611-26-000005,13-APR-2026,31-MAR-2026,717036103.0,94
Bay Rivers Group,0001798924,0002085853-26-000366,13-APR-2026,31-MAR-2026,240047849.0,109
"MATHER GROUP, LLC.",0001527641,0001527641-26-000003,13-APR-2026,31-MAR-2026,10023054195.0,1887
Gradient Investments LLC,0001542265,0001542265-26-000003,13-APR-2026,31-MAR-2026,6454948464.0,420
Pettinga Financial Advisors LLC,0001694592,0001694592-26-000004,13-APR-2026,31-MAR-2026,531194198.0,147
"Foster Group, Inc.",0001841544,0001841544-26-000003,13-APR-2026,31-MAR-2026,3359817319.0,284
"SHRIER WEALTH MANAGEMENT, LLC",0002075389,0001951757-26-000594,14-APR-2026,31-MAR-2026,273601861.0,131
OLIO Financial Planning,0001906766,0001906766-26-000002,14-APR-2026,31-MAR-2026,360958145.0,72
ARCADIA INVESTMENT ADVISORS LLC,0002047860,0002047860-26-000002,14-APR-2026,31-MAR-2026,211813007.0,81
MOLLER WEALTH PARTNERS,0001475271,0001475271-26-000004,14-APR-2026,31-MAR-2026,506502641.0,67
Neumann Advisory Hong Kong Ltd,0001727862,0001727862-26-000003,14-APR-2026,31-MAR-2026,317461.0,6
Silchester International Investors LLP,0001506409,0000929638-26-001489,14-APR-2026,31-MAR-2026,115579650.0,4
BANQUE PICTET & CIE SA,0001535602,0001535602-26-000006,14-APR-2026,31-MAR-2026,8627980243.0,374
Bank Pictet & Cie (Europe) AG,0001123274,0001123274-26-000005,14-APR-2026,31-MAR-2026,4687050967.0,202
FC Advisory LLC,0001683754,0001683754-26-000002,14-APR-2026,31-MAR-2026,342470015.0,115
Perpetual Ltd,0001647273,0001104659-26-042917,14-APR-2026,31-MAR-2026,6520163421.0,424
"Runnymede Capital Advisors, Inc.",0002054540,0002054540-26-000002,14-APR-2026,31-MAR-2026,116446377.0,75
"eCIO, Inc.",0001830823,0001830823-26-000004,14-APR-2026,31-MAR-2026,227592923.0,42
"Amicus Financial Advisors, LLC",0002113629,0002113629-26-000002,14-APR-2026,31-MAR-2026,363018947.0,90
"RF&L WEALTH MANAGEMENT, LLC",0001965915,0001965915-26-000002,14-APR-2026,31-MAR-2026,133556910.0,52
"BayBridge Capital Group, LLC",0001898297,0001898297-26-000002,14-APR-2026,31-MAR-2026,161398213.0,95
STONEBRIDGE CAPITAL MANAGEMENT INC,0000051812,0000051812-26-000001,14-APR-2026,31-MAR-2026,219915188.0,80
"CGC Financial Services, LLC",0001992785,0001992785-26-000003,14-APR-2026,31-MAR-2026,346057622.0,331
"Capital Asset Managemnet, LLC",0002123739,0002123739-26-000002,14-APR-2026,31-MAR-2026,88817126.0,77
"CDM FINANCIAL COUNSELING SERVICES, INC.",0002107537,0002085853-26-000369,14-APR-2026,31-MAR-2026,104507154.0,80
Prospera Financial Services Inc,0001541625,0001541625-26-000002,14-APR-2026,31-MAR-2026,6209793279.0,1417
"SNS Financial Group, LLC",0001557485,0001085146-26-000355,14-APR-2026,31-MAR-2026,1160497735.0,208
"Quantum Financial Planning Services, Inc.",0002050169,0002050169-26-000002,14-APR-2026,31-MAR-2026,278393928.0,53
American State Bank (Iowa),0002122473,0002122473-26-000023,14-APR-2026,31-MAR-2026,208200847.0,136
"Covenant Asset Management, LLC",0001697717,0001697717-26-000004,14-APR-2026,31-MAR-2026,487840050.0,141
"PATRIOT INVESTMENT MANAGEMENT GROUP, INC.",0001773830,0001773830-26-000002,14-APR-2026,31-MAR-2026,1565575925.0,236
Peak Wealth Management LLC,0002094948,0001951757-26-000592,14-APR-2026,31-MAR-2026,121874449.0,54
"FORESIGHT CAPITAL MANAGEMENT ADVISORS, INC.",0001630936,0001754960-26-000245,14-APR-2026,31-MAR-2026,179698328.0,96
Bank of Finland,0001844891,0001844891-26-000002,14-APR-2026,31-MAR-2026,1366372990.0,4
"Sanchez Gaunt Capital Management, LLC",0002113492,0002113492-26-000001,14-APR-2026,31-MAR-2026,160170688.0,184
SeaTown Holdings Pte. Ltd.,0001512367,0001140361-26-014497,14-APR-2026,31-MAR-2026,152666959.0,17
"DRIVE WEALTH MANAGEMENT, LLC",0001952781,0001754960-26-000239,14-APR-2026,31-MAR-2026,473857469.0,376
"LifePlan Financial, LLC",0001739485,0001739485-26-000002,14-APR-2026,31-MAR-2026,135316855.0,83
"XY Planning Network, Inc.",0001873438,0001754960-26-000253,14-APR-2026,31-MAR-2026,626029112.0,273
Twelve Points Wealth Management LLC,0001877090,0001877090-26-000003,14-APR-2026,31-MAR-2026,454619747.0,200
"RD Lewis Holdings, Inc.",0002046179,0001951757-26-000591,14-APR-2026,31-MAR-2026,115462500.0,86
"Centerline Wealth Advisors, LLC",0001802059,0001802059-26-000008,14-APR-2026,31-MAR-2026,278004742.0,73
STERLING INVESTMENT ADVISORS LLC /ADV,0001009198,0001009198-26-000003,14-APR-2026,31-MAR-2026,208418460.0,40
"Meadowbrook Wealth Management, LLC",0002090468,0002090468-26-000007,14-APR-2026,31-MAR-2026,75472346.0,65
Clean Yield Group,0001525865,0001525865-26-000002,14-APR-2026,31-MAR-2026,355230171.0,385
"Hamlin Capital Management, LLC",0001277403,0001172661-26-001483,14-APR-2026,31-MAR-2026,4142150107.0,30
"L. Roy Papp & Associates, LLP",0000809339,0002085853-26-000370,14-APR-2026,31-MAR-2026,867407772.0,184
"Approach Retirement Advisors, LLC",0002106948,0002106948-26-000002,14-APR-2026,31-MAR-2026,120221936.0,79
"ELEVATION WEALTH PARTNERS, LLC",0001976256,0001976256-26-000002,14-APR-2026,31-MAR-2026,279134457.0,1076
"Yarbrough Capital, LLC",0001767686,0001754960-26-000238,14-APR-2026,31-MAR-2026,2852746759.0,85
Westwind Capital,0001729269,0001729269-26-000005,14-APR-2026,31-MAR-2026,416442.0,77
"Onyx Financial Advisors, LLC",0001957840,0001957840-26-000003,14-APR-2026,31-MAR-2026,240841437.0,18
Southland Equity Partners LLC,0002006517,0001214659-26-004622,14-APR-2026,31-MAR-2026,513068609.0,273
"GoalFusion Wealth Management, LLC",0001895678,0001895678-26-000002,14-APR-2026,31-MAR-2026,220482692.0,30
"Madrona Financial Services, LLC",0001578370,0001578370-26-000003,14-APR-2026,31-MAR-2026,456902035.0,123
"Hudson Value Partners, LLC",0001840501,0001840501-26-000002,14-APR-2026,31-MAR-2026,334919078.0,100
BUILDER INVESTMENT GROUP INC /ADV,0000727117,0001172661-26-001480,14-APR-2026,31-MAR-2026,460806208.0,101
"Colorado Capital Management, Inc.",0001664147,0001664147-26-000002,14-APR-2026,31-MAR-2026,268222.0,105
Pictet North America Advisors SA,0001599576,0001599576-26-000004,14-APR-2026,31-MAR-2026,1006939677.0,154
"Davies Financial Advisors, Inc.",0002020296,0002020296-26-000002,14-APR-2026,31-MAR-2026,10917105.0,11
Regent Peak Wealth Advisors LLC,0001803329,0001803329-26-000004,14-APR-2026,31-MAR-2026,490319320.0,198
LAWOOD & CO,0002109484,0002109484-26-000002,14-APR-2026,31-MAR-2026,107772203.0,90
"LOCKERMAN FINANCIAL GROUP, INC.",0001906539,0001906539-26-000002,14-APR-2026,31-MAR-2026,55557464.0,87
"Affiance Financial, LLC",0001723681,0001723681-26-000003,14-APR-2026,31-MAR-2026,616599271.0,105
HOWLAND CAPITAL MANAGEMENT LLC,0001079112,0001079112-26-000003,14-APR-2026,31-MAR-2026,2530260737.0,262
JIA INVESTMENT ALLIANCE PTE. LTD.,0001966595,0001966595-26-000006,14-APR-2026,31-MAR-2026,955547069.0,24
BALDWIN WEALTH PARTNERS LLC/MA,0001021258,0001193125-26-154830,14-APR-2026,31-MAR-2026,1376468991.0,222
Lee-Kelleher Wealth Management,0002063827,0002063827-26-000002,14-APR-2026,31-MAR-2026,168071104.0,41
"ACT Advisors, LLC.",0001842554,0001842554-26-000003,14-APR-2026,31-MAR-2026,235162014.0,78
West Branch Capital LLC,0001738723,0001738723-26-000002,14-APR-2026,31-MAR-2026,373480476.0,378
"FAMILY WEALTH PARTNERS, LLC",0002016217,0001754960-26-000243,14-APR-2026,31-MAR-2026,292859029.0,105
"THURSTON, SPRINGER, MILLER, HERD & TITAK, INC.",0000319933,0000319933-26-000007,14-APR-2026,31-MAR-2026,242168743.0,1322
SEVEN MILE ADVISORY,0001987932,0001987932-26-000002,14-APR-2026,31-MAR-2026,138559322.0,182
INVENIO WEALTH PARTNERS LLC,0001989341,0001989341-26-000003,14-APR-2026,31-MAR-2026,251868548.0,89
"Snow Phipps Group, LLC",0001698661,0001213900-26-043463,14-APR-2026,31-MAR-2026,317601438.0,2
Banque de Luxembourg S.A.,0002055344,0002055344-26-000002,14-APR-2026,31-MAR-2026,193271057.0,75
Arnold Financial Planning LLC,0002107020,0001754960-26-000250,14-APR-2026,31-MAR-2026,107028362.0,26
"Pacific Capital Wealth Advisors, Inc.",0001803523,0001803523-26-000002,14-APR-2026,31-MAR-2026,595401471.0,87
"Westend Capital Management, LLC",0001331997,0001331997-26-000002,14-APR-2026,31-MAR-2026,333145768.0,254
"Moisand Fitzgerald Tamayo, LLC",0001649107,0001649107-26-000002,14-APR-2026,31-MAR-2026,930482385.0,515
USA FINANCIAL FORMULAS,0001633716,0001633716-26-000005,14-APR-2026,31-MAR-2026,530500302.0,437
"NBC SECURITIES, INC.",0000791540,0000791540-26-000009,14-APR-2026,31-MAR-2026,1332374027.0,2546
"SigFig Wealth Management, LLC",0001696957,0001696957-26-000002,14-APR-2026,31-MAR-2026,3411063885.0,139
"Kozak & Associates, Inc.",0001764970,0001764970-26-000002,14-APR-2026,31-MAR-2026,512849705.0,452
"Palisade Asset Management, LLC",0001434323,0001434323-26-000002,14-APR-2026,31-MAR-2026,995903275.0,195
Flower City Capital,0001808394,0001808394-26-000004,14-APR-2026,31-MAR-2026,199348730.0,46
"Spectrum Investment Advisors, Inc.",0001856042,0000892712-26-000212,14-APR-2026,31-MAR-2026,201260968.0,46
"Portfolio Resources Advisor Group, Inc.",0002038285,0001398344-26-006538,14-APR-2026,31-MAR-2026,100655443.0,148
Corecam Pte. Ltd.,0002106977,0002106977-26-000011,14-APR-2026,31-MAR-2026,230699352.0,65
Murphy Pohlad Asset Management LLC,0001569148,0001569148-26-000004,14-APR-2026,31-MAR-2026,278977471.0,134
Wealthcare Advisory Partners LLC,0001683059,0001951757-26-000595,14-APR-2026,31-MAR-2026,5142698247.0,1073
"Joule Financial, LLC",0001929070,0001172661-26-001484,14-APR-2026,31-MAR-2026,343316962.0,114
Twin Cities Retirement Group LLC,0002109366,0001754960-26-000246,14-APR-2026,31-MAR-2026,109358976.0,24
"BEACON INVESTMENT ADVISORY SERVICES, INC.",0001654599,0001654599-26-000003,14-APR-2026,31-MAR-2026,2405500290.0,786
Congress Park Capital LLC,0001730945,0001730945-26-000002,14-APR-2026,31-MAR-2026,325714227.0,131
Retirement Management Systems Inc.,0002110516,0002085853-26-000372,14-APR-2026,31-MAR-2026,414909715.0,51
"Granite Group Advisors, LLC",0002018114,0001214659-26-004620,14-APR-2026,31-MAR-2026,165330927.0,86
VALICENTI ADVISORY SERVICES INC,0001080201,0001080201-26-000002,14-APR-2026,31-MAR-2026,458906.0,84
"Bay Harbor Wealth Management, LLC",0001767989,0001437749-26-012214,14-APR-2026,31-MAR-2026,385706238.0,1301
"Andrew Hill Investment Advisors, Inc.",0001897071,0001897071-26-000004,14-APR-2026,31-MAR-2026,112200335.0,54
OV Management LLC,0002010766,0002010766-26-000002,14-APR-2026,31-MAR-2026,49018521.0,53
"LifeGoal Investments, LLC",0002054684,0001754960-26-000251,14-APR-2026,31-MAR-2026,174745366.0,112
CONGRESS ASSET MANAGEMENT CO,0000897378,0000897378-26-000005,14-APR-2026,31-MAR-2026,13953326541.0,417
"ARVEST INVESTMENTS, INC.",0001025038,0001025038-26-000005,14-APR-2026,31-MAR-2026,733365797.0,199
Global Trust Wealth Management LLC,0002065265,0002085853-26-000371,14-APR-2026,31-MAR-2026,132235095.0,82
M. Kraus & Co,0001593688,0001593688-26-000002,14-APR-2026,31-MAR-2026,342860054.0,81
"UDINE WEALTH MANAGEMENT, INC.",0001907240,0001951757-26-000597,14-APR-2026,31-MAR-2026,204658901.0,35
"PRECEDENT WEALTH PARTNERS, LLC",0002008666,0002008666-26-000003,14-APR-2026,31-MAR-2026,499602170.0,166
"FMA Wealth Management, LLC",0002011155,0001951757-26-000590,14-APR-2026,31-MAR-2026,150336742.0,38
Davidson Capital Management Inc.,0001808748,0001808748-26-000003,14-APR-2026,31-MAR-2026,551910837.0,93
"Focus Financial Network, Inc.",0002010942,0001754960-26-000242,14-APR-2026,31-MAR-2026,2789424185.0,729
"William Mack & Associates, Inc.",0002096700,0001754960-26-000244,14-APR-2026,31-MAR-2026,174947843.0,73
"Opal Wealth Advisors, LLC",0001844201,0001844201-26-000003,14-APR-2026,31-MAR-2026,442392185.0,606
NIPPON LIFE INSURANCE CO,0000905591,0000929638-26-001491,14-APR-2026,31-MAR-2026,5105247.0,5
BSW Wealth Partners,0001512601,0001512601-26-000005,14-APR-2026,31-MAR-2026,819437962.0,312
"Bayshore Capital Advisors, LLC",0001598176,0001598176-26-000004,14-APR-2026,31-MAR-2026,236981668.0,41
Grant Private Wealth Management Inc,0002056418,0001754960-26-000241,14-APR-2026,31-MAR-2026,188497881.0,154
"JEPPSON WEALTH MANAGEMENT, LLC",0001831263,0001831263-26-000002,14-APR-2026,31-MAR-2026,318995072.0,235
"Highlander Partners, L.P.",0001903866,0001754960-26-000249,14-APR-2026,31-MAR-2026,255529567.0,45
SEARCY FINANCIAL SERVICES INC /ADV,0000354923,0000354923-26-000006,14-APR-2026,31-MAR-2026,269639908.0,27
"Plancorp, LLC",0001599579,0001754960-26-000252,14-APR-2026,31-MAR-2026,3516311354.0,378
New Capital Management LP,0001696731,0001696731-26-000002,14-APR-2026,31-MAR-2026,405653065.0,59
"Cohen Capital Management, Inc.",0001508120,0001508120-26-000002,14-APR-2026,31-MAR-2026,644395930.0,154
Cornerstone National Bank & Trust Co,0002104293,0001140361-26-014576,14-APR-2026,31-MAR-2026,271417128.0,209
Gildi - lifeyrissjodur,0002108148,0002108148-26-000010,14-APR-2026,31-MAR-2026,197186413.0,2
PICTET BANK & TRUST Ltd,0001535631,0001535631-26-000004,14-APR-2026,31-MAR-2026,76056085.0,33
"Sensenig Capital Advisors, Inc",0002092381,0002092381-26-000002,14-APR-2026,31-MAR-2026,97539824.0,33
VESTIA PERSONAL WEALTH ADVISORS,0002033299,0002033299-26-000002,14-APR-2026,31-MAR-2026,212801631.0,99
"Well Done, LLC",0001667132,0001951757-26-000596,14-APR-2026,31-MAR-2026,680777910.0,197
"ACT WEALTH MANAGEMENT, LLC",0001814191,0001754960-26-000255,14-APR-2026,31-MAR-2026,297829031.0,62
Gibson Wealth Advisors LLC,0001911266,0001754960-26-000248,14-APR-2026,31-MAR-2026,149202792.0,37
"NORTHWEST WEALTH MANAGEMENT, LLC",0001695344,0001695344-26-000003,14-APR-2026,31-MAR-2026,665322667.0,252
"Wealth Group, Ltd.",0002013988,0002013988-26-000002,14-APR-2026,31-MAR-2026,107198.0,88
"Austin Wealth Management, LLC",0002003112,0002003112-26-000004,14-APR-2026,31-MAR-2026,440379262.0,118
"Pinnacle Wealth Management Group, Inc.",0001868491,0001868491-26-000002,14-APR-2026,31-MAR-2026,203706457.0,120
"CATHY PARETO & ASSOCIATES, INC",0002045974,0002045974-26-000002,14-APR-2026,31-MAR-2026,149005040.0,96
"Compton Wealth Advisory Group, LLC",0001761044,0001761044-26-000005,14-APR-2026,31-MAR-2026,449006412.0,85
Altrafin AG,0002110313,0002110313-26-000018,14-APR-2026,31-MAR-2026,290188493.0,52
Legacy Trust,0001772483,0001772483-26-000002,14-APR-2026,31-MAR-2026,521895370.0,203
"Xena Financial Planning, LLC",0002101744,0001754960-26-000247,14-APR-2026,31-MAR-2026,88620363.0,33
"R.H. Investment Group, LLC",0002048733,0001754960-26-000254,14-APR-2026,31-MAR-2026,129662551.0,45
"Nova Wealth Management, Inc.",0002051980,0001376474-26-000287,14-APR-2026,31-MAR-2026,153542097.0,545
ROFFMAN MILLER ASSOCIATES INC /PA/,0000869367,0000869367-26-000002,14-APR-2026,31-MAR-2026,1733909196.0,85
"TRAN CAPITAL MANAGEMENT, L.P.",0001009262,0001104659-26-043004,14-APR-2026,31-MAR-2026,728333414.0,71
Cox Capital Mgt LLC,0001748728,0001748728-26-000002,14-APR-2026,31-MAR-2026,150524421.0,73
"HMV Wealth Advisors, LLC",0002054904,0002054904-26-000001,14-APR-2026,31-MAR-2026,212869666.0,81
"Fifth Third Securities, Inc. ",0000073956,0001193125-26-156459,15-APR-2026,31-MAR-2026,1545868060.0,341
Cohen Klingenstein LLC,0001453620,0001453620-26-000010,15-APR-2026,31-MAR-2026,3089755342.0,205
"Midwest Heritage Bank, FSB",0001906805,0001906805-26-000002,15-APR-2026,31-MAR-2026,311657848.0,51
DAVENPORT & Co LLC,0000887777,0000887777-26-000010,15-APR-2026,31-MAR-2026,18028251605.0,1275
PEREGRINE INVESTMENT MANAGEMENT INC,0002053303,0002053303-26-000002,15-APR-2026,31-MAR-2026,127197748.0,20
"PEDDOCK CAPITAL ADVISORS, LLC",0001597843,0001951757-26-000609,15-APR-2026,31-MAR-2026,453464931.0,166
"FNY Investment Advisers, LLC",0001742998,0001742998-26-000003,15-APR-2026,31-MAR-2026,228101.0,728
Massachusetts Wealth Management,0001966011,0001966011-26-000002,15-APR-2026,31-MAR-2026,230746680.0,98
Register Financial Advisors LLC,0001962636,0001398344-26-006554,15-APR-2026,31-MAR-2026,270427247.0,386
"Independence Financial Advisors, LLC",0002066080,0002066080-26-000002,15-APR-2026,31-MAR-2026,333185334.0,51
Perkins Coie Trust Co,0001513038,0001513038-26-000002,15-APR-2026,31-MAR-2026,520086511.0,257
Rempart Asset Management Inc.,0001844571,0001844571-26-000002,15-APR-2026,31-MAR-2026,475499326.0,36
Stanich Group LLC,0002023324,0002023324-26-000002,15-APR-2026,31-MAR-2026,131191910.0,47
21 West Wealth Management LLC,0002067541,0002067541-26-000002,15-APR-2026,31-MAR-2026,107654790.0,63
"Brady Martz Wealth Solutions, LLC",0002049470,0002049470-26-000003,15-APR-2026,31-MAR-2026,586879524.0,195
Optivise Advisory Services LLC,0002042876,0002042876-26-000002,15-APR-2026,31-MAR-2026,165174591.0,183
WORMSER FRERES GESTION,0002051288,0002051288-26-000005,15-APR-2026,31-MAR-2026,138531167.0,42
"Murphy, Middleton, Hinkle & Parker, Inc.",0001730521,0001705819-26-000025,15-APR-2026,31-MAR-2026,215765743.0,133
"Third View Private Wealth, LLC",0002083406,0002083406-26-000002,15-APR-2026,31-MAR-2026,730323282.0,267
JOURNEY STRATEGIC WEALTH LLC,0001909316,0001909316-26-000003,15-APR-2026,31-MAR-2026,4029206473.0,821
"NATIONS FINANCIAL GROUP INC, /IA/ /ADV",0001109767,0001109767-26-000007,15-APR-2026,31-MAR-2026,1941456286.0,773
"York GP, Ltd.",0001289994,0001289994-26-000002,15-APR-2026,31-MAR-2026,127693315.0,2
"Apex Wealth Management, LLC",0002056695,0001951757-26-000606,15-APR-2026,31-MAR-2026,145746523.0,57
Heirloom Wealth Management,0001882903,0001882903-26-000003,15-APR-2026,31-MAR-2026,555104106.0,87
MOGY JOEL R INVESTMENT COUNSEL INC,0001126735,0001398344-26-006551,15-APR-2026,31-MAR-2026,1597189142.0,114
"Slocum, Gordon & Co LLP",0001993325,0001993325-26-000002,15-APR-2026,31-MAR-2026,146960389.0,64
AMI INVESTMENT MANAGEMENT INC,0001122241,0001122241-26-000003,15-APR-2026,31-MAR-2026,444706061.0,77
"Curran Financial Partners, LLC",0001843867,0001843867-26-000003,15-APR-2026,31-MAR-2026,558575287.0,127
"NORTHBRIDGE FINANCIAL GROUP, LLC",0001968850,0001951757-26-000607,15-APR-2026,31-MAR-2026,232388664.0,168
HENGEHOLD CAPITAL MANAGEMENT LLC,0001536430,0001536430-26-000002,15-APR-2026,31-MAR-2026,1144736257.0,212
"AlphaStar Capital Management, LLC",0001633857,0001633857-26-000003,15-APR-2026,31-MAR-2026,1356291061.0,235
"Cypress Wealth Services, LLC",0001721527,0001721527-26-000003,15-APR-2026,31-MAR-2026,708342792.0,397
CITY HOLDING CO,0000726854,0000726854-26-000093,15-APR-2026,31-MAR-2026,799761457.0,570
"REGATTA CAPITAL GROUP, LLC",0001911488,0001951757-26-000616,15-APR-2026,31-MAR-2026,660766017.0,215
SIGNATURE ESTATE & INVESTMENT ADVISORS LLC,0001079935,0001079935-26-000003,15-APR-2026,31-MAR-2026,4938440100.0,646
DAILY JOURNAL CORP,0000783412,0001437749-26-012379,15-APR-2026,31-MAR-2026,240668825.0,4
Braun-Bostich & Associates Inc.,0001740842,0001951757-26-000605,15-APR-2026,31-MAR-2026,159625021.0,126
"ARS Wealth Advisors Group, LLC",0001886707,0001725547-26-000129,15-APR-2026,31-MAR-2026,1183831237.0,198
WEATHERLY ASSET MANAGEMENT L. P.,0000934745,0000934745-26-000004,15-APR-2026,31-MAR-2026,1236475811.0,186
"PHYSICIANS FINANCIAL SERVICES, INC.",0001665518,0001665518-26-000002,15-APR-2026,31-MAR-2026,365248.0,104
"DLK Investment Management, LLC",0002016793,0002016793-26-000002,15-APR-2026,31-MAR-2026,252937132.0,92
Targeted Financial Services LLC,0001758288,0002085853-26-000378,15-APR-2026,31-MAR-2026,121913824.0,54
Tribridge Partners Financial LLC,0002083677,0002083677-26-000002,15-APR-2026,31-MAR-2026,241661119.0,80
Steadtrust LLC,0002097595,0002085853-26-000375,15-APR-2026,31-MAR-2026,176343816.0,123
Meridian Financial Partners LLC,0001763722,0001763722-26-000002,15-APR-2026,31-MAR-2026,263121122.0,121
"Diligent Investors, LLC",0001549042,0001549042-26-000002,15-APR-2026,31-MAR-2026,403704647.0,346
Sarver Vrooman Wealth Advisors,0002076215,0002076215-26-000003,15-APR-2026,31-MAR-2026,162353292.0,138
"CAPITAL ADVISORY GROUP ADVISORY SERVICES, LLC",0001803229,0001803229-26-000002,15-APR-2026,31-MAR-2026,2251310.0,6
"SL ADVISORS, LLC",0001680365,0001680365-26-000018,15-APR-2026,31-MAR-2026,59071969.0,32
"Single Point Partners, LLC",0001801184,0001801184-26-000002,15-APR-2026,31-MAR-2026,502549358.0,83
Compagnie Lombard Odier SCmA,0001615423,0001420506-26-000677,15-APR-2026,31-MAR-2026,8133944110.0,436
GF FUND MANAGEMENT CO. LTD.,0002057060,0002057060-26-000003,15-APR-2026,31-MAR-2026,5982546017.0,624
Iowa State Bank,0001546967,0001546967-26-000002,15-APR-2026,31-MAR-2026,543439352.0,117
WEALTHCARE CAPITAL MANAGEMENT LLC,0001516450,0001951757-26-000598,15-APR-2026,31-MAR-2026,999952785.0,94
"Zullo Investment Group, Inc.",0001909760,0001909760-26-000002,15-APR-2026,31-MAR-2026,263514470.0,158
Code Waechter LLC,0002039212,0002039212-26-000002,15-APR-2026,31-MAR-2026,168279973.0,118
"IAMS WEALTH MANAGEMENT, LLC",0001998182,0001998182-26-000002,15-APR-2026,31-MAR-2026,286872364.0,186
LongView Wealth Management,0001990190,0001990190-26-000002,15-APR-2026,31-MAR-2026,398059583.0,247
"SeaCrest Wealth Management, LLC",0001728121,0001951757-26-000599,15-APR-2026,31-MAR-2026,935012744.0,635
"Cisco Systems, Inc.",0000858877,0001193125-26-156984,15-APR-2026,31-MAR-2026,317104306.0,3
"RCW Management, LLC",0002104402,0002104402-26-000002,15-APR-2026,31-MAR-2026,97569353.0,68
"MILESTONE ASSET MANAGEMENT, LLC",0001964722,0001964722-26-000002,15-APR-2026,31-MAR-2026,542529556.0,235
"R.H. Dinel Investment Counsel, Inc.",0001598352,0001598352-26-000002,15-APR-2026,31-MAR-2026,123613206.0,40
"Bright Futures Wealth Management, LLC.",0001803980,0001803980-26-000002,15-APR-2026,31-MAR-2026,146060231.0,188
"Douglas Lane & Associates, LLC",0001672594,0001672594-26-000002,15-APR-2026,31-MAR-2026,6934753536.0,241
PROFESSIONAL ADVISORY SERVICES INC,0000894205,0000894205-26-000005,15-APR-2026,31-MAR-2026,724429.0,80
"Koesten, Hirschmann & Crabtree, INC.",0001963421,0002072075-26-000004,15-APR-2026,31-MAR-2026,205247059.0,41
Hingham Institution for Savings,0002044671,0001754960-26-000256,15-APR-2026,31-MAR-2026,113161857.0,15
MOTIVE WEALTH ADVISORS,0001877093,0001754960-26-000259,15-APR-2026,31-MAR-2026,212959451.0,92
Tenzing Financial LLC,0002111360,0001951757-26-000613,15-APR-2026,31-MAR-2026,133248774.0,70
SILVERLAKE WEALTH MANAGEMENT LLC,0001966026,0001951757-26-000600,15-APR-2026,31-MAR-2026,473982933.0,374
STEINBERGANNA WEALTH MANAGEMENT,0002089528,0002089528-26-000002,15-APR-2026,31-MAR-2026,208204786.0,132
"WEBSTERROGERS FINANCIAL ADVISORS, LLC",0001841757,0001725547-26-000130,15-APR-2026,31-MAR-2026,349515048.0,95
"Sage Capital Management, LLC",0002030667,0001172661-26-001492,15-APR-2026,31-MAR-2026,212840965.0,163
Nepsis Inc.,0001587643,0001587643-26-000002,15-APR-2026,31-MAR-2026,298578034.0,29
ADAMSBROWN WEALTH CONSULTANTS LLC,0001911244,0001951757-26-000604,15-APR-2026,31-MAR-2026,378336654.0,138
Trellis Wealth Advisors LLC,0001989031,0001172661-26-001493,15-APR-2026,31-MAR-2026,262769130.0,47
ATWOOD & PALMER INC,0001044929,0001044929-26-000003,15-APR-2026,31-MAR-2026,1772104055.0,531
"DecisionMap Wealth Management, LLC",0002001526,0002001526-26-000003,15-APR-2026,31-MAR-2026,154540375.0,129
Tema ETFs LLC,0002056807,0002000324-26-001545,15-APR-2026,31-MAR-2026,1489311120.0,574
Dedeker Financial LLC,0002113408,0002085853-26-000377,15-APR-2026,31-MAR-2026,114742421.0,50
"CAPITAL INSIGHT PARTNERS, LLC",0001664385,0001104659-26-043339,15-APR-2026,31-MAR-2026,0.0,1
"Wealthcare Capital Partners, LLC",0002053307,0001951757-26-000601,15-APR-2026,31-MAR-2026,213460099.0,153
"Cannae Holdings, Inc.",0001704720,0001704720-26-000086,15-APR-2026,31-MAR-2026,24554223.0,2
"JP Wealth Management, Inc.",0001967622,0001967622-26-000002,15-APR-2026,31-MAR-2026,147467866.0,15
QVR LLC,0001718858,0002085853-26-000374,15-APR-2026,31-MAR-2026,203566564.0,36
"EXCHANGE TRADED CONCEPTS, LLC",0001457320,0001213900-26-043721,15-APR-2026,31-MAR-2026,12989786647.0,1510
Bayforest Capital Ltd,0002048423,0002048423-26-000003,15-APR-2026,31-MAR-2026,89305335.0,879
"Cranbrook Wealth Management, LLC",0001599084,0000905729-26-000082,15-APR-2026,31-MAR-2026,491591618.0,385
CYPRESS FINANCIAL PLANNING LLC,0001937021,0001937021-26-000002,15-APR-2026,31-MAR-2026,358821026.0,99
Activest Wealth Management,0001883134,0001883134-26-000002,15-APR-2026,31-MAR-2026,569190811.0,1359
"Weil Company, Inc.",0001318011,0001318011-26-000012,15-APR-2026,31-MAR-2026,445350155.0,115
"A&I FINANCIAL SERVICES, LLC",0001728031,0001728031-26-000002,15-APR-2026,31-MAR-2026,211098102.0,75
"Generali Investments CEE, investicni spolecnost, a.s.",0002047540,0002047540-26-000003,15-APR-2026,31-MAR-2026,1907923545.0,452
LIGHTHOUSE FINANCIAL SERVICES INC /ADV,0001068979,0001068979-26-000003,15-APR-2026,31-MAR-2026,443394736.0,99
"Marathon Strategic Advisors, LLC",0002021711,0002021711-26-000002,15-APR-2026,31-MAR-2026,139047973.0,52
"Sowa Financial Group, Inc.",0001806226,0001806226-26-000002,15-APR-2026,31-MAR-2026,201811.0,30
Raub Brock Capital Management LP,0001554656,0001062993-26-002000,15-APR-2026,31-MAR-2026,394962454.0,43
"Asset Allocation & Management Company, LLC",0001498383,0001498383-26-000003,15-APR-2026,31-MAR-2026,269598.0,94
HOME FEDERAL BANK OF TENNESSEE,0001665446,0001665446-26-000002,15-APR-2026,31-MAR-2026,399857647.0,94
"Purus Wealth Management, LLC",0001844250,0001172661-26-001496,15-APR-2026,31-MAR-2026,313669462.0,157
"marrick wealth, LLC",0002109850,0001951757-26-000614,15-APR-2026,31-MAR-2026,118915383.0,52
"Guardian Financial Partners, LLC",0001723514,0001723514-26-000003,15-APR-2026,31-MAR-2026,236884165.0,66
"ACCESS FINANCIAL SERVICES, INC.",0001699622,0001699622-26-000002,15-APR-2026,31-MAR-2026,282086111.0,95
ELEVATUS WELATH MANAGEMENT,0001982776,0001982776-26-000003,15-APR-2026,31-MAR-2026,190805155.0,141
"HORIZON FINANCIAL SERVICES, LLC",0001674020,0001674020-26-000002,15-APR-2026,31-MAR-2026,226247161.0,425
Verum Partners LLC,0001958984,0001951757-26-000610,15-APR-2026,31-MAR-2026,526383776.0,175
HARTFORD INVESTMENT MANAGEMENT CO,0000922439,0000922439-26-000004,15-APR-2026,31-MAR-2026,3156202134.0,495
"Asio Capital, LLC",0001803291,0001803291-26-000002,15-APR-2026,31-MAR-2026,712135168.0,110
TRUST CO OF TOLEDO NA /OH/,0001008937,0001008937-26-000002,15-APR-2026,31-MAR-2026,1053339686.0,858
"Sightline Wealth Advisors, LLC",0001841979,0001951757-26-000612,15-APR-2026,31-MAR-2026,236327630.0,91
Rainwater Charitable Foundation,0001729139,0001140361-26-014777,15-APR-2026,31-MAR-2026,193673104.0,4
"Pullen Investment Management, LLC",0002011668,0002011668-26-000002,15-APR-2026,31-MAR-2026,199180487.0,98
Uncommon Cents Investing LLC,0001729754,0001729754-26-000002,15-APR-2026,31-MAR-2026,430999048.0,208
NorthAvenue LLC,0002123735,0002123735-26-000003,15-APR-2026,31-MAR-2026,125799180.0,266
"Merit Financial Group, LLC",0001621225,0001621225-26-000005,15-APR-2026,31-MAR-2026,13449322999.0,2108
Peoples Bank/KS,0001998269,0001998269-26-000002,15-APR-2026,31-MAR-2026,99379725.0,99
"Buttonwood Financial Group, LLC",0001847661,0001847661-26-000007,15-APR-2026,31-MAR-2026,162538998.0,30
"CLIENT 1ST ADVISORY GROUP, LLC",0001802816,0001802816-26-000002,15-APR-2026,31-MAR-2026,328861393.0,140
VALLEY NATIONAL ADVISERS INC,0000773411,0000773411-26-000002,15-APR-2026,31-MAR-2026,772840.0,867
"Badgley Phelps Wealth Managers, LLC",0001895362,0001895362-26-000004,15-APR-2026,31-MAR-2026,5022451190.0,328
Snider Financial Group,0001820681,0001951757-26-000608,15-APR-2026,31-MAR-2026,331405222.0,102
"DEFINE FINANCIAL, LLC",0002021320,0001754960-26-000258,15-APR-2026,31-MAR-2026,184250702.0,41
"Verity & Verity, LLC",0001542108,0001542108-26-000002,15-APR-2026,31-MAR-2026,1342453973.0,138
Myriad Asset Management US LP,0001857187,0001857187-26-000005,15-APR-2026,31-MAR-2026,66679000.0,46
"Birch Capital Management, LLC",0001799859,0001799859-26-000002,15-APR-2026,31-MAR-2026,190842646.0,78
"Hutchens & Kramer Investment Management Group, LLC",0001920117,0001951757-26-000615,15-APR-2026,31-MAR-2026,316507958.0,149
"Family Legacy Financial Solutions, LLC",0002076068,0002076068-26-000002,15-APR-2026,31-MAR-2026,123719287.0,44
"Financial Management Professionals, Inc.",0001568132,0001568132-26-000003,15-APR-2026,31-MAR-2026,891577820.0,962
"Oak Asset Management, LLC",0001726375,0001726375-26-000002,15-APR-2026,31-MAR-2026,290437600.0,108
Polunin Capital Partners Ltd,0001629869,0001629869-26-000003,15-APR-2026,31-MAR-2026,385376.0,16
"Redhawk Wealth Advisors, Inc.",0001535811,0001535811-26-000002,15-APR-2026,31-MAR-2026,905785461.0,387
Alhambra Investment Management LLC,0001802696,0001802696-26-000002,15-APR-2026,31-MAR-2026,216552811.0,176
Curbstone Financial Management Corp,0001608057,0001608057-26-000004,15-APR-2026,31-MAR-2026,522637649.0,202
"HATCH COVE CAPITAL, LLC",0002049307,0001420506-26-000681,15-APR-2026,31-MAR-2026,262079863.0,19
"ANDREWS, LUCIA WEALTH MANAGEMENT LLC",0001906227,0001725547-26-000128,15-APR-2026,31-MAR-2026,167310489.0,35
FFG RETIREMENT ADVISORS LLC,0001966438,0001951757-26-000611,15-APR-2026,31-MAR-2026,171763545.0,43
Aspen Investment Management Inc,0001541596,0001541596-26-000002,15-APR-2026,31-MAR-2026,326524.0,171
"Fjell Capital, LLC",0002053350,0002053350-26-000002,15-APR-2026,31-MAR-2026,130035103.0,68
SPIRIT OF AMERICA MANAGEMENT CORP/NY,0001041283,0001104659-26-043635,15-APR-2026,31-MAR-2026,506600694.0,306
"KRS Capital Management, LLC",0001910876,0001172661-26-001498,15-APR-2026,31-MAR-2026,163113338.0,115
TRUST POINT INC.,0001635633,0001635633-26-000004,15-APR-2026,31-MAR-2026,1150699615.0,521
"Retirement Investment Advisors, Inc.",0001957886,0001957886-26-000006,15-APR-2026,31-MAR-2026,1242347607.0,67
"Archford Capital Strategies, LLC",0001606609,0001606609-26-000002,15-APR-2026,31-MAR-2026,873432032.0,341
RJA Asset Management LLC,0001671817,0001671817-26-000003,15-APR-2026,31-MAR-2026,271799456.0,4
"HILLTOP WEALTH ADVISORS, LLC",0001786241,0001786241-26-000003,15-APR-2026,31-MAR-2026,166889711.0,53
"CONSOLIDATED CAPITAL MANAGEMENT, LLC",0001666613,0001666613-26-000003,15-APR-2026,31-MAR-2026,309611166.0,74
QSM Asset Management Ltd,0002058325,0002058325-26-000002,15-APR-2026,31-MAR-2026,204164140.0,25
PARSONS CAPITAL MANAGEMENT INC/RI,0001018674,0001018674-26-000003,15-APR-2026,31-MAR-2026,2188435011.0,488
Wolff Financial Management LLC,0001767940,0001767940-26-000003,15-APR-2026,31-MAR-2026,452529295.0,103
"Radnor Capital Management, LLC",0001696867,0001696867-26-000002,15-APR-2026,31-MAR-2026,675764309.0,308
RS CRUM INC.,0001401459,0001172661-26-001487,15-APR-2026,31-MAR-2026,516938258.0,102
Eleva Capital SAS,0002054496,0002054496-26-000002,15-APR-2026,31-MAR-2026,343412320.0,24
"HighRoad Wealth Advisors, LLC",0002079807,0002079807-26-000002,15-APR-2026,31-MAR-2026,102384313.0,37
"Johnson & White Wealth Management, LLC",0001954136,0001954136-26-000002,15-APR-2026,31-MAR-2026,236345480.0,106
"Aventus Investment Advisors, Inc.",0002093055,0002093055-26-000002,15-APR-2026,31-MAR-2026,118196581.0,148
"Fluent Financial, LLC",0001722283,0001722283-26-000003,15-APR-2026,31-MAR-2026,273286948.0,43
Renaissance Investment Group LLC,0001509508,0001509508-26-000002,15-APR-2026,31-MAR-2026,465462394.0,81
Roberts Financial Services LLC,0001767602,0001951757-26-000617,15-APR-2026,31-MAR-2026,314464749.0,31
Addenda Capital Inc.,0001569411,0001569411-26-000003,15-APR-2026,31-MAR-2026,3551043146.0,129
"DIXON FNANCIAL SERVICES, INC.",0001909993,0001909993-26-000002,15-APR-2026,31-MAR-2026,222733474.0,44
"Retireful, LLC",0001919176,0001919176-26-000002,15-APR-2026,31-MAR-2026,70984074.0,84
"Arlington Financial Advisors, LLC",0001716539,0001716539-26-000003,15-APR-2026,31-MAR-2026,701941504.0,95
"Ridgeline Wealth, LLC",0001934226,0001934226-26-000002,15-APR-2026,31-MAR-2026,139603494.0,52
"Mainsail Financial Group, LLC",0001961290,0001961290-26-000002,15-APR-2026,31-MAR-2026,240016386.0,62
"FOUNDERS GROVE WEALTH PARTNERS, LLC",0002046157,0002046157-26-000002,15-APR-2026,31-MAR-2026,439932834.0,162
ALBERT D MASON INC,0001169318,0001169318-26-000002,15-APR-2026,31-MAR-2026,154478112.0,129
"Belleair Asset Management, LLC",0002108102,0002108102-26-000002,15-APR-2026,31-MAR-2026,109687487.0,77
"JUNCTURE WEALTH STRATEGIES, LLC",0001632866,0001632866-26-000003,15-APR-2026,31-MAR-2026,299189080.0,133
Paragon Capital Management Ltd,0001569765,0001569765-26-000002,15-APR-2026,31-MAR-2026,475997787.0,199
Avanza Fonder AB,0002035325,0002035325-26-000004,15-APR-2026,31-MAR-2026,3614716719.0,484
"Corundum Trust Company, INC",0001987720,0001987720-26-000002,15-APR-2026,31-MAR-2026,43794214.0,48
"Capitol Family Office, Inc.",0001863768,0001863768-26-000004,15-APR-2026,31-MAR-2026,84688660.0,48
"NIGHTVIEW CAPITAL, LLC",0001680843,0001680843-26-000004,15-APR-2026,31-MAR-2026,130569197.0,15
"ShankerValleau Wealth Advisors, Inc.",0001903273,0001903273-26-000002,15-APR-2026,31-MAR-2026,354824513.0,39
Sivik Global Healthcare LLC,0001596452,0001596452-26-000003,15-APR-2026,31-MAR-2026,131686.0,34
Bernardo Wealth Planning LLC,0001765595,0001765595-26-000002,15-APR-2026,31-MAR-2026,510840197.0,129
Brendel Financial Advisors LLC,0001768065,0001768065-26-000002,15-APR-2026,31-MAR-2026,202098774.0,95
"APS Management Group, Inc.",0001914985,0002085853-26-000380,15-APR-2026,31-MAR-2026,116849992.0,72
"Arch Global Advisors, LLC",0002126837,0001951757-26-000602,15-APR-2026,31-MAR-2026,191636498.0,53
"Scott Capital Advisors, LLC",0001905673,0001905673-26-000002,15-APR-2026,31-MAR-2026,493187335.0,58
"WESPAC Advisors SoCal, LLC",0001668188,0001172661-26-001497,15-APR-2026,31-MAR-2026,470232189.0,119
"Tradewinds Capital Management, LLC",0001616026,0001616026-26-000005,15-APR-2026,31-MAR-2026,503547089.0,719
"BLUE SQUARE ASSET MANAGEMENT, LLC",0001769578,0001769578-26-000005,15-APR-2026,31-MAR-2026,210603967.0,70
PLANNING DIRECTIONS INC,0000821103,0000821103-26-000005,15-APR-2026,31-MAR-2026,197598601.0,106
Covea Finance,0001636948,0001636948-26-000003,15-APR-2026,31-MAR-2026,2857074930.0,146
CACTI ASSET MANAGEMENT LLC,0001452208,0001104659-26-043503,15-APR-2026,31-MAR-2026,1649969682.0,78
"Wealth Intelligence, LLC",0002112078,0002112078-26-000002,15-APR-2026,31-MAR-2026,207953897.0,58
NORDEN GROUP LLC,0001990699,0001990699-26-000003,15-APR-2026,31-MAR-2026,1040861044.0,615
Avondale Wealth Management,0001738720,0001214659-26-004671,15-APR-2026,31-MAR-2026,203460351.0,71
"Stordahl Capital Management, Inc.",0001729093,0001172661-26-001488,15-APR-2026,31-MAR-2026,485523198.0,63
"Park Capital Management, LLC / WI",0001998000,0002085853-26-000376,15-APR-2026,31-MAR-2026,102692543.0,75
"Eaton Financial Holdings Company, LLC",0001972322,0002085853-26-000379,15-APR-2026,31-MAR-2026,305429092.0,125
"Triad Wealth Partners, LLC",0002012717,0002012717-26-000003,16-APR-2026,31-MAR-2026,1261749224.0,478
Davis Capital Management,0001811806,0001811806-26-000002,16-APR-2026,31-MAR-2026,147549172.0,589
"KAVAR CAPITAL PARTNERS GROUP, LLC",0001841766,0001725547-26-000140,16-APR-2026,31-MAR-2026,798420097.0,213
Sky Investment Group LLC,0001333792,0001333792-26-000002,16-APR-2026,31-MAR-2026,583397872.0,140
"PMV Capital Advisers, LLC",0001980695,0001980695-26-000003,16-APR-2026,31-MAR-2026,59280473.0,119
"Capital Advisors, Ltd. LLC",0001597878,0001597878-26-000002,16-APR-2026,31-MAR-2026,879848.0,1555
Envision Financial LLC,0002051355,0002051355-26-000002,16-APR-2026,31-MAR-2026,185843286.0,46
CAMPBELL NEWMAN ASSET MANAGEMENT INC,0000874791,0000874791-26-000006,16-APR-2026,31-MAR-2026,1232588654.0,103
"Cornerstone Management, Inc.",0001587867,0002085853-26-000394,16-APR-2026,31-MAR-2026,627560597.0,65
"Elser Financial Planning, Inc",0002028202,0002085853-26-000387,16-APR-2026,31-MAR-2026,2060325398.0,132
"Whitener Capital Management, Inc.",0000825217,0000825217-26-000002,16-APR-2026,31-MAR-2026,438393318.0,174
"Paladin Wealth, LLC",0002040377,0002040377-26-000002,16-APR-2026,31-MAR-2026,145381132.0,125
Security National Bank,0001719739,0001719739-26-000002,16-APR-2026,31-MAR-2026,686663481.0,411
"Connective Portfolio Management, LLC",0001905083,0001905083-26-000002,16-APR-2026,31-MAR-2026,36930370.0,25
Future Financial Wealth Managment LLC,0001801892,0001801892-26-000002,16-APR-2026,31-MAR-2026,155172002.0,128
"Ocean Park Asset Management, LLC",0001538052,0001754960-26-000260,16-APR-2026,31-MAR-2026,1731141222.0,56
Financial Designs Corp,0001561383,0001561383-26-000003,16-APR-2026,31-MAR-2026,179648493.0,40
Monument Capital Management,0001729428,0001729428-26-000003,16-APR-2026,31-MAR-2026,399106902.0,217
"Lexington Hill Partners, LLC",0002111980,0002111980-26-000002,16-APR-2026,31-MAR-2026,176590413.0,78
"CogentBlue Wealth Advisors, LLC",0002054047,0002054047-26-000002,16-APR-2026,31-MAR-2026,148747217.0,78
"Klaas Financial Asset Advisors, LLC",0001819279,0001819279-26-000004,16-APR-2026,31-MAR-2026,724246699.0,59
"Ellsworth Advisors, LLC",0001843553,0001843553-26-000003,16-APR-2026,31-MAR-2026,532208956.0,164
"REDSTONE WEALTH MANAGEMENT, LLC",0002049950,0002049950-26-000002,16-APR-2026,31-MAR-2026,125496623.0,43
Polianta Ltd,0001695214,0001695214-26-000003,16-APR-2026,31-MAR-2026,753502.0,88
"Fortitude Family Office, LLC",0001950506,0001950506-26-000003,16-APR-2026,31-MAR-2026,445188826.0,1884
"Annex Advisory Services, LLC",0001542287,0001542287-26-000002,16-APR-2026,31-MAR-2026,5336530312.0,374
"UHLMANN PRICE SECURITIES, LLC",0001035344,0001035344-26-000003,16-APR-2026,31-MAR-2026,1489143453.0,253
PARK NATIONAL CORP /OH/,0000805676,0001104659-26-044065,16-APR-2026,31-MAR-2026,3281743298.0,381
"McClarren Financial Advisors, Inc.",0001842974,0001214659-26-004716,16-APR-2026,31-MAR-2026,168878835.0,79
"Standpoint Asset Management, LLC",0001780423,0001780423-26-000004,16-APR-2026,31-MAR-2026,412296396.0,8
"JDH Wealth Management, LLC",0002022512,0002022512-26-000005,16-APR-2026,31-MAR-2026,148302631.0,54
"Johnson Bixby & Associates, LLC",0001844238,0001844238-26-000003,16-APR-2026,31-MAR-2026,806490100.0,127
FARMERS & MERCHANTS TRUST Co OF LONG BEACH,0001737090,0001737090-26-000002,16-APR-2026,31-MAR-2026,425720501.0,187
"Ironwood Financial, llc",0001630360,0001630360-26-000003,16-APR-2026,31-MAR-2026,572714292.0,168
"MontVue Capital Management, Inc.",0002008758,0002085853-26-000395,16-APR-2026,31-MAR-2026,146747968.0,67
EVEXIA WEALTH LLC,0001975710,0001951757-26-000627,16-APR-2026,31-MAR-2026,363742877.0,84
"Roble, Belko & Company, Inc",0001642305,0001642305-26-000003,16-APR-2026,31-MAR-2026,786519.0,487
HICKS CAPITAL MANAGEMENT LLC,0002062978,0002062978-26-000003,16-APR-2026,31-MAR-2026,99970471.0,37
"Howard Capital Management Group, LLC",0001860501,0001140361-26-014857,16-APR-2026,31-MAR-2026,1506659480.0,143
"Asset Advisors Investment Management, LLC",0001756695,0001756695-26-000002,16-APR-2026,31-MAR-2026,1048850012.0,106
"Sterling Investment Counsel, LLC",0001925853,0002085853-26-000392,16-APR-2026,31-MAR-2026,356850614.0,196
E. Ohman J:or Asset Management AB,0002009396,0001104659-26-044036,16-APR-2026,31-MAR-2026,3784380655.0,477
"Global Wealth Management, LLC",0002039738,0002039738-26-000002,16-APR-2026,31-MAR-2026,183436927.0,44
"POINCIANA ADVISORS GROUP, LLC",0002054543,0001725547-26-000132,16-APR-2026,31-MAR-2026,126707494.0,130
"Henrickson Nauta Wealth Advisors, Inc.",0001903859,0001951757-26-000623,16-APR-2026,31-MAR-2026,356319399.0,106
"Intergy Private Wealth, LLC",0001911342,0001911342-26-000002,16-APR-2026,31-MAR-2026,340963110.0,123
"VAUGHAN NELSON INVESTMENT MANAGEMENT, L.P.",0001021642,0001021642-26-000002,16-APR-2026,31-MAR-2026,9958179466.0,222
Montecito Bank & Trust,0001422508,0001422508-26-000002,16-APR-2026,31-MAR-2026,607349331.0,266
"Azarias Capital Management, L.P.",0001625279,0001625279-26-000003,16-APR-2026,31-MAR-2026,223142241.0,24
"Aurora Private Wealth, Inc.",0001802132,0001802132-26-000002,16-APR-2026,31-MAR-2026,140499.0,167
"Upper Left Wealth Management, LLC",0001911228,0002085853-26-000397,16-APR-2026,31-MAR-2026,169361550.0,68
jvl associates llc,0001915765,0001915765-26-000003,16-APR-2026,31-MAR-2026,298269583.0,63
"Prairiewood Capital, LLC",0001839695,0001839695-26-000003,16-APR-2026,31-MAR-2026,345844270.0,77
Focused Investors LLC,0001426398,0001426398-26-000005,16-APR-2026,31-MAR-2026,3075018112.0,22
Sprinkle Financial Consultants LLC,0002011593,0002011593-26-000002,16-APR-2026,31-MAR-2026,216826735.0,99
"BEESE FULMER INVESTMENT MANAGEMENT, INC.",0000911274,0000911274-26-000003,16-APR-2026,31-MAR-2026,1560397848.0,435
"CWC Advisors, LLC.",0001520683,0001941040-26-000223,16-APR-2026,31-MAR-2026,210122955.0,149
FIRST MERCHANTS CORP,0000712534,0000712534-26-000029,16-APR-2026,31-MAR-2026,2628836819.0,359
Freedom Financial Partners LLC,0002054598,0002063364-26-000101,16-APR-2026,31-MAR-2026,280756449.0,88
Codex Capital Asset Management L.L.C.,0002030542,0001437749-26-012527,16-APR-2026,31-MAR-2026,258621103.0,31
Brookstone Capital Management,0001599584,0001062993-26-002020,16-APR-2026,31-MAR-2026,8747570457.0,1203
"SENTINEL PENSION ADVISORS, LLC",0001802290,0001725547-26-000134,16-APR-2026,31-MAR-2026,676434120.0,137
Baron Wealth Management LLC,0001968507,0001968507-26-000004,16-APR-2026,31-MAR-2026,334412970.0,279
"Westhampton Capital, LLC",0001639997,0001376474-26-000294,16-APR-2026,31-MAR-2026,214161270.0,129
Balboa Wealth Partners,0001929008,0001951757-26-000626,16-APR-2026,31-MAR-2026,596178907.0,455
"SWEENEY & MICHEL, LLC",0001979556,0001754960-26-000261,16-APR-2026,31-MAR-2026,340122195.0,145
"PHILLIPS FINANCIAL MANAGEMENT, LLC",0001350660,0001398344-26-006583,16-APR-2026,31-MAR-2026,1378842627.0,283
"RIVERSEDGE ADVISORS, LLC",0001787663,0002085853-26-000385,16-APR-2026,31-MAR-2026,617735642.0,216
AEGON ASSET MANAGEMENT UK Plc,1539994,0001539994-26-000024,16-APR-2026,31-MAR-2026,7548374839.0,162
"Bricktown Capital, LLC",0001934657,0001934657-26-000003,16-APR-2026,31-MAR-2026,507896191.0,32
BDFS Capital LLC,0002112636,0002085853-26-000388,16-APR-2026,31-MAR-2026,207802295.0,137
WAYSTONE ADVISORS LLC,0002055997,0002085853-26-000399,16-APR-2026,31-MAR-2026,111889751.0,101
"Lifelong Wealth Advisors, Inc.",0002051717,0001725547-26-000133,16-APR-2026,31-MAR-2026,374718005.0,88
Smith Thornton Advisors LLC,0002032436,0002032436-26-000004,16-APR-2026,31-MAR-2026,198578744.0,130
Allegheny Financial Group,0001844148,0001844148-26-000002,16-APR-2026,31-MAR-2026,741827472.0,290
"SOUTHERN CAPITAL ADVISORS, LLC",0001909249,0002085853-26-000396,16-APR-2026,31-MAR-2026,213588346.0,85
SHEETS SMITH WEALTH MANAGEMENT,0001157436,0001398344-26-006590,16-APR-2026,31-MAR-2026,888477786.0,393
Generate Investment Management Ltd,0002025905,0002025905-26-000003,16-APR-2026,31-MAR-2026,2029951807.0,70
"STRATEGIC ADVISORY PARTNERS, LLC",0002114344,0001398344-26-006586,16-APR-2026,31-MAR-2026,127106449.0,96
"Warren Street Wealth Advisors, LLC",0001703496,0002085853-26-000398,16-APR-2026,31-MAR-2026,390915116.0,127
Town & Country Bank & Trust CO dba First Bankers Trust CO,0001327944,0001327944-26-000002,16-APR-2026,31-MAR-2026,296031085.0,146
EdgeRock Capital LLC,0001908378,0001908378-26-000003,16-APR-2026,31-MAR-2026,369542253.0,126
Vert Asset Management LLC,0001904664,0001904664-26-000002,16-APR-2026,31-MAR-2026,315119747.0,45
"FORTEM FINANCIAL GROUP, LLC",0001766509,0001104659-26-044277,16-APR-2026,31-MAR-2026,398518651.0,173
TANDEM CAPITAL MANAGEMENT CORP /ADV,0000873759,0000873759-26-000002,16-APR-2026,31-MAR-2026,199726200.0,110
"Occidental Asset Management, LLC",0001770994,0001214659-26-004706,16-APR-2026,31-MAR-2026,844093846.0,282
FMB WEALTH MANAGEMENT,0002040224,0002040224-26-000002,16-APR-2026,31-MAR-2026,241707468.0,73
State Insurance Fund,0001970005,0001214659-26-004714,16-APR-2026,31-MAR-2026,215974499.0,1
ROCKLAND TRUST CO,0000084616,0000084616-26-000004,16-APR-2026,31-MAR-2026,2498035306.0,308
Silverberg Bernstein Capital Management LLC,0002007880,0002007880-26-000003,16-APR-2026,31-MAR-2026,181547681.0,68
Diversified Trust Co,0001479844,0001479844-26-000006,16-APR-2026,31-MAR-2026,5390870226.0,1049
Solitude Financial Services,0001839890,0001839890-26-000003,16-APR-2026,31-MAR-2026,338142370.0,39
"BridgePort Financial Solutions, LLC",0002031775,0002031775-26-000003,16-APR-2026,31-MAR-2026,352786301.0,231
TB Alternative Assets Ltd.,0001483503,0001193125-26-157768,16-APR-2026,31-MAR-2026,481084856.0,36
"ARS Investment Partners, LLC",0000733020,0001172661-26-001501,16-APR-2026,31-MAR-2026,1924003060.0,182
"RFG Holdings, Inc.",0001845210,0001845210-26-000002,16-APR-2026,31-MAR-2026,396980251.0,70
"Gradient Capital Advisors, LLC",0001727917,0001727917-26-000004,16-APR-2026,31-MAR-2026,385761064.0,177
Hartford Financial Management Inc.,0001352526,0001352526-26-000003,16-APR-2026,31-MAR-2026,392419968.0,344
Lunate Capital Ltd,0002056786,0001011438-26-000235,16-APR-2026,31-MAR-2026,120366692.0,6
"BRIGHT ROCK CAPITAL MANAGEMENT, LLC",0001509973,0001509973-26-000002,16-APR-2026,31-MAR-2026,505911177.0,75
"REX Advisers, LLC",0002016827,0002016827-26-000009,16-APR-2026,31-MAR-2026,17131187.0,16
"Michael Brady & Co., LLC",0002095497,0002085853-26-000386,16-APR-2026,31-MAR-2026,99544163.0,54
"Vested Financial Planning, LLC",0002044679,0002044679-26-000002,16-APR-2026,31-MAR-2026,131251788.0,27
"Heck Capital Advisors, LLC",0002046227,0002085853-26-000390,16-APR-2026,31-MAR-2026,1348154439.0,202
"ORSER CAPITAL MANAGEMENT, LLC",0001785717,0001785717-26-000002,16-APR-2026,31-MAR-2026,152949739.0,46
Robocap Asset Management Ltd,0002030580,0002030580-26-000003,16-APR-2026,31-MAR-2026,93527668.0,23
Franchise GP Ltd,0002083646,0002083646-26-000003,16-APR-2026,31-MAR-2026,271939800.0,36
"Baugh & Associates, LLC",0001730818,0001730818-26-000002,16-APR-2026,31-MAR-2026,231542707.0,44
"GENESIS PRIVATE WEALTH, LLC",0001965529,0001725547-26-000131,16-APR-2026,31-MAR-2026,317692922.0,182
FIRST COMMUNITY TRUST NA,0001130344,0001130344-26-000002,16-APR-2026,31-MAR-2026,135521083.0,359
MONARCH CAPITAL MANAGEMENT INC,0000938759,0000938759-26-000002,16-APR-2026,31-MAR-2026,408599962.0,127
"BlueSky Wealth Advisors, LLC",0001704107,0001172661-26-001500,16-APR-2026,31-MAR-2026,776520393.0,115
Cambridge Advisors Inc.,0001633695,0001214659-26-004746,16-APR-2026,31-MAR-2026,515322785.0,178
"Citadel Investment Advisory, Inc.",0001811907,0001811907-26-000002,16-APR-2026,31-MAR-2026,209522.0,78
"Asset Advisory Group, Inc.",0002110402,0002063364-26-000095,16-APR-2026,31-MAR-2026,199277421.0,116
"XML Financial, LLC",0001800465,0001725547-26-000139,16-APR-2026,31-MAR-2026,1239487241.0,421
Terra Nova Asset Management LLC,0001658652,0001658652-26-000002,16-APR-2026,31-MAR-2026,135160754.0,83
"Capstone Wealth Management, LLC",0002019411,0001725547-26-000141,16-APR-2026,31-MAR-2026,143420801.0,50
Smith Salley Wealth Management,0001482012,0001062993-26-002022,16-APR-2026,31-MAR-2026,1988950873.0,267
Spectrum Planning & Advisory Services Inc.,0001725394,0001951757-26-000622,16-APR-2026,31-MAR-2026,202065087.0,114
SANDER CAPITAL ADVISORS INC,0001173889,0001493152-26-017013,16-APR-2026,31-MAR-2026,172666.0,12
IVC Wealth Advisors LLC,0001842811,0001842811-26-000002,16-APR-2026,31-MAR-2026,230320841.0,173
GUARDIAN INVESTMENT MANAGEMENT,0001365474,0001365474-26-000002,16-APR-2026,31-MAR-2026,126673456.0,60
"QTR Family Wealth, LLC",0002067954,0002067954-26-000002,16-APR-2026,31-MAR-2026,240085313.0,287
"Pine Haven Investment Counsel, Inc",0001899753,0001899753-26-000003,16-APR-2026,31-MAR-2026,136023234.0,114
"Blue Zone Wealth Advisors, LLC",0001803106,0001803106-26-000002,16-APR-2026,31-MAR-2026,491476088.0,130
PW Nova Financial Services LLC,0002127408,0002085853-26-000382,16-APR-2026,31-MAR-2026,398713481.0,193
Roan Capital Partners,0002124783,0002085853-26-000381,16-APR-2026,31-MAR-2026,108146115.0,76
"Westmount Partners, LLC",0002051491,0002051491-26-000003,16-APR-2026,31-MAR-2026,405873067.0,262
"Meadowbrook Advisors Group, LLC",0002119283,0001951757-26-000619,16-APR-2026,31-MAR-2026,168259436.0,136
"CPC Advisors, LLC",0001805250,0002085853-26-000393,16-APR-2026,31-MAR-2026,616748677.0,144
"FIDUCIARY ADVISORS, INC.",0002047030,0002047030-26-000002,16-APR-2026,31-MAR-2026,133089190.0,121
"Tactive Advisors, LLC",0002002409,0002085853-26-000401,16-APR-2026,31-MAR-2026,354665547.0,268
OxenFree Capital LLC,0002009781,0002009781-26-000002,16-APR-2026,31-MAR-2026,206205857.0,56
"Quotient Wealth Partners, LLC",0002004904,0002004904-26-000003,16-APR-2026,31-MAR-2026,3799698680.0,377
NORTHWESTERN UNIVERSITY,0000873687,0000873687-26-000003,16-APR-2026,31-MAR-2026,51458232.0,3
FORBES J M & CO LLP,0001067532,0001140361-26-015061,16-APR-2026,31-MAR-2026,1182317248.0,150
Friday Financial,0002048792,0002048792-26-000002,16-APR-2026,31-MAR-2026,290204962.0,93
Ballast Rock Private Wealth LLC,0002106928,0002106928-26-000002,16-APR-2026,31-MAR-2026,180795578.0,177
"Sunbeam Capital Management, LLC",0002057278,0001951757-26-000624,16-APR-2026,31-MAR-2026,174717246.0,112
BCO Wealth Management LLC,0002054749,0002085853-26-000391,16-APR-2026,31-MAR-2026,166469538.0,42
"Swisher Financial Concepts, Inc.",0001947503,0002063364-26-000097,16-APR-2026,31-MAR-2026,178734445.0,102
"Clark Asset Management, LLC",0002062026,0002063364-26-000093,16-APR-2026,31-MAR-2026,1064987527.0,267
"EVOLVE PRIVATE WEALTH, LLC",0002111131,0001951757-26-000621,16-APR-2026,31-MAR-2026,1870971024.0,994
"Scott & Selber, Inc.",0001315269,0001315269-26-000002,16-APR-2026,31-MAR-2026,387317253.0,91
PETREDIS INVESTMENT ADVISORS LLC,0001964544,0001964544-26-000002,16-APR-2026,31-MAR-2026,1221894390.0,107
CPR Investments Inc.,0001775053,0001214659-26-004748,16-APR-2026,31-MAR-2026,149908185.0,51
"Stanley-Laman Group, Ltd.",0001601489,0001376474-26-000292,16-APR-2026,31-MAR-2026,814452794.0,294
"BREAKTHRU ADVISORY SERVICES, LLC",0002055645,0002055645-26-000002,16-APR-2026,31-MAR-2026,62369554.0,59
"GEN Financial Management, INC.",0002032497,0002032497-26-000003,16-APR-2026,31-MAR-2026,161532639.0,51
BI Asset Management Fondsmaeglerselskab A/S,0001778131,0001778131-26-000004,16-APR-2026,31-MAR-2026,9550792.0,612
"STEPHEN J. GARRY & ASSOCIATES, LLC",0002056402,0001951757-26-000620,16-APR-2026,31-MAR-2026,124348636.0,51
VVR Holdings LLC,0002070884,0002063364-26-000099,16-APR-2026,31-MAR-2026,193574662.0,39
Maestria Partners LLC,0002000390,0001398344-26-006597,16-APR-2026,31-MAR-2026,274057698.0,13
Greenfield Savings Bank,0001940406,0001376474-26-000291,16-APR-2026,31-MAR-2026,234463110.0,143
TOTH FINANCIAL ADVISORY CORP,0000866780,0000866780-26-000002,16-APR-2026,31-MAR-2026,910752717.0,911
"Everstar Asset Management, LLC",0002023744,0001420506-26-000683,16-APR-2026,31-MAR-2026,187881181.0,186
"SG Americas Securities, LLC",0001313360,0001313360-26-000002,16-APR-2026,31-MAR-2026,90633410.0,2728
Flywheel Private Wealth LLC,0002029680,0001725547-26-000136,16-APR-2026,31-MAR-2026,175557951.0,104
"Trinity Legacy Partners, LLC",0001652529,0001214659-26-004719,16-APR-2026,31-MAR-2026,461856714.0,106
"LEE JOHNSON CAPITAL MANAGEMENT, LLC",0001674836,0001674836-26-000005,16-APR-2026,31-MAR-2026,278899287.0,80
"Addis & Hill, Inc",0002016470,0002063364-26-000089,16-APR-2026,31-MAR-2026,164446610.0,27
 MASTERCARD FOUNDATION ASSET MANAGEMENT CORP,0002006397,0002006397-26-000006,16-APR-2026,31-MAR-2026,33657386914.0,3
"Mendota Financial Group, LLC",0001964538,0001964538-26-000002,16-APR-2026,31-MAR-2026,134976775.0,32
MOUNTAIN PACIFIC INVESTMENT ADVISERS LLC,0001067324,0001067324-26-000003,16-APR-2026,31-MAR-2026,583719061.0,141
LINCOLN CAPITAL CORP,0000872359,0000872359-26-000002,16-APR-2026,31-MAR-2026,271696907.0,99
"THOMPSON DAVIS & CO., INC.",0001017284,0001017284-26-000005,16-APR-2026,31-MAR-2026,149943595.0,141
Fisher Funds Management LTD,0001435028,0001435028-26-000003,16-APR-2026,31-MAR-2026,3412157447.0,169
"Koenig Investment Advisory, LLC",0002114481,0002114481-26-000002,16-APR-2026,31-MAR-2026,117738304.0,36
Center For Asset Management LLC,0001844878,0001214659-26-004744,16-APR-2026,31-MAR-2026,201334178.0,144
True Vision MN LLC,0002013460,0001951757-26-000625,16-APR-2026,31-MAR-2026,193902643.0,98
Strong Tower Advisory Services,0001889322,0001889322-26-000002,16-APR-2026,31-MAR-2026,531406902.0,92
"TTP Investments, Inc.",0001682576,0001172661-26-001503,16-APR-2026,31-MAR-2026,239832652.0,34
Capstone Wealth Management Group LLC,0002059649,0002085853-26-000400,16-APR-2026,31-MAR-2026,162514320.0,123
Spartan Planning & Wealth Management,0001749283,0001749283-26-000004,16-APR-2026,31-MAR-2026,135205256.0,69
Trium Capital LLP,0001963860,0001963860-26-000007,16-APR-2026,31-MAR-2026,137709149.0,61
WEYBOSSET RESEARCH & MANAGEMENT LLC,0001280604,0002063364-26-000091,16-APR-2026,31-MAR-2026,346799953.0,33
Elk River Wealth Management LLC,0001844107,0001951757-26-000635,17-APR-2026,31-MAR-2026,602174824.0,99
Murphy & Mullick Capital Management Corp,0002047271,0002047271-26-000002,17-APR-2026,31-MAR-2026,135151605.0,726
NNS Holding,0001407024,0000950172-26-000141,17-APR-2026,31-MAR-2026,0.0,1
SWP FINANCIAL LLC,0002014200,0001951757-26-000639,17-APR-2026,31-MAR-2026,196091024.0,71
"Cornell Pochily Investment Advisors, Inc.",0001736260,0001736260-26-000004,17-APR-2026,31-MAR-2026,340448843.0,174
STEPH & CO,0000941519,0000941519-26-000003,17-APR-2026,31-MAR-2026,350535096.0,301
"Leeward Investments, LLC - MA",0001923173,0001923173-26-000002,17-APR-2026,31-MAR-2026,2027429488.0,142
"First Citizens Asset Management, Inc.",0001964116,0001964116-26-000002,17-APR-2026,31-MAR-2026,282060377.0,28
Berman McAleer LLC,0002094332,0002094332-26-000002,17-APR-2026,31-MAR-2026,732969532.0,162
"RPOA Advisors, Inc.",0001963326,0001963326-26-000002,17-APR-2026,31-MAR-2026,2285354248.0,6
"Mezzasalma Advisors, LLC",0001864916,0001864916-26-000002,17-APR-2026,31-MAR-2026,391360057.0,155
COERENTE CAPITAL MANAGEMENT,0001860790,0001860790-26-000002,17-APR-2026,31-MAR-2026,537379916.0,47
"NOTTINGHAM ADVISORS, INC.",0001093276,0001093276-26-000011,17-APR-2026,31-MAR-2026,776935070.0,112
RAMSEY QUANTITATIVE SYSTEMS,0001132897,0001132897-26-000004,17-APR-2026,31-MAR-2026,96587425.0,14
HENDLEY & CO INC,0001084207,0001084207-26-000002,17-APR-2026,31-MAR-2026,270296.0,45
Great Waters Wealth Management,0001964535,0001964535-26-000002,17-APR-2026,31-MAR-2026,944877801.0,121
"CAPITAL WEALTH MANAGEMENT, LLC",0001730456,0001730456-26-000002,17-APR-2026,31-MAR-2026,369609960.0,34
"PRESILIUM PRIVATE WEALTH, LLC",0001939831,0001939831-26-000002,17-APR-2026,31-MAR-2026,567238772.0,75
"HALBERT HARGROVE GLOBAL ADVISORS, LLC",0001484205,0001484205-26-000004,17-APR-2026,31-MAR-2026,2057412531.0,361
CORA CAPITAL ADVISORS LLC,0001964530,0001951757-26-000633,17-APR-2026,31-MAR-2026,302048389.0,134
"PARAGON FINANCIAL PARTNERS, INC.",0001910845,0001951757-26-000631,17-APR-2026,31-MAR-2026,176118903.0,76
"Gibson Capital, LLC",0001427372,0001427372-26-000002,17-APR-2026,31-MAR-2026,537247760.0,87
"Ballentine Capital Advisors, Inc",0002011580,0002011580-26-000002,17-APR-2026,31-MAR-2026,241559658.0,27
BUFFALO BUSINESS & ESTATE SERVICES LTD,0002103405,0002103405-26-000003,17-APR-2026,31-MAR-2026,689035739.0,87
"Blankinship & Foster, LLC",0001708872,0001580642-26-002557,17-APR-2026,31-MAR-2026,452300969.0,75
Verde Capital Management,0001802891,0001802891-26-000002,17-APR-2026,31-MAR-2026,467653670.0,69
"Cache Advisors, LLC",0002052593,0002085853-26-000408,17-APR-2026,31-MAR-2026,865758451.0,191
"Marathon Mission, Inc.",0001987261,0001987261-26-000002,17-APR-2026,31-MAR-2026,171780958.0,55
"Harbour Wealth Management Group, Inc.",0002085855,0001951757-26-000636,17-APR-2026,31-MAR-2026,132818668.0,89
CIDEL ASSET MANAGEMENT INC,0001621915,0001621915-26-000002,17-APR-2026,31-MAR-2026,1832672800.0,436
Baker Chad R,0001666470,0001666470-26-000002,17-APR-2026,31-MAR-2026,530148224.0,56
Aspire Growth Partners LLC,0002055568,0001951757-26-000646,17-APR-2026,31-MAR-2026,145743710.0,121
ANCHYRA PARTNERS LLC,0002107106,0002107106-26-000002,17-APR-2026,31-MAR-2026,329524450.0,275
PSP Research LLC,0002106939,0001951757-26-000630,17-APR-2026,31-MAR-2026,141329716.0,79
CENTRAL TRUST Co,0000044365,0000044365-26-000002,17-APR-2026,31-MAR-2026,5079709361.0,1562
"Vermillion Wealth Management, Inc.",0001737012,0001398344-26-006645,17-APR-2026,31-MAR-2026,251241573.0,1562
"AdvisorNet Financial, Inc",0001409362,0001409362-26-000002,17-APR-2026,31-MAR-2026,1931438576.0,2251
"Stonebridge Financial Group, LLC / MO",0002109198,0001951757-26-000645,17-APR-2026,31-MAR-2026,118609807.0,165
"Community Bank & Trust, Waco, Texas",0001654847,0001654847-26-000002,17-APR-2026,31-MAR-2026,504524.0,161
PARAGON CAPITAL MANAGEMENT INC,0002038506,0002038506-26-000003,17-APR-2026,31-MAR-2026,118049398.0,70
Mainstream Capital Management LLC,0002043084,0002043084-26-000002,17-APR-2026,31-MAR-2026,149064518.0,88
NNS Investments (Cyprus) Ltd,0001794290,0000950172-26-000142,17-APR-2026,31-MAR-2026,0.0,1
"Provident Wealth Management, LLC",0001799797,0001398344-26-006673,17-APR-2026,31-MAR-2026,330593673.0,134
"Andina Capital Management, LLC",0001919158,0001919158-26-000004,17-APR-2026,31-MAR-2026,113060080.0,119
"Signal Advisors Wealth, LLC",0002010926,0002010926-26-000001,17-APR-2026,31-MAR-2026,1456893895.0,570
Braeburn Wealth Management LLC,0002111759,0002085853-26-000407,17-APR-2026,31-MAR-2026,174951747.0,85
"Total Clarity Wealth Management, Inc.",0001804909,0001804909-26-000002,17-APR-2026,31-MAR-2026,425753904.0,311
"Worth Asset Management, LLC",0001927285,0001927285-26-000003,17-APR-2026,31-MAR-2026,268226086.0,182
"Faithward Advisors, LLC",0001695078,0001398344-26-006628,17-APR-2026,31-MAR-2026,700890990.0,261
BCS Wealth Management,0001798172,0001798172-26-000002,17-APR-2026,31-MAR-2026,489945101.0,248
Baker Ellis Asset Management LLC,0001365559,0001941040-26-000226,17-APR-2026,31-MAR-2026,842464659.0,254
Kentucky Trust Co,0002054100,0002054100-26-000002,17-APR-2026,31-MAR-2026,190781392.0,311
"AGP FRANKLIN, LLC",0002056566,0001951757-26-000634,17-APR-2026,31-MAR-2026,200210043.0,93
"HHM Wealth Advisors, LLC",0001750086,0001750086-26-000002,17-APR-2026,31-MAR-2026,866869533.0,875
INCOME RESEARCH & MANAGEMENT,0001165830,0001214659-26-004758,17-APR-2026,31-MAR-2026,168613298.0,26
GUYASUTA INVESTMENT ADVISORS INC,0000928568,0000928568-26-000002,17-APR-2026,31-MAR-2026,1728358339.0,268
"Western Pacific Wealth Management, LP",0001907320,0001104659-26-044774,17-APR-2026,31-MAR-2026,98354583.0,197
"Phil A. Younker & Associates, Ltd.",0002063635,0002063364-26-000109,17-APR-2026,31-MAR-2026,149963739.0,36
Certified Advisory Corp,0001731732,0001731732-26-000002,17-APR-2026,31-MAR-2026,1115012357.0,318
"Atlas Brown,Inc.",0001388168,0001388168-26-000002,17-APR-2026,31-MAR-2026,332174291.0,226
Essex Bank,0001752212,0001999371-26-008506,17-APR-2026,31-MAR-2026,452048400.0,305
AMARILLO NATIONAL BANK,0001053013,0001053013-26-000005,17-APR-2026,31-MAR-2026,566196691.0,91
DEMMING FINANCIAL SERVICES CORP /ADV,0000760639,0000760639-26-000004,17-APR-2026,31-MAR-2026,137760980.0,37
BAR HARBOR WEALTH MANAGEMENT,0001035463,0001035463-26-000002,17-APR-2026,31-MAR-2026,1709219005.0,266
BRAVE ASSET MANAGEMENT INC,0001085867,0001172661-26-001505,17-APR-2026,31-MAR-2026,420777749.0,156
FIRST NATIONAL BANK SIOUX FALLS,0001085041,0001085041-26-000002,17-APR-2026,31-MAR-2026,365531015.0,147
"Discipline Wealth Solutions, LLC",0002010507,0002010507-26-000002,17-APR-2026,31-MAR-2026,949858177.0,192
RIVERBRIDGE PARTNERS LLC,0001112325,0001112325-26-000004,17-APR-2026,31-MAR-2026,4085958255.0,192
"Sovereign Financial Group, Inc.",0001846175,0001951757-26-000644,17-APR-2026,31-MAR-2026,574877094.0,362
"Wealth Management Partners, LLC",0001843294,0001843294-26-000002,17-APR-2026,31-MAR-2026,349869186.0,147
"Athena Wealth Management, LLC",0002128243,0001172661-26-001507,17-APR-2026,31-MAR-2026,122246997.0,106
"WEBSTER BANK, N. A.",0001105837,0001105837-26-000006,17-APR-2026,31-MAR-2026,1056251184.0,682
"LMG Wealth Partners, LLC",0001965772,0001951757-26-000637,17-APR-2026,31-MAR-2026,548740951.0,154
"First City Capital Management, Inc.",0001427350,0001427350-26-000002,17-APR-2026,31-MAR-2026,188670819.0,160
KIRR MARBACH & CO LLC /IN/,0000764112,0000764112-26-000002,17-APR-2026,31-MAR-2026,548726082.0,57
"PMG Wealth Management, Inc.",0002052904,0001214659-26-004768,17-APR-2026,31-MAR-2026,138657354.0,59
Weaver Capital Management LLC,0001552247,0001398344-26-006629,17-APR-2026,31-MAR-2026,460472014.0,172
"Forbes Financial Planning, Inc.",0001911316,0001911316-26-000002,17-APR-2026,31-MAR-2026,173094295.0,38
"WILLNER & HELLER, LLC",0001927796,0001927796-26-000002,17-APR-2026,31-MAR-2026,134176294.0,161
"WealthBridge Capital Management, LLC",0001767313,0001951757-26-000641,17-APR-2026,31-MAR-2026,434150171.0,221
"55 North Private Wealth, LLC",0002106457,0002063364-26-000105,17-APR-2026,31-MAR-2026,390598943.0,210
"Visionary Horizons, LLC",0002003615,0002003615-26-000003,17-APR-2026,31-MAR-2026,203010825.0,128
"Arkfeld Wealth Strategies, L.L.C.",0001789382,0001789382-26-000004,17-APR-2026,31-MAR-2026,316187343.0,115
TECTONIC ADVISORS LLC,0001859918,0001859918-26-000004,17-APR-2026,31-MAR-2026,1891534431.0,267
Five Pine Wealth Management,0002041807,0001754960-26-000272,17-APR-2026,31-MAR-2026,160850575.0,47
FINANCIAL MANAGEMENT NETWORK INC,0001844831,0001754960-26-000267,17-APR-2026,31-MAR-2026,652960430.0,191
"Kure Advisory, LLC",0001986795,0001754960-26-000266,17-APR-2026,31-MAR-2026,183630300.0,56
"Values First Advisors, Inc.",0001913608,0001398344-26-006614,17-APR-2026,31-MAR-2026,191919022.0,179
ZynergyRetirementPlanningLLC,0002031137,0002085853-26-000404,17-APR-2026,31-MAR-2026,165350082.0,26
"BIRCH FINANCIAL GROUP, LLC",0002083592,0001754960-26-000269,17-APR-2026,31-MAR-2026,171192450.0,136
PKO Investment Management Joint-Stock Co,0002059321,0002059321-26-000003,17-APR-2026,31-MAR-2026,1188234418.0,220
High Net Worth Advisory Group LLC,0001919142,0001919142-26-000002,17-APR-2026,31-MAR-2026,428770985.0,244
"A. D. Beadell Investment Counsel, Inc.",0001569102,0001569102-26-000002,17-APR-2026,31-MAR-2026,156623.0,100
"Stonehearth Capital Management, LLC",0001550191,0001550191-26-000009,17-APR-2026,31-MAR-2026,252468555.0,96
Viewpoint Capital Management LLC,0001906223,0001398344-26-006658,17-APR-2026,31-MAR-2026,213998275.0,135
"COTTONWOOD CAPITAL ADVISORS, LLC",0001903321,0001903321-26-000002,17-APR-2026,31-MAR-2026,141799404.0,86
"Trinity Wealth Management, LLC",0001685364,0001685364-26-000002,17-APR-2026,31-MAR-2026,272296564.0,70
"RICHARDS, MERRILL & PETERSON, INC.",0000090108,0001398344-26-006641,17-APR-2026,31-MAR-2026,272599169.0,283
Robbins Farley,0001847820,0001847820-26-000002,17-APR-2026,31-MAR-2026,225916357.0,143
"Forefront Wealth Partners, LLC",0002068112,0002063364-26-000107,17-APR-2026,31-MAR-2026,238918427.0,162
"HAMILTON CAPITAL PARTNERS, LLC",0002037578,0001398344-26-006624,17-APR-2026,31-MAR-2026,320375741.0,30
"Outlook Wealth Advisors, LLC",0001767151,0001767151-26-000002,17-APR-2026,31-MAR-2026,413116334.0,310
"New Covenant Trust Company, N.A.",0002023097,0001214659-26-004763,17-APR-2026,31-MAR-2026,112040907.0,96
"Kaufman Rossin Wealth, LLC",0002049750,0001725547-26-000143,17-APR-2026,31-MAR-2026,174467092.0,98
"DEFINED WEALTH MANAGEMENT, LLC",0001849518,0001849518-26-000004,17-APR-2026,31-MAR-2026,170743213.0,109
Krilogy Financial LLC,0001659047,0001659047-26-000004,17-APR-2026,31-MAR-2026,3104199180.0,975
BURNS J W & CO INC/NY,0001047339,0001047339-26-000002,17-APR-2026,31-MAR-2026,872767988.0,183
1900 WEALTH MANAGEMENT LLC,0001791996,0001791996-26-000004,17-APR-2026,31-MAR-2026,1557524355.0,253
Community Bank of Raymore,0001599923,0001599923-26-000002,17-APR-2026,31-MAR-2026,149344506.0,74
"MORRIS FINANCIAL CONCEPTS, INC.",0001387386,0001398344-26-006630,17-APR-2026,31-MAR-2026,294556555.0,195
INVESTMENT ADVISORY SERVICES INC /TX /ADV,0000925953,0001214659-26-004799,17-APR-2026,31-MAR-2026,314484112.0,130
Nautilus Advisors LLC,0002083253,0001214659-26-004760,17-APR-2026,31-MAR-2026,145831022.0,162
UNION SAVINGS BANK,0001985855,0001985855-26-000002,17-APR-2026,31-MAR-2026,228121418.0,320
"James J. Burns & Company, LLC",0001949059,0002063364-26-000103,17-APR-2026,31-MAR-2026,737036239.0,155
"Clear Trail Advisors, LLC",0002097856,0002097856-26-000005,17-APR-2026,31-MAR-2026,600604317.0,149
"Stewardship Advisors, LLC",0001733219,0001733219-26-000003,17-APR-2026,31-MAR-2026,435254990.0,168
"Sterneck Capital Management, LLC",0001438574,0001438574-26-000002,17-APR-2026,31-MAR-2026,222702168.0,116
"FFG Partners, LLC",0002045972,0002045972-26-000003,17-APR-2026,31-MAR-2026,252574210.0,35
"Ignite Planners, LLC",0001849348,0002085853-26-000405,17-APR-2026,31-MAR-2026,647611963.0,393
Sara-Bay Financial,0001816444,0001816444-26-000002,17-APR-2026,31-MAR-2026,332526117.0,81
"Nova R Wealth, Inc.",0001729457,0001729457-26-000002,17-APR-2026,31-MAR-2026,313409455.0,90
Verde Servicos Internacionais S.A.,0001629290,0001629290-26-000004,17-APR-2026,31-MAR-2026,326416.0,50
"Summit Wealth Partners, LLC",0002033312,0002033312-26-000002,17-APR-2026,31-MAR-2026,631679886.0,271
"Old North State Wealth Management, LLC",0002041262,0002041262-26-000002,17-APR-2026,31-MAR-2026,216174954.0,112
"Bell Investment Advisors, Inc",0001890149,0001890149-26-000002,17-APR-2026,31-MAR-2026,639150876.0,1860
Kennebec Savings Bank,0002043536,0001140361-26-015328,17-APR-2026,31-MAR-2026,111385048.0,249
SVB WEALTH LLC,0001626116,0001626116-26-000002,17-APR-2026,31-MAR-2026,1518027585.0,383
Sherborne Investors Management LP,0001406672,0000921895-26-001019,17-APR-2026,31-MAR-2026,240900975.0,1
"Legacy Wealth Partners, LLC",0002066638,0002066638-26-000003,17-APR-2026,31-MAR-2026,398917624.0,176
"Integrated Capital Management, LLC",0002040070,0002040070-26-000002,17-APR-2026,31-MAR-2026,237097962.0,62
NOVARE CAPITAL MANAGEMENT LLC,0001388409,0001951757-26-000640,17-APR-2026,31-MAR-2026,1261982504.0,195
BOURNE LENT ASSET MANAGEMENT INC,0001128286,0001951757-26-000632,17-APR-2026,31-MAR-2026,272039655.0,63
PMG Family Office LLC,0002102299,0002085853-26-000402,17-APR-2026,31-MAR-2026,89550244.0,100
Prentice Wealth Management LLC,0001864229,0001941040-26-000228,17-APR-2026,31-MAR-2026,443141181.0,115
"United Advisor Group, LLC",0002004873,0002004873-26-000002,17-APR-2026,31-MAR-2026,807244922.0,497
"Stonebridge Wealth Management, LLC",0002082460,0001754960-26-000270,17-APR-2026,31-MAR-2026,104335788.0,36
"Tencap Wealth Coaching, LLC",0002107751,0002107751-26-000003,17-APR-2026,31-MAR-2026,265702011.0,7
Arizona PSPRS Trust,0001565332,0001565332-26-000004,17-APR-2026,31-MAR-2026,0.0,0
FOUNDERS FINANCIAL SECURITIES LLC,0001342396,0001062993-26-002032,17-APR-2026,31-MAR-2026,1771973869.0,530
"Capital Investment Advisors, LLC",0001582732,0001062993-26-002034,17-APR-2026,31-MAR-2026,6835388781.0,747
"IFC & Insurance Marketing, Inc.",0002095709,0001754960-26-000274,17-APR-2026,31-MAR-2026,95804783.0,72
"BAM Wealth Management, LLC",0002093649,0002085853-26-000406,17-APR-2026,31-MAR-2026,133724500.0,158
"Telos Capital Management, Inc.",0001567889,0001567889-26-000002,17-APR-2026,31-MAR-2026,1043917809.0,191
Hanson & Doremus Investment Management,0001393944,0001393944-26-000002,17-APR-2026,31-MAR-2026,869248.0,534
"Greenbush Financial Group, LLC",0002061818,0001214659-26-004754,17-APR-2026,31-MAR-2026,302028273.0,36
Roxbury Financial LLC,0002054149,0002054149-26-000002,17-APR-2026,31-MAR-2026,111214848.0,392
"Matthew Goff Investment Advisor, LLC",0000935359,0001754960-26-000273,17-APR-2026,31-MAR-2026,599861897.0,107
Aquamarine Zurich AG,0001953324,0001953324-26-000002,17-APR-2026,31-MAR-2026,135303.0,7
INDEPENDENT INVESTORS INC,0001121908,0001104659-26-044706,17-APR-2026,31-MAR-2026,503580051.0,70
WATERSHED PRIVATE WEALTH LLC,0001965271,0001965271-26-000002,17-APR-2026,31-MAR-2026,320694589.0,111
"McHugh Group, LLC",0002052657,0002085853-26-000403,17-APR-2026,31-MAR-2026,168960164.0,82
RAINIER FAMILY WEALTH INC,0002073596,0001754960-26-000271,17-APR-2026,31-MAR-2026,149083234.0,93
"State of Alaska, Department of Revenue",0001370102,0001370102-26-000005,20-APR-2026,31-MAR-2026,9247946.0,2192
Moody Aldrich Partners LLC,0000936941,0000936941-26-000003,20-APR-2026,31-MAR-2026,554520535.0,190
"Longview Financial Advisors, Inc.",0001786915,0001786915-26-000002,20-APR-2026,31-MAR-2026,163647533.0,163
Triangle Securities Wealth Management,0001541353,0001062993-26-002057,20-APR-2026,31-MAR-2026,440614632.0,206
"BTC Capital Management, Inc.",0001611848,0001611848-26-000007,20-APR-2026,31-MAR-2026,1477385383.0,207
"Wall Capital Group, Inc.",0001699803,0001699803-26-000006,20-APR-2026,31-MAR-2026,93667393.0,23
"C2C Wealth Management, LLC",0001868903,0001951757-26-000648,20-APR-2026,31-MAR-2026,118227219.0,92
"Parkway Wealth Management Group, LLC",0002065679,0001172661-26-001513,20-APR-2026,31-MAR-2026,790529078.0,137
Benefit Street Partners LLC,0001543160,0000919574-26-002304,20-APR-2026,31-MAR-2026,86389502.0,19
PENOBSCOT WEALTH MANAGEMENT,0001875768,0002063364-26-000111,20-APR-2026,31-MAR-2026,338387930.0,107
"FSC Wealth Advisors, LLC",0001925685,0001925685-26-000003,20-APR-2026,31-MAR-2026,5237773.0,13
MTCO Ltd.,0002095669,0000950157-26-000521,20-APR-2026,31-MAR-2026,269298647.0,2
"Davis Investment Partners, LLC",0001963865,0001951757-26-000650,20-APR-2026,31-MAR-2026,283091329.0,167
"Haven Capital Group, Inc.",0002055804,0001754960-26-000279,20-APR-2026,31-MAR-2026,107754691.0,37
"Hilton Head Capital Partners, LLC",0002109913,0002109913-26-000002,20-APR-2026,31-MAR-2026,177322791.0,989
KENNICOTT CAPITAL MANAGEMENT LLC,0001863265,0001754960-26-000275,20-APR-2026,31-MAR-2026,183104615.0,46
TRUST CO OF OKLAHOMA,0001083323,0001083323-26-000002,20-APR-2026,31-MAR-2026,343264788.0,139
Morangie Management LLC,0002056670,0001172661-26-001512,20-APR-2026,31-MAR-2026,108639194.0,33
"HOGE FINANCIAL SERVICES, LLC",0001989834,0001989834-26-000002,20-APR-2026,31-MAR-2026,186827248.0,72
Appian Way Asset Management LP,0001795816,0001795816-26-000006,20-APR-2026,31-MAR-2026,0.0,1
North of South Capital LLP,0002033334,0002033334-26-000002,20-APR-2026,31-MAR-2026,1113115444.0,29
"DAGCO, INC.",0001767343,0001767343-26-000002,20-APR-2026,31-MAR-2026,461324887.0,353
"ONE PLUS ONE WEALTH MANAGEMENT, LLC",0001860132,0001860132-26-000004,20-APR-2026,31-MAR-2026,237163773.0,89
"LVW Advisors, LLC",0001576053,0001576053-26-000002,20-APR-2026,31-MAR-2026,1025227476.0,435
Cottage Street Advisors LLC,0001665302,0001754960-26-000278,20-APR-2026,31-MAR-2026,231147262.0,138
"El Puerto de Liverpool, S.A.B. de C.V. ",0001946901,0001193125-26-163069,20-APR-2026,31-MAR-2026,0.0,1
"Heritage Wealth Management, Inc.",0001944755,0001944755-26-000002,20-APR-2026,31-MAR-2026,201985158.0,157
"Strategent Financial, LLC",0002052737,0002052737-26-000002,20-APR-2026,31-MAR-2026,147248918.0,41
"First Bancorp, Inc /ME/",0000765207,0000765207-26-000072,20-APR-2026,31-MAR-2026,201212132.0,132
Nexus Investment Management ULC,0001476329,0000945621-26-000587,20-APR-2026,31-MAR-2026,715100529.0,70
"Aegis Wealth Management, Inc.",0002096565,0002096565-26-000002,20-APR-2026,31-MAR-2026,127258948.0,111
"Watchman Group, Inc.",0001748726,0002085853-26-000424,20-APR-2026,31-MAR-2026,413235558.0,73
TFB Advisors LLC,0001965201,0001965201-26-000002,20-APR-2026,31-MAR-2026,191024290.0,180
Emprise Bank,0002018815,0002018815-26-000002,20-APR-2026,31-MAR-2026,249122835.0,107
Breakwater Capital Group,0001964309,0001964309-26-000002,20-APR-2026,31-MAR-2026,746804171.0,373
Eagle Strategies LLC,0001907666,0001907666-26-000003,20-APR-2026,31-MAR-2026,837082415.0,258
Factor Wealth Management LTD,0002055816,0001754960-26-000282,20-APR-2026,31-MAR-2026,531667489.0,162
"MinichMacGregor Wealth Management, LLC",0001744318,0001172661-26-001514,20-APR-2026,31-MAR-2026,566709723.0,136
Svenska Handelsbanken AB (publ),0001643792,0001643792-26-000004,20-APR-2026,31-MAR-2026,1382.0,1
Fonville Wealth Management LLC,0002008703,0002008703-26-000002,20-APR-2026,31-MAR-2026,525312259.0,138
"Skyline Advisors, Inc.",0001843832,0001843832-26-000002,20-APR-2026,31-MAR-2026,286639445.0,120
"Kopp Family Office, LLC",0001683689,0000892712-26-000219,20-APR-2026,31-MAR-2026,145331750.0,21
"Cushing Capital Partners, LLC",0002054827,0002054827-26-000002,20-APR-2026,31-MAR-2026,130117459.0,96
"NAPLES GLOBAL ADVISORS, LLC",0001582151,0001582151-26-000002,20-APR-2026,31-MAR-2026,1370503549.0,441
"Darrow Company, Inc.",0001908169,0001172661-26-001511,20-APR-2026,31-MAR-2026,222144990.0,56
FACTORIAL MANAGEMENT Ltd,0001697137,0001214659-26-004822,20-APR-2026,31-MAR-2026,3824437.0,3
Courant Investment Management LLC,0001695426,0001398344-26-006689,20-APR-2026,31-MAR-2026,102405949.0,7
Keudell/Morrison Wealth Management,0001785498,0002085853-26-000412,20-APR-2026,31-MAR-2026,489018002.0,245
"GODSEY & GIBB, INC",0000887402,0000887402-26-000002,20-APR-2026,31-MAR-2026,1148397747.0,389
"Kercheville Advisors, LLC",0001890748,0002085853-26-000413,20-APR-2026,31-MAR-2026,312661020.0,106
"Astoria Strategic Wealth, Inc.",0001777914,0001777914-26-000004,20-APR-2026,31-MAR-2026,393897527.0,37
OP Asset Management Ltd,0002097005,0002097005-26-000004,20-APR-2026,31-MAR-2026,1809818420.0,64
"Hixon Zuercher, LLC",0001806752,0002085853-26-000411,20-APR-2026,31-MAR-2026,321143475.0,85
Chatterton & Associates Inc.,0002102688,0002102688-26-000003,20-APR-2026,31-MAR-2026,142704142.0,97
"Aurora Investment Managers, LLC.",0001798485,0001798485-26-000002,20-APR-2026,31-MAR-2026,135936.0,30
"RFG Advisory, LLC",0001633387,0001633387-26-000005,20-APR-2026,31-MAR-2026,5442548904.0,1037
BENEDICT FINANCIAL ADVISORS INC,0000711089,0000711089-26-000001,20-APR-2026,31-MAR-2026,480496275.0,133
Cardinal Strategic Wealth Guidance,0001801989,0001398344-26-006724,20-APR-2026,31-MAR-2026,379201193.0,63
"BRIAN LOW FINANCIAL GROUP, LLC",0002079080,0002079080-26-000002,20-APR-2026,31-MAR-2026,147176407.0,116
MEYER HANDELMAN CO,0000045319,0000045319-26-000002,20-APR-2026,31-MAR-2026,3216493719.0,220
Louisiana State Employees Retirement System,0001537191,0001537191-26-000003,20-APR-2026,31-MAR-2026,5704793091.0,1517
"CHERRYDALE WEALTH MANAGEMENT, LLC",0001907327,0001907327-26-000002,20-APR-2026,31-MAR-2026,323668014.0,77
Cardinal Point Capital Management ULC,0001950841,0001950841-26-000002,20-APR-2026,31-MAR-2026,1631142748.0,286
Beach Point Capital Management LP,0001453885,0001453885-26-000002,20-APR-2026,31-MAR-2026,252997172.0,8
"Boston Standard Wealth Management, LLC",0001630939,0001630939-26-000004,20-APR-2026,31-MAR-2026,610855679.0,56
First PREMIER Bank,0001653926,0001653926-26-000002,20-APR-2026,31-MAR-2026,433209.0,375
"CONTRAVISORY INVESTMENT MANAGEMENT, INC.",0001365707,0001580642-26-002567,20-APR-2026,31-MAR-2026,488063857.0,366
Arta Finance Wealth Management LLC,0002099257,0002099257-26-000002,20-APR-2026,31-MAR-2026,202422082.0,95
Tower View Wealth Management LLC,0001729045,0001729045-26-000002,20-APR-2026,31-MAR-2026,194797374.0,204
Golden Reserve Retirement LLC,0002066488,0002066488-26-000002,20-APR-2026,31-MAR-2026,484664044.0,104
"William B. Walkup & Associates, Inc.",0002034054,0002034054-26-000002,20-APR-2026,31-MAR-2026,167485631.0,163
"KFG WEALTH MANAGEMENT, LLC",0001919344,0001919344-26-000004,20-APR-2026,31-MAR-2026,773421452.0,215
Friedenthal Financial,0001598611,0001598611-26-000003,20-APR-2026,31-MAR-2026,199066147.0,243
"RiverTree Advisors, LLC",0001872501,0001872501-26-000002,20-APR-2026,31-MAR-2026,157890410.0,60
DAVIDSON TRUST CO,0001133119,0001133119-26-000003,20-APR-2026,31-MAR-2026,231969005.0,176
"Guild Investment Management, Inc.",0001317802,0001317802-26-000002,20-APR-2026,31-MAR-2026,139950814.0,47
Roberts Foundation,0001595747,0001193125-26-163912,20-APR-2026,31-MAR-2026,34351299.0,1
"Global Financial Private Client, LLC",0002023568,0002085853-26-000422,20-APR-2026,31-MAR-2026,305598165.0,236
Vanderbilt University,0001825985,0001825985-26-000003,20-APR-2026,31-MAR-2026,526474045.0,71
"Balance Wealth, LLC",0002065247,0001754960-26-000281,20-APR-2026,31-MAR-2026,322075545.0,149
Auour Investments LLC,0001789310,0001789310-26-000002,20-APR-2026,31-MAR-2026,317928480.0,91
City State Bank,0001910666,0001910666-26-000002,20-APR-2026,31-MAR-2026,385296543.0,784
"Joel Adams & Associates, Inc.",0002020459,0001951757-26-000647,20-APR-2026,31-MAR-2026,134658857.0,64
"Lord & Richards Wealth Management, LLC",0002045252,0002045252-26-000002,20-APR-2026,31-MAR-2026,113987922.0,50
"Investment Research & Advisory Group, Inc.",0001802136,0001802136-26-000003,20-APR-2026,31-MAR-2026,286307932.0,277
"Boyd Wealth Management, LLC",0001846114,0001846114-26-000009,20-APR-2026,31-MAR-2026,236498955.0,48
"Independence Wealth Advisors, LLC",0002001765,0002085853-26-000421,20-APR-2026,31-MAR-2026,187614894.0,90
"TrueMark Investments, LLC",0001974457,0001376474-26-000301,20-APR-2026,31-MAR-2026,513724785.0,167
"Eagle Capital Management, LLC",0001600746,0001600746-26-000002,20-APR-2026,31-MAR-2026,253681.0,49
"Chronos Wealth Management, LLC",0001801792,0001801792-26-000002,20-APR-2026,31-MAR-2026,206739672.0,38
Kearns & Associates LLC,0001908695,0001172661-26-001516,20-APR-2026,31-MAR-2026,185875008.0,40
Manitou Investment Management Ltd.,0001657428,0001062993-26-002053,20-APR-2026,31-MAR-2026,505594847.0,52
Higgins & Schmidt Wealth Strategies LLC,0001941260,0001941260-26-000002,20-APR-2026,31-MAR-2026,218918015.0,63
Longview Financial Advisors LLC,0002076077,0002076077-26-000002,20-APR-2026,31-MAR-2026,184038286.0,157
Norway Savings Bank,0001692227,0001692227-26-000002,20-APR-2026,31-MAR-2026,210937238.0,103
"Provenance Wealth Advisors, LLC",0002081584,0002081584-26-000003,20-APR-2026,31-MAR-2026,944518491.0,412
AMIRAL GESTION,0001828064,0001828064-26-000002,20-APR-2026,31-MAR-2026,180011446.0,16
Centennial Wealth Advisory LLC,0001839421,0002085853-26-000414,20-APR-2026,31-MAR-2026,412988643.0,160
Thoma Capital Management LLC,0002060298,0001172661-26-001510,20-APR-2026,31-MAR-2026,169105860.0,55
New Hampshire Trust,0001961742,0001961742-26-000002,20-APR-2026,31-MAR-2026,495840077.0,156
Ashoka WhiteOak Capital Pte Ltd,0002031708,0001172661-26-001508,20-APR-2026,31-MAR-2026,263512958.0,18
"McKinley Carter Wealth Services, Inc.",0001484265,0001484265-26-000002,20-APR-2026,31-MAR-2026,1731873027.0,300
"Segment Wealth Management, LLC",0001575581,0001575581-26-000002,20-APR-2026,31-MAR-2026,1704385551.0,308
Tanager Wealth Management LLP,0001892929,0002085853-26-000423,20-APR-2026,31-MAR-2026,1033322280.0,145
"KFA Private Wealth Group, LLC",0001800556,0001172661-26-001517,20-APR-2026,31-MAR-2026,416633815.0,160
Sowell Financial Services LLC,0001633697,0001633697-26-000003,20-APR-2026,31-MAR-2026,2704030870.0,1123
White Pine Investment CO,0001318259,0001318259-26-000002,20-APR-2026,31-MAR-2026,430394.0,67
"Hoxton Planning & Management, LLC",0001954782,0001954782-26-000002,20-APR-2026,31-MAR-2026,333212209.0,216
MILLER HOWARD INVESTMENTS INC /NY,0000903947,0000903947-26-000002,20-APR-2026,31-MAR-2026,3658218960.0,138
Banque Cantonale Vaudoise,0001793755,0001793755-26-000005,20-APR-2026,31-MAR-2026,2657222000.0,875
"Legal Advantage Investments, Inc.",0001841769,0001172661-26-001509,20-APR-2026,31-MAR-2026,193535604.0,79
Yorktown Management & Research Co Inc,0001313559,0001193125-26-162911,20-APR-2026,31-MAR-2026,119547022.0,214
SURIENCE PRIVATE WEALTH LLC,0001900195,0001725547-26-000144,20-APR-2026,31-MAR-2026,93159475.0,40
Assenagon Asset Management S.A.,0001546007,0001546007-26-000003,20-APR-2026,31-MAR-2026,62588428304.0,1074
"Focused Wealth Management, Inc",0001586052,0002085853-26-000415,20-APR-2026,31-MAR-2026,957024632.0,200
"KESTRA PRIVATE WEALTH SERVICES, LLC",0001649451,0001649451-26-000005,20-APR-2026,31-MAR-2026,8107112197.0,1757
"THREADGILL FINANCIAL, LLC",0001814104,0001754960-26-000277,20-APR-2026,31-MAR-2026,344206485.0,44
"Christensen, King & Associates Investment Services, Inc.",0002032544,0002032544-26-000002,20-APR-2026,31-MAR-2026,233079867.0,105
25 LLC,0001968777,0001968777-26-000002,20-APR-2026,31-MAR-2026,324445230.0,69
Trust Asset Management LLC,0001608376,0001608376-26-000001,20-APR-2026,31-MAR-2026,1396232441.0,225
PEOPLES FINANCIAL SERVICES CORP.,0001056943,0001056943-26-000002,20-APR-2026,31-MAR-2026,211147199.0,275
"Axecap Investments, LLC",0002030036,0002030036-26-000002,20-APR-2026,31-MAR-2026,145349083.0,69
"Gilbert Capital Group, Inc.",0002035854,0002085853-26-000419,20-APR-2026,31-MAR-2026,129412610.0,51
Cardano Risk Management B.V.,0001619124,0001619124-26-000003,20-APR-2026,31-MAR-2026,10226108.0,44
"Consilium Wealth Advisory, LLC",0001904906,0002085853-26-000417,20-APR-2026,31-MAR-2026,293170725.0,102
BRANDYWINE OAK PRIVATE WEALTH LLC,0001764694,0002085853-26-000416,20-APR-2026,31-MAR-2026,1189505188.0,229
"RIVERCHASE WEALTH MANAGEMENT, LLC",0002055985,0002085853-26-000418,20-APR-2026,31-MAR-2026,191923567.0,73
"Aspen Capital Management, LLC",0002065974,0002065974-26-000002,20-APR-2026,31-MAR-2026,403967865.0,77
"Holcombe Financial, Inc.",0002056177,0002056177-26-000002,20-APR-2026,31-MAR-2026,170151156.0,49
"Tranquility Partners, LLC",0001783773,0002085853-26-000420,20-APR-2026,31-MAR-2026,265091146.0,226
Fifth Third Wealth Advisors LLC,0001899030,0001193125-26-161852,20-APR-2026,31-MAR-2026,2957706547.0,812
YANKCOM Partnership,0002036975,0001140361-26-015513,20-APR-2026,31-MAR-2026,243216580.0,368
GREENUP STREET WEALTH MANAGEMENT LLC,0001909904,0001909904-26-000004,20-APR-2026,31-MAR-2026,710335019.0,127
Echo45 Advisors LLC,0001908617,0001908617-26-000004,20-APR-2026,31-MAR-2026,177797764.0,76
"Leeward Financial Partners, LLC",0001735201,0001941040-26-000234,20-APR-2026,31-MAR-2026,336204958.0,97
"Corundum Group, Inc.",0001486083,0001486083-26-000002,20-APR-2026,31-MAR-2026,299200166.0,108
DELPHI MANAGEMENT INC /MA/,0000767684,0000767684-26-000002,20-APR-2026,31-MAR-2026,83570.0,79
 LILLY ENDOWMENT INC,0000316011,0000316011-26-000009,20-APR-2026,31-MAR-2026,84524083455.0,1
Values Added Financial LLC,0001973921,0001973921-26-000002,20-APR-2026,31-MAR-2026,237661762.0,134
Payne Capital LLC,0002094426,0001754960-26-000276,20-APR-2026,31-MAR-2026,108919203.0,55
"BROWN, LISLE/CUMMINGS, INC.",0000014745,0000014745-26-000003,20-APR-2026,31-MAR-2026,400427347.0,1021
"CWA Asset Management Group, LLC",0001667134,0001667134-26-000003,20-APR-2026,31-MAR-2026,2917310076.0,644
"Blue Trust, Inc.",0001856022,0001856022-26-000003,20-APR-2026,31-MAR-2026,8737321815.0,2505
"MBM WEALTH CONSULTANTS, LLC",0001762068,0001762068-26-000004,20-APR-2026,31-MAR-2026,435597704.0,387
"Foster Victor Wealth Advisors, LLC",0001769063,0001769063-26-000002,20-APR-2026,31-MAR-2026,1749765893.0,242
"Peirce Capital Management, LLC",0002008166,0002008166-26-000002,20-APR-2026,31-MAR-2026,255650957.0,43
Lancaster Investment Management,0001630064,0001630064-26-000002,20-APR-2026,31-MAR-2026,179732.0,8
Fiduciary Alliance LLC,0001954805,0001954805-26-000003,20-APR-2026,31-MAR-2026,1657134414.0,547
RITHOLTZ WEALTH MANAGEMENT,0001698218,0001698218-26-000003,20-APR-2026,31-MAR-2026,5764445452.0,1190
Financial Enhancement Group LLC,0001641438,0001641438-26-000004,20-APR-2026,31-MAR-2026,805910522.0,132
"DOPKINS WEALTH MANAGEMENT, LLC",0001904152,0001904152-26-000002,20-APR-2026,31-MAR-2026,248919296.0,92
"OAK FAMILY ADVISORS, LLC",0001846161,0001846161-26-000002,20-APR-2026,31-MAR-2026,324484819.0,95
DOCK STREET ASSET MANAGEMENT INC,0001172779,0001172779-26-000002,20-APR-2026,31-MAR-2026,950811765.0,58
MBA Advisors LLC,0001848704,0001848704-26-000002,20-APR-2026,31-MAR-2026,260296301.0,146
"SILVER OAK SECURITIES, INCORPORATED",0001080576,0001080576-26-000003,20-APR-2026,31-MAR-2026,1367723281.0,781
Barton Investment Management,0001387818,0001387818-26-000002,20-APR-2026,31-MAR-2026,797326082.0,54
"Fairvoy Private Wealth, LLC",0002046607,0002046607-26-000002,20-APR-2026,31-MAR-2026,418958017.0,201
"Inscription Capital, LLC",0001767868,0001767868-26-000002,20-APR-2026,31-MAR-2026,951110494.0,714
FIRST AMERICAN BANK,0001291422,0001291422-26-000002,20-APR-2026,31-MAR-2026,1593767958.0,188
"Kastel Capital Advisors, LLC",0002111663,0001951757-26-000651,20-APR-2026,31-MAR-2026,162914154.0,55
Live Oak Private Wealth LLC,0001799877,0001398344-26-006713,20-APR-2026,31-MAR-2026,717307445.0,207
"Park Edge Advisors, LLC",0001965659,0002085853-26-000425,20-APR-2026,31-MAR-2026,433871877.0,141
"Apella Capital, LLC",0001801507,0001801507-26-000005,20-APR-2026,31-MAR-2026,6736330052.0,677
Strong Retirement Solutions LLC,0002111795,0002111795-26-000002,20-APR-2026,31-MAR-2026,142712290.0,86
Savior LLC,0001790723,0001790723-26-000002,21-APR-2026,31-MAR-2026,28029359.0,18
BLUE JEAN FINANCIAL LLC,0002047089,0001951757-26-000679,21-APR-2026,31-MAR-2026,121311791.0,68
"Pegasus Asset Management, Inc.",0001729049,0001729049-26-000002,21-APR-2026,31-MAR-2026,312758568.0,67
"AVAII WEALTH MANAGEMENT, LLC",0001904431,0001951757-26-000654,21-APR-2026,31-MAR-2026,286469080.0,157
Refined Wealth Management,0001724729,0001724729-26-000003,21-APR-2026,31-MAR-2026,158425687.0,50
OUTFITTERS FINANCIAL LLC,0001846505,0001705819-26-000026,21-APR-2026,31-MAR-2026,129188369.0,80
"Berkshire Money Management, Inc.",0001535172,0001398344-26-006747,21-APR-2026,31-MAR-2026,976419432.0,52
"LifeWealth Investments, LLC",0002033794,0002033794-26-000005,21-APR-2026,31-MAR-2026,335042535.0,141
Hudson Oak Wealth Advisory LLC,0002088700,0002088700-26-000002,21-APR-2026,31-MAR-2026,115092885.0,52
"AEGON USA Investment Management, LLC",0001454937,0001454937-26-000006,21-APR-2026,31-MAR-2026,127813338.0,41
"Verus Financial Partners, Inc.",0001481714,0001481714-26-000003,21-APR-2026,31-MAR-2026,1114955862.0,121
"WJ Interests, LLC",0001727642,0001754960-26-000286,21-APR-2026,31-MAR-2026,260401199.0,20
"Pathfinder Wealth Consulting, Inc.",0002108842,0002108842-26-000002,21-APR-2026,31-MAR-2026,154300029.0,163
OLD NATIONAL BANCORP /IN/,0000707179,0001193125-26-165319,21-APR-2026,31-MAR-2026,5968436687.0,615
Aaron Wealth Advisors LLC,0001812198,0001172661-26-001518,21-APR-2026,31-MAR-2026,1730881337.0,690
"AA Financial Advisors, LLC",0002016899,0002085853-26-000433,21-APR-2026,31-MAR-2026,709887826.0,221
GRACE & WHITE INC /NY,0000903064,0000903064-26-000006,21-APR-2026,31-MAR-2026,566225819.0,136
"GRIMES & Co WEALTH MANAGEMENT, LLC",0001321993,0001321993-26-000004,21-APR-2026,31-MAR-2026,3612688238.0,433
"MBE Wealth Management, LLC",0001775850,0001951757-26-000681,21-APR-2026,31-MAR-2026,240745295.0,141
"CAMBIENT FAMILY OFFICE, LLC",0002105684,0001398344-26-006785,21-APR-2026,31-MAR-2026,716379759.0,261
"Axiom Financial Strategies, LLC",0001831985,0001951757-26-000668,21-APR-2026,31-MAR-2026,284089099.0,32
Dougherty Wealth Advisers LLC,0001755933,0001755933-26-000005,21-APR-2026,31-MAR-2026,157640481.0,107
Compass Advisory Group LLC,0001720292,0001951757-26-000674,21-APR-2026,31-MAR-2026,373720029.0,86
"Echo Wealth Management, LLC",0001846994,0001398344-26-006803,21-APR-2026,31-MAR-2026,173674393.0,47
Penbrook Management LLC,0001381055,0001381055-26-000002,21-APR-2026,31-MAR-2026,132057635.0,93
"Draper Asset Management, LLC",0001847921,0001951757-26-000672,21-APR-2026,31-MAR-2026,175070505.0,21
"ABLE Financial Group, LLC",0001977500,0001977500-26-000002,21-APR-2026,31-MAR-2026,511127381.0,206
"Towneley Capital Management, Inc / DE",0002004980,0002085853-26-000439,21-APR-2026,31-MAR-2026,477836450.0,42
SpringVest Wealth Management LLC,0002058986,0002058986-26-000004,21-APR-2026,31-MAR-2026,146413313.0,67
"Maltin Wealth Management, Inc.",0001764260,0001764260-26-000002,21-APR-2026,31-MAR-2026,261648417.0,136
"Columbus Macro, LLC",0001727269,0001727269-26-000002,21-APR-2026,31-MAR-2026,936154813.0,200
Maridea Wealth Management LLC,0002056245,0001951757-26-000680,21-APR-2026,31-MAR-2026,685805344.0,449
"Powers Advisory Group, LLC",0001927474,0002085853-26-000444,21-APR-2026,31-MAR-2026,283583597.0,125
"GRANITE ISLANDS PRIVATE WEALTH, LLC",0002111372,0002111372-26-000002,21-APR-2026,31-MAR-2026,108503884.0,70
Corecam AG,0002110914,0002110914-26-000002,21-APR-2026,31-MAR-2026,111330272.0,50
"New Perspectives, Inc",0001909565,0001909565-26-000004,21-APR-2026,31-MAR-2026,288753395.0,44
"Dougherty & Associates, LLC",0002109295,0002109295-26-000004,21-APR-2026,31-MAR-2026,108841961.0,52
Hosking Partners LLP,0001650135,0001650135-26-000003,21-APR-2026,31-MAR-2026,2792020787.0,99
HENNESSY ADVISORS INC,0001145255,0000897069-26-000920,21-APR-2026,31-MAR-2026,2769080087.0,278
"ADG Wealth Management Group, LLC",0002053824,0002053824-26-000002,21-APR-2026,31-MAR-2026,144720849.0,50
CHRISTINE MESSMER PC,0002097609,0002085853-26-000443,21-APR-2026,31-MAR-2026,156397311.0,80
Merkkuri Wealth Advisors LLC,0002040317,0002040317-26-000002,21-APR-2026,31-MAR-2026,151066373.0,399
"Diesslin Group, Inc.",0002108559,0002108559-26-000003,21-APR-2026,31-MAR-2026,222049177.0,53
ASSET PLANNING SERVICES INC /LA/ /ADV,0000811407,0000811407-26-000002,21-APR-2026,31-MAR-2026,228057.0,35
"Tassel Capital Management, Inc.",0001999208,0001951757-26-000684,21-APR-2026,31-MAR-2026,184089803.0,37
"Venturi Wealth Management, LLC",0001666363,0001666363-26-000003,21-APR-2026,31-MAR-2026,2220043266.0,602
VCI Wealth Management LLC,0002009388,0002085853-26-000440,21-APR-2026,31-MAR-2026,360761342.0,123
"Vise Technologies, Inc.",0001812090,0001812090-26-000002,21-APR-2026,31-MAR-2026,5092346699.0,1447
River Street Advisors LLC,0001964897,0001964897-26-000002,21-APR-2026,31-MAR-2026,295925674.0,172
"Piedmont Capital Management, LLC/NC",0002108281,0001398344-26-006798,21-APR-2026,31-MAR-2026,149857458.0,119
"One Wealth Advisors, LLC",0001725297,0001951757-26-000677,21-APR-2026,31-MAR-2026,803049573.0,304
Torrey Growth & Income Advisors,0002087822,0002087822-26-000002,21-APR-2026,31-MAR-2026,238642704.0,110
Econ Financial Services Corp,0001659718,0001659718-26-000002,21-APR-2026,31-MAR-2026,215363496.0,74
"Sage Financial Management Group, Inc.",0001762086,0001762086-26-000002,21-APR-2026,31-MAR-2026,325358817.0,57
"Cannon Global Investment Management, LLC",0001844427,0001844427-26-000003,21-APR-2026,31-MAR-2026,41330158.0,79
"Pacific Sage Partners, LLC",0001936845,0001951757-26-000671,21-APR-2026,31-MAR-2026,634528588.0,120
"Next Level Wealth Planning, LLC",0002044208,0002085853-26-000441,21-APR-2026,31-MAR-2026,194696567.0,73
NORTHEAST INVESTMENT MANAGEMENT,0001082215,0001082215-26-000005,21-APR-2026,31-MAR-2026,2417193718.0,189
SBE LLC DBA CEDAR COVE WEALTH PARTNERS,0002111343,0002111343-26-000002,21-APR-2026,31-MAR-2026,190573890.0,88
Strategic Equity Management,0001843578,0001843578-26-000003,21-APR-2026,31-MAR-2026,266044494.0,70
"Aurdan Capital Management, LLC",0002057382,0001376474-26-000303,21-APR-2026,31-MAR-2026,333181201.0,88
"MAYPORT, LLC",0001922875,0001951757-26-000661,21-APR-2026,31-MAR-2026,537956271.0,130
VALLEY FORGE INVESTMENT CONSULTANTS INC ADV,0000920655,0000920655-26-000004,21-APR-2026,31-MAR-2026,333641651.0,83
FORTERIS WEALTH MANAGEMENT INC.,0002107238,0002107238-26-000002,21-APR-2026,31-MAR-2026,104482902.0,68
"Centennial Advisors, LLC",0001951376,0001951376-26-000003,21-APR-2026,31-MAR-2026,78605009.0,83
"Financial Council, LLC",0001883629,0001883629-26-000003,21-APR-2026,31-MAR-2026,259225727.0,101
"Hippocratic Financial Advisors, LLC",0002055803,0002055803-26-000002,21-APR-2026,31-MAR-2026,227993859.0,33
"Riverstone Advisors, LLC",0001763404,0001951757-26-000682,21-APR-2026,31-MAR-2026,202796087.0,74
WEDBUSH SECURITIES INC,0001142495,0001142495-26-000006,21-APR-2026,31-MAR-2026,3429263.0,1237
"Wallace Advisory Group, LLC",0001932645,0001932645-26-000002,21-APR-2026,31-MAR-2026,93623011.0,123
WESBANCO BANK INC,0000877134,0000877134-26-000004,21-APR-2026,31-MAR-2026,3612537265.0,674
"BARLOW WEALTH PARTNERS, LLC",0001999928,0001951757-26-000665,21-APR-2026,31-MAR-2026,900007947.0,137
WASATCH ADVISORS LP,0000814133,0000814133-26-000038,21-APR-2026,31-MAR-2026,15058520094.0,213
"Sunpointe, LLC",0002012181,0001951757-26-000676,21-APR-2026,31-MAR-2026,305273354.0,266
MASECO LLP,0002074052,0002074052-26-000004,21-APR-2026,31-MAR-2026,3189119659.0,391
"Alta Partners Management Company, L.P.",0002054419,0002054419-26-000006,21-APR-2026,31-MAR-2026,151006034.0,2
"Long Island Wealth Management, Inc.",0002011177,0001951757-26-000670,21-APR-2026,31-MAR-2026,215614863.0,89
"Main Line Retirement Advisors, LLC",0001809416,0001809416-26-000003,21-APR-2026,31-MAR-2026,200280998.0,48
Parker Financial LLC,0001965668,0001965668-26-000002,21-APR-2026,31-MAR-2026,250281466.0,37
"Welch Financial Planning, LLC",0002085141,0002085141-26-000002,21-APR-2026,31-MAR-2026,139070781.0,67
"Armbruster Capital Management, Inc.",0001664847,0001140361-26-015857,21-APR-2026,31-MAR-2026,610192247.0,132
"Pinnacle Wealth Management Advisory Group, LLC",0001631864,0001631864-26-000002,21-APR-2026,31-MAR-2026,1463343289.0,550
WMS Group LLC,0002113632,0002085853-26-000442,21-APR-2026,31-MAR-2026,68771459.0,50
"Crown Wealth Group, LLC",0001845698,0002085853-26-000447,21-APR-2026,31-MAR-2026,340468034.0,145
"Vigil Wealth Management, LLC",0002107625,0001951757-26-000675,21-APR-2026,31-MAR-2026,123729004.0,75
Sicart Associates LLC,0001696494,0001725547-26-000149,21-APR-2026,31-MAR-2026,389281803.0,74
"Fingerlakes Wealth Management, Inc.",0001910248,0001910248-26-000002,21-APR-2026,31-MAR-2026,150778467.0,97
"Systelligence, LLC",0001882691,0001376474-26-000305,21-APR-2026,31-MAR-2026,514375282.0,56
Delta Wealth Advisors LLC,0001970701,0002085853-26-000437,21-APR-2026,31-MAR-2026,131414494.0,46
"Xcel Wealth Management, LLC",0001791002,0001705819-26-000027,21-APR-2026,31-MAR-2026,359616634.0,132
OneAscent Wealth Management LLC,0001844707,0001844707-26-000002,21-APR-2026,31-MAR-2026,302455924.0,157
"Quad-Cities Investment Group, LLC",0001741426,0001741426-26-000002,21-APR-2026,31-MAR-2026,250861098.0,200
"Mayfair Advisory Group, LLC",0001801926,0001801926-26-000002,21-APR-2026,31-MAR-2026,286405213.0,175
WT Wealth Management,0001780507,0001780507-26-000003,21-APR-2026,31-MAR-2026,336359449.0,138
"Trueblood Wealth Management, LLC",0002005380,0002005380-26-000002,21-APR-2026,31-MAR-2026,255669730.0,256
"TCV Trust & Wealth Management, Inc.",0001135439,0001140361-26-015860,21-APR-2026,31-MAR-2026,1193193844.0,215
CFM WEALTH PARTNERS LLC,0001801097,0001951757-26-000660,21-APR-2026,31-MAR-2026,667236463.0,143
"Argo Wealth Advisory, LLC",0002104895,0001951757-26-000663,21-APR-2026,31-MAR-2026,170387951.0,48
Roth Financial Partners LLC,0001840888,0001840888-26-000002,21-APR-2026,31-MAR-2026,292870508.0,31
Randall & Associates Wealth Management,0002011901,0002011901-26-000002,21-APR-2026,31-MAR-2026,148368433.0,56
"Aerodigm Wealth, LLC",0001927705,0001725547-26-000146,21-APR-2026,31-MAR-2026,265719509.0,86
SWS Partners,0001731731,0001731731-26-000002,21-APR-2026,31-MAR-2026,405426688.0,112
"SmartHarvest Portfolios, LLC",0002066604,0001140361-26-015749,21-APR-2026,31-MAR-2026,239706731.0,387
"Trivium Point Advisory, LLC",0001766564,0001951757-26-000655,21-APR-2026,31-MAR-2026,553222030.0,270
"Gutierrez Wealth Advisory, LLC",0001965923,0001965923-26-000002,21-APR-2026,31-MAR-2026,160953550.0,70
"FINANCIAL CONSULATE, INC",0001624510,0001624510-26-000003,21-APR-2026,31-MAR-2026,802590968.0,1402
"Verity Asset Management, Inc.",0001597298,0001597298-26-000002,21-APR-2026,31-MAR-2026,238378374.0,213
WEALTH EFFECTS LLC,0001907254,0001951757-26-000687,21-APR-2026,31-MAR-2026,282189771.0,237
ABBINGTON INVESTMENT GROUP,0002088867,0002088867-26-000002,21-APR-2026,31-MAR-2026,171883453.0,51
"BCS Private Wealth Management, Inc.",0002044001,0002044001-26-000002,21-APR-2026,31-MAR-2026,329088705.0,186
International Private Wealth Advisors LLC,0002022637,0001951757-26-000667,21-APR-2026,31-MAR-2026,163465289.0,152
PENN DAVIS MCFARLAND INC,0001108893,0001108893-26-000003,21-APR-2026,31-MAR-2026,1022299636.0,75
"Capital Investment Counsel, Inc",0001418421,0001398344-26-006787,21-APR-2026,31-MAR-2026,816118617.0,249
"PATTON ALBERTSON MILLER GROUP, LLC",0001511037,0001511037-26-000004,21-APR-2026,31-MAR-2026,842319203.0,212
"CHATHAM CAPITAL GROUP, INC.",0001108969,0001108969-26-000003,21-APR-2026,31-MAR-2026,689326196.0,198
"Kane Co Wealth Management, Inc.",0002109915,0002109915-26-000002,21-APR-2026,31-MAR-2026,118587893.0,51
Independent Wealth Network Inc.,0001891240,0001891240-26-000002,21-APR-2026,31-MAR-2026,336599516.0,296
"bLong Financial, LLC",0001943004,0002085853-26-000436,21-APR-2026,31-MAR-2026,132219432.0,76
"Yoffe Investment Management, LLC",0002056336,0002056336-26-000004,21-APR-2026,31-MAR-2026,78050623.0,111
"Olstein Capital Management, L.P.",0000947996,0000894189-26-012341,21-APR-2026,31-MAR-2026,458067.0,99
Founders Capital Management,0001704300,0001704300-26-000002,21-APR-2026,31-MAR-2026,204829577.0,390
Decker Retirement Planning Inc.,0001975700,0001975700-26-000012,21-APR-2026,31-MAR-2026,220723730.0,284
Obermeyer Wealth Partners,0001349654,0001349654-26-000002,21-APR-2026,31-MAR-2026,2171526061.0,298
"McGlone Suttner Wealth Management, Inc.",0001964819,0001964819-26-000002,21-APR-2026,31-MAR-2026,755161672.0,189
Columbia Asset Management,0001585047,0002085853-26-000430,21-APR-2026,31-MAR-2026,525088903.0,170
"Marietta Wealth Management, LLC",0001697847,0001697847-26-000003,21-APR-2026,31-MAR-2026,841427815.0,129
"Mesirow Financial Investment Management, Inc.",0001469475,0001469475-26-000002,21-APR-2026,31-MAR-2026,6175289814.0,517
FIRST UNITED BANK & TRUST,0001214183,0001104659-26-046124,21-APR-2026,31-MAR-2026,307922778.0,395
Vanguard Capital Wealth Advisors,0001730578,0001730578-26-000002,21-APR-2026,31-MAR-2026,108048246.0,119
Medicxi Ventures Management (Jersey) Ltd,0001715579,0001193125-26-166701,21-APR-2026,31-MAR-2026,981805434.0,4
Newport Asia LLC,0001607597,0001104659-26-045916,21-APR-2026,31-MAR-2026,0.0,1
Sandro Wealth Management LLC,0002107860,0001951757-26-000678,21-APR-2026,31-MAR-2026,124912999.0,99
"Financial Planning Hawaii, Inc.",0002105146,0002105146-26-000002,21-APR-2026,31-MAR-2026,169586028.0,123
"Artesa Financial Group, LLC",0002109808,0002109808-26-000002,21-APR-2026,31-MAR-2026,104905286.0,55
"J.E. Simmons & Co., P.C.",0002111381,0001376474-26-000304,21-APR-2026,31-MAR-2026,149512303.0,66
Shepherd Street Advisors LLC,0002110060,0001951757-26-000662,21-APR-2026,31-MAR-2026,101464979.0,86
HARVEY INVESTMENT CO LLC,0001162781,0001162781-26-000002,21-APR-2026,31-MAR-2026,909494.0,98
Generali Powszechne Towarzystwo Emerytalne,0002042955,0002042955-26-000003,21-APR-2026,31-MAR-2026,565568900.0,28
"J.M. Arbour, LLC",0002099154,0002099154-26-000002,21-APR-2026,31-MAR-2026,104171864.0,119
LCM Capital Management Inc,0001861752,0001861752-26-000002,21-APR-2026,31-MAR-2026,199305154.0,110
"Keystone Financial Services, LLC",0002046033,0001951757-26-000664,21-APR-2026,31-MAR-2026,148665594.0,58
"MFA WEALTH ADVISORS, LLC",0001688184,0001688184-26-000003,21-APR-2026,31-MAR-2026,508197895.0,88
ALPINE ASSOCIATES MANAGEMENT INC.,0001396835,0001396835-26-000004,21-APR-2026,31-MAR-2026,1696306150.0,70
"JFS WEALTH ADVISORS, LLC",0001568068,0001568068-26-000002,21-APR-2026,31-MAR-2026,1787282882.0,1889
"Rooted Wealth Advisors, Inc.",0001963732,0001963732-26-000002,21-APR-2026,31-MAR-2026,379222872.0,144
Buttonwood Financial Advisors Inc.,0001904033,0001904033-26-000002,21-APR-2026,31-MAR-2026,298828431.0,108
"E&G Advisors, LP",0001598550,0001062993-26-002064,21-APR-2026,31-MAR-2026,449241082.0,236
"Worthington Financial Partners, LLC",0002111427,0002111427-26-000004,21-APR-2026,31-MAR-2026,116397591.0,105
"Tanglewood Wealth Management, Inc.",0001454308,0001454308-26-000003,21-APR-2026,31-MAR-2026,1207340732.0,38
"Fort Henry Capital, LLC",0001843536,0002085853-26-000429,21-APR-2026,31-MAR-2026,165352387.0,17
"Donor Advised Charitable Giving, Inc.",0001535839,0001535839-26-000004,21-APR-2026,31-MAR-2026,3922073872.0,32
"Verisail Partners, LLC",0002016904,0002016904-26-000002,21-APR-2026,31-MAR-2026,246484429.0,25
Flagship Capital Management Inc.,0002106796,0002106796-26-000002,21-APR-2026,31-MAR-2026,136053540.0,48
Robeco Institutional Asset Management B.V.,0001418773,0001418773-26-000002,21-APR-2026,31-MAR-2026,70159821420.0,842
Value Partners Investments Inc.,0001800916,0001062993-26-002075,21-APR-2026,31-MAR-2026,1311035255.0,105
"Highland Financial Advisors, LLC",0001939237,0002063364-26-000113,21-APR-2026,31-MAR-2026,378697853.0,67
Sequent Planning LLC,0002009724,0002085853-26-000438,21-APR-2026,31-MAR-2026,413581077.0,242
Yardley Wealth Management LLC,0002044323,0002044323-26-000002,21-APR-2026,31-MAR-2026,195147294.0,36
OneAscent Financial Services LLC,0001780985,0001780985-26-000002,21-APR-2026,31-MAR-2026,1846195365.0,591
"RCS Financial Planning, LLC",0001963347,0001963347-26-000002,21-APR-2026,31-MAR-2026,192771542.0,98
"Financial Architects, LLC",0002008540,0002008540-26-000002,21-APR-2026,31-MAR-2026,189594549.0,25
MOSELEY INVESTMENT MANAGEMENT INC,0000906396,0000906396-26-000002,21-APR-2026,31-MAR-2026,313696939.0,162
OLD SECOND NATIONAL BANK OF AURORA,0000903783,0000903783-26-000002,21-APR-2026,31-MAR-2026,483915027.0,280
"Clarus Group, Inc.",0001844568,0001951757-26-000685,21-APR-2026,31-MAR-2026,278962554.0,113
"Williams & Novak, LLC",0001998419,0001998419-26-000002,21-APR-2026,31-MAR-2026,133385100.0,142
"TRITONPOINT WEALTH, LLC",0002008171,0002008171-26-000003,21-APR-2026,31-MAR-2026,933964526.0,268
WealthNavi Inc.,0001774552,0001104659-26-045706,21-APR-2026,31-MAR-2026,11537561.0,11
"Kingsman Wealth Management, Inc.",0002066184,0002066184-26-000002,21-APR-2026,31-MAR-2026,178198794.0,70
"James Reed Financial Services, Inc.",0001911052,0001754960-26-000287,21-APR-2026,31-MAR-2026,115512810.0,17
Edge Wealth Management LLC,0001567163,0001567163-26-000003,21-APR-2026,31-MAR-2026,584870903.0,85
"ACCREDITED INVESTOR SERVICES, LLC",0002028621,0002028621-26-000002,21-APR-2026,31-MAR-2026,155758835.0,77
FOUNDATION RESOURCE MANAGEMENT INC,0001179232,0001179232-26-000004,21-APR-2026,31-MAR-2026,888521880.0,55
Morton Capital Management LLC/CA,0002002628,0002002628-26-000002,21-APR-2026,31-MAR-2026,672228649.0,139
Mendel Capital Management LLC,0001911384,0001911384-26-000006,21-APR-2026,31-MAR-2026,198868272.0,97
Pallas Capital Advisors LLC,0001862282,0001951757-26-000659,21-APR-2026,31-MAR-2026,2658069745.0,862
BENNETT SELBY INVESTMENTS LP,0001840740,0001840740-26-000002,21-APR-2026,31-MAR-2026,284707999.0,81
"STUART INVESTMENT ADVISORS, INC.",0001910180,0001951757-26-000673,21-APR-2026,31-MAR-2026,228908419.0,27
"Colony Family Offices, LLC",0001633573,0001398344-26-006799,21-APR-2026,31-MAR-2026,405506825.0,62
"Pinnacle Wealth Management, LLC",0001911464,0001911464-26-000002,21-APR-2026,31-MAR-2026,148462744.0,25
"HF Advisory Group, LLC",0001963169,0002085853-26-000446,21-APR-2026,31-MAR-2026,293445146.0,166
"Polaris Investment Advisors, LLC",0002103332,0001951757-26-000669,21-APR-2026,31-MAR-2026,137150199.0,70
"Topsail Wealth Management, LLC",0002056627,0001398344-26-006781,21-APR-2026,31-MAR-2026,677899678.0,294
"Sugar Maple Asset Management, LLC",0002012673,0002012673-26-000002,21-APR-2026,31-MAR-2026,164751362.0,84
"Signature Wealth Management Partners, LLC",0001824694,0001824694-26-000002,21-APR-2026,31-MAR-2026,199402898.0,116
"OneAscent Family Office, LLC",0002055812,0002055812-26-000002,21-APR-2026,31-MAR-2026,143159977.0,182
"INSTRUMENTAL WEALTH, LLC",0001976010,0001976010-26-000004,21-APR-2026,31-MAR-2026,162669014.0,73
KIECKHEFER GROUP LLC,0002051613,0002051613-26-000002,21-APR-2026,31-MAR-2026,211678140.0,58
SLT Holdings LLC,0002052222,0002052222-26-000002,21-APR-2026,31-MAR-2026,141692933.0,130
"Drum Hill Capital, LLC",0002054679,0001754960-26-000285,21-APR-2026,31-MAR-2026,108883819.0,46
"Morton Brown Family Wealth, LLC",0001909851,0001909851-26-000002,21-APR-2026,31-MAR-2026,378411780.0,292
HCR Wealth Advisors,0001697715,0001697715-26-000003,21-APR-2026,31-MAR-2026,964356583.0,241
EVERPAR ADVISORS LLC,0002010410,0001951757-26-000658,21-APR-2026,31-MAR-2026,290414856.0,282
"WealthSpring Partners, LLC",0001961292,0001961292-26-000004,21-APR-2026,31-MAR-2026,108987956.0,72
"Ackerman Asset Management, LLC",0002067071,0002067071-26-000002,21-APR-2026,31-MAR-2026,143318330.0,35
"Altus Wealth Management, LLC",0001802107,0001802107-26-000005,21-APR-2026,31-MAR-2026,224979468.0,28
Clio Asset Management LLC,0001986196,0001986196-26-000002,21-APR-2026,31-MAR-2026,119322762.0,16
"GILPIN WEALTH MANAGEMENT, LLC",0002058144,0002058144-26-000004,21-APR-2026,31-MAR-2026,126255222.0,998
Falcon Wealth Planning,0001839850,0002085853-26-000431,21-APR-2026,31-MAR-2026,1467878472.0,236
"Concurrent Investment Advisors, LLC",0002001015,0002085853-26-000427,21-APR-2026,31-MAR-2026,9158134772.0,1851
"Pacific Park Financial, Inc.",0002107255,0002107255-26-000002,21-APR-2026,31-MAR-2026,153180599.0,73
"GFG Capital, LLC",0001638520,0001725547-26-000147,21-APR-2026,31-MAR-2026,313015702.0,88
"Huntleigh Advisors, Inc.",0001367653,0001367653-26-000002,21-APR-2026,31-MAR-2026,584899812.0,282
"Magnolia Private Wealth, LLC",0002055130,0002055130-26-000002,21-APR-2026,31-MAR-2026,150059163.0,134
"LS Investment Advisors, LLC",0001455845,0002085853-26-000426,21-APR-2026,31-MAR-2026,668251289.0,126
Generali Investments Towarzystwo Funduszy Inwestycyjnych,0002043130,0002043130-26-000002,21-APR-2026,31-MAR-2026,193731471.0,146
"Beaumont Asset Management, L.L.C.",0001798756,0001798756-26-000002,21-APR-2026,31-MAR-2026,222158697.0,76
J2 Capital Management Inc,0001586882,0001586882-26-000002,21-APR-2026,31-MAR-2026,145846757.0,116
"CHIRON CAPITAL MANAGEMENT, LLC",0001830922,0001830922-26-000001,21-APR-2026,31-MAR-2026,97547987.0,117
"FWG Investments, LLC.",0001944877,0001944877-26-000002,21-APR-2026,31-MAR-2026,157377197.0,117
Kooman & Associates,0001961850,0001961850-26-000003,21-APR-2026,31-MAR-2026,335409522.0,50
Fruth Investment Management,0001416856,0001416856-26-000002,21-APR-2026,31-MAR-2026,401257.0,229
"Fullerton Advisors, LLC",0002108355,0002085853-26-000445,21-APR-2026,31-MAR-2026,96556371.0,53
Tenon Financial LLC,0002020781,0002020781-26-000004,21-APR-2026,31-MAR-2026,254555844.0,54
"ENCOMPASS WEALTH ADVISORS, LLC",0001849614,0001849614-26-000002,21-APR-2026,31-MAR-2026,287377943.0,100
"Grey Fox Wealth Advisors, LLC",0001965362,0001965362-26-000004,21-APR-2026,31-MAR-2026,518004027.0,140
"Tumwater Wealth Management, LLC",0002034579,0002085853-26-000434,21-APR-2026,31-MAR-2026,248641449.0,34
"Crane Advisory, LLC",0001951283,0001951283-26-000002,21-APR-2026,31-MAR-2026,668063634.0,52
Willow Financial LLC,0002077046,0001951757-26-000653,21-APR-2026,31-MAR-2026,98699638.0,37
Guinness Asset Management LTD,0001409661,0001409661-26-000004,21-APR-2026,31-MAR-2026,5798385911.0,143
FOSTER & MOTLEY INC,0001163902,0001163902-26-000003,21-APR-2026,31-MAR-2026,1938164.0,395
"S Harris Financial Group, LLC",0002112907,0001951757-26-000656,21-APR-2026,31-MAR-2026,109637313.0,107
Red Tortoise LLC,0001910488,0001910488-26-000002,21-APR-2026,31-MAR-2026,238122564.0,590
"GHP Investment Advisors, Inc.",0001401561,0001140361-26-015752,21-APR-2026,31-MAR-2026,2430417630.0,1437
Compass Wealth Management LLC,0001965653,0001965653-26-000002,21-APR-2026,31-MAR-2026,404554571.0,75
"Curat Global, LLC",0002063003,0002063003-26-000002,21-APR-2026,31-MAR-2026,101515692.0,265
Madson Wealth Advisors Inc,0002129795,0002129795-26-000001,21-APR-2026,31-MAR-2026,120256022.0,84
"Northern Lights Advisors, Inc.",0002127798,0002127798-26-000002,21-APR-2026,31-MAR-2026,147609306.0,57
Compass Planning Associates Inc,0002046823,0002046823-26-000002,21-APR-2026,31-MAR-2026,156363543.0,30
North Forty Two & Co.,0002055134,0002055134-26-000002,21-APR-2026,31-MAR-2026,108165819.0,97
Div Capital Phoenix Assets Ltd,0002089718,0001398344-26-006765,21-APR-2026,31-MAR-2026,434494060.0,11
"Waterway Wealth Management, LLC",0001992193,0001104659-26-045912,21-APR-2026,31-MAR-2026,452279211.0,90
"Meridian Financial Advisors, LLC",0002032629,0002032629-26-000002,21-APR-2026,31-MAR-2026,182952863.0,141
Nemes Rush Group LLC,0001982273,0001982273-26-000002,21-APR-2026,31-MAR-2026,1050492109.0,936
"Welch Group, LLC",0001443095,0001443095-26-000004,21-APR-2026,31-MAR-2026,2660982244.0,308
Nabity-Jensen Investment Management Inc,0002044851,0002044851-26-000002,21-APR-2026,31-MAR-2026,144177754.0,70
"RETIREMENT PLANNING GROUP, LLC / NY",0002057004,0001951757-26-000686,21-APR-2026,31-MAR-2026,155185074.0,94
"LAUREL OAK WEALTH MANAGEMENT, LLC",0002111403,0002111403-26-000002,21-APR-2026,31-MAR-2026,595495652.0,360
Aull & Monroe Investment Management Corp,0001387615,0001387615-26-000002,21-APR-2026,31-MAR-2026,215291543.0,125
"Up Capital Management, Inc.",0002117787,0001214659-26-004853,21-APR-2026,31-MAR-2026,89148360.0,18
Claro Advisors Inc.,0001764386,0001951757-26-000657,21-APR-2026,31-MAR-2026,830119370.0,506
"CHAPIN DAVIS, INC.",0000872098,0000872098-26-000004,21-APR-2026,31-MAR-2026,448606606.0,261
"L.K. Benson & Company, P.C.",0002055235,0002055235-26-000002,21-APR-2026,31-MAR-2026,302497188.0,113
"Grey Ledge Advisors, LLC",0001660694,0001660694-26-000002,21-APR-2026,31-MAR-2026,442992213.0,239
"Wolfstich Capital, LLC",0002047009,0002047009-26-000002,21-APR-2026,31-MAR-2026,114288977.0,45
"Keystone Financial Group, Inc.",0002053642,0002053642-26-000002,21-APR-2026,31-MAR-2026,192399083.0,134
"Poehling Capital Management, INC.",0001730815,0001104659-26-046126,21-APR-2026,31-MAR-2026,474952596.0,153
WASHINGTON GROWTH STRATEGIES LLC,0002044575,0002044575-26-000002,21-APR-2026,31-MAR-2026,153057972.0,57
"Lewis Asset Management, LLC",0002004520,0002004520-26-000002,21-APR-2026,31-MAR-2026,244590301.0,199
"Ground Swell Capital, LLC",0001534450,0001420506-26-000688,21-APR-2026,31-MAR-2026,50684503.0,122
P.A.W. CAPITAL CORP,0000949853,0000949853-26-000002,21-APR-2026,31-MAR-2026,36737700.0,19
"UNIQUE WEALTH, LLC",0001957124,0001957124-26-000002,21-APR-2026,31-MAR-2026,723232151.0,182
"Sensible Money, LLC",0001965229,0001965229-26-000002,21-APR-2026,31-MAR-2026,328715989.0,86
"TigerOak Management, L.L.C.",0002052586,0001951757-26-000683,21-APR-2026,31-MAR-2026,317487004.0,126
"STAPP WEALTH MANAGEMENT, PLLC",0001954085,0001954085-26-000002,21-APR-2026,31-MAR-2026,78327330.0,30
"MRWM Advisors, LLC",0001732949,0001754960-26-000284,21-APR-2026,31-MAR-2026,184447846.0,74
"Narus Financial Partners, LLC",0001698091,0001698091-26-000003,21-APR-2026,31-MAR-2026,381594929.0,162
"SIMS INVESTMENT MANAGEMENT, LLC",0002053807,0002053807-26-000004,21-APR-2026,31-MAR-2026,272134558.0,35
Alpine Bank Wealth Management,0001974910,0001140361-26-015844,21-APR-2026,31-MAR-2026,687776295.0,161
Guinness Atkinson Asset Management Inc,0001409765,0001409765-26-000005,21-APR-2026,31-MAR-2026,200199943.0,123
"BCU Wealth Advisors, LLC",0002003570,0002085853-26-000432,21-APR-2026,31-MAR-2026,268239693.0,60
"Urban Wealth Management, LLC",0001845521,0002085853-26-000435,21-APR-2026,31-MAR-2026,97684082.0,93
Northland Capital Management LLC,0001693032,0001693032-26-000003,21-APR-2026,31-MAR-2026,182885966.0,31
Creative Capital Management Investments LLC,0001957363,0001957363-26-000002,21-APR-2026,31-MAR-2026,348476603.0,324
Trevian Wealth Management LLC,0001901929,0001901929-26-000002,21-APR-2026,31-MAR-2026,202640105.0,43
Wise Wealth Partners,0002056711,0002056711-26-000002,21-APR-2026,31-MAR-2026,73866030.0,53
"Greenfield FTC, Inc.",0001842727,0001193125-26-166150,21-APR-2026,31-MAR-2026,524350758.0,3
October Effect Ltd,0002078353,0002078353-26-000002,21-APR-2026,31-MAR-2026,86835445.0,64
"Traveka Wealth, LLC",0002009176,0002009176-26-000002,22-APR-2026,31-MAR-2026,261965898.0,186
"Wallington Asset Management, LLC",0001426754,0001999371-26-008735,22-APR-2026,31-MAR-2026,752329169.0,61
"Penney Financial, LLC",0002049857,0002049857-26-000003,22-APR-2026,31-MAR-2026,260638024.0,48
Kapstone Financial Advisors LLC,0001966087,0001951757-26-000688,22-APR-2026,31-MAR-2026,204148547.0,154
Summerhill Capital Management lnc.,0002017598,0001062993-26-002089,22-APR-2026,31-MAR-2026,114601701.0,35
"Investment Advisory Group, LLC",0001910273,0001951757-26-000704,22-APR-2026,31-MAR-2026,393397185.0,194
"MATAURO, LLC",0002052964,0002052964-26-000002,22-APR-2026,31-MAR-2026,692023270.0,145
Applied Capital LLC,0001862965,0001862965-26-000004,22-APR-2026,31-MAR-2026,267880165.0,50
"Monument Group Wealth Advisors, LLC",0001965665,0001965665-26-000002,22-APR-2026,31-MAR-2026,180200850.0,43
"AtlasMark Financial, Inc",0002127120,0001214659-26-004946,22-APR-2026,31-MAR-2026,154821811.0,47
MOTCO,0001306333,0001306333-26-000004,22-APR-2026,31-MAR-2026,1080948688.0,598
"J. Team Financial, Inc.",0002107629,0002107629-26-000003,22-APR-2026,31-MAR-2026,89146752.0,83
"HMS Capital Management, LLC",0001689470,0001689470-26-000002,22-APR-2026,31-MAR-2026,258527260.0,113
Rolek Wealth Management LLC,0002051339,0001951757-26-000692,22-APR-2026,31-MAR-2026,139401959.0,22
"STOLZ & ASSOCIATES, PS",0002108989,0002108989-26-000002,22-APR-2026,31-MAR-2026,143300724.0,30
Financial Planning Navigators CORP,0002102043,0002102043-26-000002,22-APR-2026,31-MAR-2026,228135477.0,51
"Morey & Quinn Wealth Partners, LLC",0002055521,0002055521-26-000002,22-APR-2026,31-MAR-2026,140597833.0,136
"Navigation Wealth Management, Inc.",0001839930,0001839930-26-000002,22-APR-2026,31-MAR-2026,27745268.0,32
"Freedom Investment Management, Inc.",0001566653,0001062993-26-002096,22-APR-2026,31-MAR-2026,336951030.0,106
Hoese & Co LLP,0001840268,0001840268-26-000005,22-APR-2026,31-MAR-2026,134730427.0,135
Parcion Private Wealth LLC,0001801263,0001801263-26-000003,22-APR-2026,31-MAR-2026,1613222210.0,434
"BKM Wealth Management, LLC",0002007263,0002007263-26-000002,22-APR-2026,31-MAR-2026,273870369.0,148
"Kenora Financial, LLC",0001990080,0001990080-26-000005,22-APR-2026,31-MAR-2026,285513231.0,132
"Patriot Financial Group Insurance Agency, LLC",0001694883,0002085853-26-000456,22-APR-2026,31-MAR-2026,1772364368.0,693
Midwest Financial Group LLC,0001967193,0001967193-26-000005,22-APR-2026,31-MAR-2026,234496877.0,126
"Atlantic Edge Private Wealth Management, LLC",0002011145,0002011145-26-000002,22-APR-2026,31-MAR-2026,405772278.0,595
Barnes Dennig Private Wealth Management LLC,0002058270,0002058270-26-000002,22-APR-2026,31-MAR-2026,100957049.0,307
RAINEY & RANDALL WEALTH ADVISORS INC.,0001728355,0001705819-26-000028,22-APR-2026,31-MAR-2026,615622128.0,76
QUATTRO FINANCIAL ADVISORS LLC,0001705929,0001214659-26-004934,22-APR-2026,31-MAR-2026,330153629.0,90
"CORNERSTONE ENTERPRISES, LLC",0001987314,0001987314-26-000003,22-APR-2026,31-MAR-2026,201073377.0,35
"Hurlow Wealth Management Group, Inc.",0001747749,0001747749-26-000005,22-APR-2026,31-MAR-2026,420086205.0,120
Clarity Wealth Development LLC,0002048774,0001941040-26-000245,22-APR-2026,31-MAR-2026,122511886.0,44
First Financial Group Corp,0002054920,0002054920-26-000002,22-APR-2026,31-MAR-2026,122461776.0,80
MRA Advisory Group,0001841816,0001841816-26-000002,22-APR-2026,31-MAR-2026,244967306.0,140
Gray Foundation,0002011602,0001193125-26-170306,22-APR-2026,31-MAR-2026,396758714.0,11
HORIZON BANCORP INC /IN/,0000706129,0000908834-26-000187,22-APR-2026,31-MAR-2026,207864.0,206
Asset Allocation Strategies LLC,0001922879,0001922879-26-000002,22-APR-2026,31-MAR-2026,563066536.0,167
"WETZEL INVESTMENT ADVISORS, INC.",0002009211,0002009211-26-000003,22-APR-2026,31-MAR-2026,251525416.0,131
"CrossGen Wealth, LLC",0002112179,0002112179-26-000002,22-APR-2026,31-MAR-2026,113872411.0,200
Gold Investment Management Ltd.,0002006008,0002006008-26-000002,22-APR-2026,31-MAR-2026,322920321.0,201
Financial Futures Ltd Liability Co.,0001911616,0001911616-26-000002,22-APR-2026,31-MAR-2026,227636324.0,72
"Cornerstone Wealth Group, LLC",0001774879,0001214659-26-004952,22-APR-2026,31-MAR-2026,1550390257.0,441
"Brandywine Asset Management, Inc.",0002106766,0002000324-26-001612,22-APR-2026,31-MAR-2026,126018070.0,14
"BWM Planning, LLC",0002039698,0001754960-26-000306,22-APR-2026,31-MAR-2026,379116477.0,87
"Constellation Investments, Inc.",0001573575,0001573575-26-000004,22-APR-2026,31-MAR-2026,3012694337.0,19
Atwater Malick LLC,0001769288,0001214659-26-004948,22-APR-2026,31-MAR-2026,370157998.0,95
"Orange Investment Advisors, Inc.",0000943442,0002085853-26-000455,22-APR-2026,31-MAR-2026,771505219.0,145
"Boomfish Wealth Group, LLC",0002010786,0001437749-26-013018,22-APR-2026,31-MAR-2026,187326512.0,87
"ABSOLUTE INVESTMENT ADVISERS, LLC",0001316187,0001062993-26-002102,22-APR-2026,31-MAR-2026,852099358.0,122
"Riverbend Wealth Management, LLC",0002055570,0002055570-26-000002,22-APR-2026,31-MAR-2026,160808933.0,149
"Invera Wealth Advisors, LLC",0001976780,0001976780-26-000002,22-APR-2026,31-MAR-2026,155806608.0,98
Evensky & Katz LLC,0001357867,0001357867-26-000006,22-APR-2026,31-MAR-2026,1758147.0,72
"Peak Planning Group, LLC",0002097384,0001951757-26-000701,22-APR-2026,31-MAR-2026,360810569.0,120
SUTTON PLACE INVESTORS LLC,0001930301,0001951757-26-000695,22-APR-2026,31-MAR-2026,182833127.0,136
"Avantra Family Wealth, Inc.",0001774744,0001951757-26-000689,22-APR-2026,31-MAR-2026,134356623.0,158
"LANDMARK WEALTH MANAGEMENT, INC.",0001985016,0001985016-26-000003,22-APR-2026,31-MAR-2026,265139875.0,42
NORRIS PERNE & FRENCH LLP/MI,0001092290,0001092290-26-000005,22-APR-2026,31-MAR-2026,1495291071.0,139
"Genesee Capital Advisors, LLC",0001652348,0001951757-26-000693,22-APR-2026,31-MAR-2026,238636877.0,138
Realta Investment Advisors,0001776792,0001398344-26-006814,22-APR-2026,31-MAR-2026,288294679.0,367
"Storen Legacy Partners, LLC",0002116061,0002116061-26-000002,22-APR-2026,31-MAR-2026,318989917.0,102
"Union Bancaire Privee, UBP SA",0001716607,0001716607-26-000004,22-APR-2026,31-MAR-2026,7193177413.0,487
RMR Wealth Builders,0001803848,0001420506-26-000699,22-APR-2026,31-MAR-2026,1269917201.0,277
"Vannoy Advisory Group, Inc.",0002011808,0002011808-26-000002,22-APR-2026,31-MAR-2026,157958064.0,28
MATRIX ASSET ADVISORS INC/NY,0001016287,0001172661-26-001524,22-APR-2026,31-MAR-2026,1090209468.0,105
"Grove Street Fiduciary, LLC",0002054682,0002054682-26-000002,22-APR-2026,31-MAR-2026,227011701.0,74
"Independence Asset Advisors, LLC",0002010929,0001376474-26-000307,22-APR-2026,31-MAR-2026,276598067.0,24
ABN AMRO Bank N.V.,0001561082,0001561082-26-000004,22-APR-2026,31-MAR-2026,9273517595.0,228
"MINDSET WEALTH MANAGEMENT, LLC",0002044232,0002044232-26-000002,22-APR-2026,31-MAR-2026,372497467.0,176
Trilogy Capital Inc.,0001722512,0001722512-26-000003,22-APR-2026,31-MAR-2026,2245382865.0,385
"LAM GROUP, INC.",0001961944,0001961944-26-000002,22-APR-2026,31-MAR-2026,181954018.0,136
RETIREMENT GUYS FORMULA LLC,0001933059,0001933059-26-000002,22-APR-2026,31-MAR-2026,217447460.0,154
"Madison Park Capital Advisors, LLC",0001993022,0001993022-26-000003,22-APR-2026,31-MAR-2026,127228631.0,62
"AGH Wealth Advisors, LLC",0002061010,0002061010-26-000002,22-APR-2026,31-MAR-2026,135869161.0,123
"KENNEDY INVESTMENT GROUP, INC.",0001978005,0001951757-26-000690,22-APR-2026,31-MAR-2026,255348012.0,135
"WestEnd Advisors, LLC",0001351731,0001398344-26-006826,22-APR-2026,31-MAR-2026,4141532734.0,391
"Financially in Tune, LLC",0002113970,0001951757-26-000703,22-APR-2026,31-MAR-2026,116304851.0,77
"Wealth Advisory Solutions, LLC",0001834802,0001834802-26-000003,22-APR-2026,31-MAR-2026,448825694.0,142
MUIRFIELD WEALTH ADVISORS LLC,0002014898,0001951757-26-000702,22-APR-2026,31-MAR-2026,135904507.0,80
"Stone House Investment Management, LLC",0001696497,0001696497-26-000006,22-APR-2026,31-MAR-2026,558054249.0,1069
"HARRELL INVESTMENT PARTNERS, LLC",0001802882,0001951757-26-000699,22-APR-2026,31-MAR-2026,419177340.0,144
"Towne Trust Company, N.A",0001102256,0001102256-26-000003,22-APR-2026,31-MAR-2026,311364584.0,318
"GERBER, LLC",0002014164,0001951757-26-000705,22-APR-2026,31-MAR-2026,176837658.0,87
"JIM SAULNIER & ASSOCIATES, LLC",0002044420,0002044420-26-000002,22-APR-2026,31-MAR-2026,205483298.0,139
Quintet Private Bank (Europe) S.A.,0001977290,0001977290-26-000002,22-APR-2026,31-MAR-2026,1491977433.0,187
Sterling Capital Management LLC,0001329883,0001398344-26-006811,22-APR-2026,31-MAR-2026,5276558733.0,3215
"Crew Capital Management, Ltd",0001835669,0001835669-26-000004,22-APR-2026,31-MAR-2026,150774870.0,109
"TRUEFG, LLC",0001766067,0001214659-26-004913,22-APR-2026,31-MAR-2026,377278312.0,71
Bluesphere Advisors LLC,0001844108,0001951757-26-000691,22-APR-2026,31-MAR-2026,281314527.0,121
WELLCOME TRUST LTD (THE) as trustee of the WELLCOME TRUST,0001026720,0001012975-26-000380,22-APR-2026,31-MAR-2026,8094248900.0,21
1492 Capital Management LLC,0001584087,0001584087-26-000005,22-APR-2026,31-MAR-2026,262637681.0,130
"Ampfield Management, L.P.",0001853635,0001853635-26-000003,22-APR-2026,31-MAR-2026,80790.0,5
Seneca Financial Advisors LLC,0002082922,0001214659-26-004973,22-APR-2026,31-MAR-2026,341266529.0,64
PEAK FINANCIAL ADVISORS LLC,0001843309,0001843309-26-000006,22-APR-2026,31-MAR-2026,225862005.0,70
 TVL MANAGEMENT CORP,0001290448,0001290448-26-000009,22-APR-2026,31-MAR-2026,0.0,1
"Nicholas Wealth, LLC.",0001911391,0001911391-26-000007,22-APR-2026,31-MAR-2026,144891228.0,111
"Wilkins Miller Wealth Management, LLC",0002057318,0002057318-26-000002,22-APR-2026,31-MAR-2026,165310105.0,89
"RPM Capital Partners, LLC",0001555433,0000904454-26-000240,22-APR-2026,31-MAR-2026,3343704.0,1
"Ifrah Financial Services, Inc.",0001382646,0001382646-26-000007,22-APR-2026,31-MAR-2026,378277904.0,200
LOUISBOURG INVESTMENTS INC.,0002053050,0002053050-26-000002,22-APR-2026,31-MAR-2026,528818288.0,216
Ariston Services Group,0001743859,0001743859-26-000002,22-APR-2026,31-MAR-2026,167156759.0,71
"AUA CAPITAL MANAGEMENT, LLC",0001706915,0001706915-26-000002,22-APR-2026,31-MAR-2026,195728531.0,80
Avalon Advisory Group,0001802119,0001802119-26-000002,22-APR-2026,31-MAR-2026,247852011.0,12
"Shum Financial Group, Inc.",0002044675,0002044675-26-000004,22-APR-2026,31-MAR-2026,141426337.0,93
"ADAMS NATURAL RESOURCES FUND, INC.",0000216851,0001104659-26-046755,22-APR-2026,31-MAR-2026,862623328.0,54
Bravera Wealth,0002126773,0002126773-26-000002,22-APR-2026,31-MAR-2026,222022232.0,410
"DDFG, Inc",0001967640,0001967640-26-000004,22-APR-2026,31-MAR-2026,463998835.0,86
tru Independence LLC,0001785445,0001785445-26-000002,22-APR-2026,31-MAR-2026,202204991.0,102
Caldwell Trust Co,0002080218,0001420506-26-000706,22-APR-2026,31-MAR-2026,1119348583.0,784
"J. L. Bainbridge & Co., Inc.",0001742315,0001742315-26-000011,22-APR-2026,31-MAR-2026,1109505481.0,103
"Pasadena Private Wealth, LLC",0001760578,0002073679-26-000047,22-APR-2026,31-MAR-2026,720839846.0,237
"Tepp RIA, LLC",0002055925,0002055925-26-000004,22-APR-2026,31-MAR-2026,127673261.0,41
VICUS CAPITAL,0001544806,0001544806-26-000004,22-APR-2026,31-MAR-2026,1360003086.0,250
Wiser Advisor Group LLC,0002011550,0002011550-26-000002,22-APR-2026,31-MAR-2026,82719816.0,224
BRAUN STACEY ASSOCIATES INC,0000872080,0001213900-26-046430,22-APR-2026,31-MAR-2026,3008039254.0,112
Richard Bernstein Advisors LLC,0001528214,0001420506-26-000702,22-APR-2026,31-MAR-2026,3447615881.0,227
"Englebert Financial Advisers, LLC",0002097035,0002097035-26-000004,22-APR-2026,31-MAR-2026,87924981.0,55
"Berry Wealth Group, LP",0002008410,0001951757-26-000698,22-APR-2026,31-MAR-2026,26761505.0,28
Arcataur Capital Management LLC,0001987321,0001987321-26-000002,22-APR-2026,31-MAR-2026,359402035.0,103
"BEACON FINANCIAL PLANNING, INC",0001966066,0001951757-26-000700,22-APR-2026,31-MAR-2026,258188578.0,76
"PROMETHIUM ADVISORS,LLC",0002034073,0002034073-26-000002,22-APR-2026,31-MAR-2026,193103380.0,112
James Hambro & Partners LLP,0001731152,0001731152-26-000004,22-APR-2026,31-MAR-2026,2550586849.0,57
LAWSON KROEKER INVESTMENT MANAGEMENT INC/NE,0001013701,0001013701-26-000002,22-APR-2026,31-MAR-2026,343099991.0,59
Spire Wealth Management,0001858740,0001858740-26-000002,22-APR-2026,31-MAR-2026,2930930835.0,2248
Aspire Capital Advisors LLC,0001906014,0001951757-26-000694,22-APR-2026,31-MAR-2026,444134775.0,122
"Uniting Wealth Partners, LLC",0002056414,0001951757-26-000696,22-APR-2026,31-MAR-2026,469712393.0,205
BigSur Wealth Management LLC,0001659171,0001398344-26-006828,22-APR-2026,31-MAR-2026,356476686.0,163
"Sendero Wealth Management, LLC",0001639375,0001639375-26-000008,22-APR-2026,31-MAR-2026,904080537.0,205
Phoenix Wealth Advisors,0001842362,0001842362-26-000003,22-APR-2026,31-MAR-2026,253173621.0,126
TRAPHAGEN INVESTMENT ADVISORS LLC,0002023380,0002023380-26-000002,22-APR-2026,31-MAR-2026,1234102156.0,207
"M3 Advisory Group, LLC",0002014826,0001951757-26-000697,22-APR-2026,31-MAR-2026,162240050.0,149
"Aureum Wealth Management, LLC",0002093444,0002093444-26-000002,22-APR-2026,31-MAR-2026,143698824.0,60
"Lakeshore Capital Group, Inc.",0002057465,0002057465-26-000002,22-APR-2026,31-MAR-2026,122500766.0,76
"RIDGECREST WEALTH PARTNERS, LLC",0001860719,0001860719-26-000002,22-APR-2026,31-MAR-2026,181169113.0,96
"Harbor Asset Planning, Inc.",0002077050,0001398344-26-006816,22-APR-2026,31-MAR-2026,118852377.0,420
SEMITAM BONAM LLC,0001922963,0001754960-26-000294,22-APR-2026,31-MAR-2026,122381358.0,44
StoryOne LLC,0002079652,0002079652-26-000002,22-APR-2026,31-MAR-2026,177378287.0,73
"Biltmore Wealth Management, LLC",0001598102,0001598102-26-000002,22-APR-2026,31-MAR-2026,281197886.0,60
"Aspire Private Capital, LLC",0001767340,0001437749-26-013033,22-APR-2026,31-MAR-2026,443054361.0,170
"Detalus Advisors, LLC",0001799677,0001799677-26-000003,22-APR-2026,31-MAR-2026,437875777.0,186
"My Personal CFO, LLC",0001916366,0001754960-26-000293,22-APR-2026,31-MAR-2026,228358873.0,88
"TRED AVON FAMILY WEALTH, LLC",0002094435,0002094435-26-000002,22-APR-2026,31-MAR-2026,301339277.0,261
"PATTON FUND MANAGEMENT, INC.",0001689232,0001172661-26-001523,22-APR-2026,31-MAR-2026,588747002.0,488
"Smallwood Wealth Investment Management, LLC",0001921304,0001921304-26-000003,22-APR-2026,31-MAR-2026,189740016.0,527
"Churchill Financial Advisors, LLC",0002095935,0002095935-26-000002,22-APR-2026,31-MAR-2026,475826118.0,123
ARCADIA INVESTMENT MANAGEMENT CORP/MI,0001016972,0001016972-26-000002,22-APR-2026,31-MAR-2026,583949536.0,366
"Bay Capital Advisors, LLC",0002055414,0002055414-26-000002,22-APR-2026,31-MAR-2026,162237984.0,107
SYKON CAPITAL LLC,0001988408,0001988408-26-000002,22-APR-2026,31-MAR-2026,300048391.0,88
"Horizon Advisory Services, Inc.",0001799006,0001799006-26-000002,22-APR-2026,31-MAR-2026,195142447.0,47
"SPIREPOINT PRIVATE CLIENT, LLC",0002022908,0002022908-26-000002,22-APR-2026,31-MAR-2026,1051343626.0,322
"ADAMS DIVERSIFIED EQUITY FUND, INC.",0000002230,0001104659-26-046751,22-APR-2026,31-MAR-2026,2837152835.0,99
"Red Door Wealth Management, LLC",0001783599,0001172661-26-001522,22-APR-2026,31-MAR-2026,961464284.0,306
MeadowBrook Investment Advisors LLC,0001308290,0000905729-26-000083,22-APR-2026,31-MAR-2026,113017717.0,186
" RED TREE MANAGEMENT, LLC",0002055980,0002055980-26-000006,22-APR-2026,31-MAR-2026,111825533.0,3
GROESBECK INVESTMENT MANAGEMENT CORP /NJ/,0000923116,0000923116-26-000002,22-APR-2026,31-MAR-2026,51335.0,94
"Skylands Capital, LLC",0001299910,0001821268-26-000073,22-APR-2026,31-MAR-2026,763031366.0,155
"Nicholson Meyer Capital Management, Inc.",0002065771,0002065771-26-000004,22-APR-2026,31-MAR-2026,130396144.0,43
Princeton Global Asset Management LLC,0001767349,0001767349-26-000002,22-APR-2026,31-MAR-2026,612934569.0,829
TPG Advisors LLC,0002033388,0002033388-26-000002,22-APR-2026,31-MAR-2026,160464108.0,109
"Madrid Wealth Management, LLC",0002106678,0002106678-26-000005,22-APR-2026,31-MAR-2026,132544648.0,70
"Mason & Associates, LLC",0001895045,0001754960-26-000303,22-APR-2026,31-MAR-2026,436700651.0,44
GAGNON SECURITIES LLC,0001125725,0001019056-26-000076,22-APR-2026,31-MAR-2026,433208476.0,85
LYNWOOD PRICE CAPITAL MANAGEMENT LP,0002046605,0002073679-26-000046,22-APR-2026,31-MAR-2026,186141379.0,14
"Larry Mathis Financial Planning, LLC",0002118274,0001754960-26-000292,22-APR-2026,31-MAR-2026,111545722.0,156
"Gagnon Advisors, LLC",0001599466,0001019056-26-000079,22-APR-2026,31-MAR-2026,135928828.0,22
"Hidden Cove Wealth Management, LLC",0001963736,0002085853-26-000452,22-APR-2026,31-MAR-2026,155655879.0,109
Sitrin Capital Management LLC,0001664771,0001664771-26-000002,22-APR-2026,31-MAR-2026,199541108.0,39
PINNACLE ASSOCIATES LTD,0000743127,0000743127-26-000002,22-APR-2026,31-MAR-2026,7781151702.0,955
CHEMUNG CANAL TRUST CO,0000790354,0000790354-26-000008,22-APR-2026,31-MAR-2026,494108094.0,112
"FULCRUM WEALTH ADVISORS, LLC",0002108790,0002108790-26-000003,22-APR-2026,31-MAR-2026,120717166.0,71
"Apollon Wealth Management, LLC",0001764387,0001764387-26-000003,22-APR-2026,31-MAR-2026,6153265565.0,1401
"QP WEALTH MANAGEMENT, LLC",0001802496,0001802496-26-000002,22-APR-2026,31-MAR-2026,58359169.0,65
"Spectrum Asset Management, Inc. (NB/CA)",0001632078,0001632078-26-000005,22-APR-2026,31-MAR-2026,314776665.0,107
Border to Coast Pensions Partnership Ltd,0001876496,0001876496-26-000002,22-APR-2026,31-MAR-2026,5919866.0,92
Fund Resources Investment Holding Group Co Ltd,0001652026,0001652026-26-000008,22-APR-2026,31-MAR-2026,81659616.0,1
"Portus Wealth Advisors, LLC",0002097516,0002097516-26-000005,22-APR-2026,31-MAR-2026,106205192.0,568
"Goodman Advisory Group, LLC",0001864123,0001864123-26-000003,22-APR-2026,31-MAR-2026,385446082.0,184
"Sylvest Advisors, LLC",0002044121,0002044121-26-000002,22-APR-2026,31-MAR-2026,188049050.0,70
Yelin Lapidot Holdings Management Ltd.,0001590495,0001213900-26-046590,22-APR-2026,31-MAR-2026,480137752.0,83
"Networth Advisors, LLC",0002099019,0002099019-26-000002,22-APR-2026,31-MAR-2026,141475630.0,381
Advocate Investing Services LLC,0002110509,0001420506-26-000708,22-APR-2026,31-MAR-2026,118018958.0,448
"apricus wealth, LLC",0001913842,0001913842-26-000002,22-APR-2026,31-MAR-2026,205225954.0,120
"LifeSteps Financial, Inc.",0001801373,0001801373-26-000002,22-APR-2026,31-MAR-2026,157899537.0,97
"Continuum Advisory, LLC",0001846532,0001420506-26-000704,22-APR-2026,31-MAR-2026,1042234149.0,453
Canoe Financial LP,0001908219,0001908219-26-000004,22-APR-2026,31-MAR-2026,7335770228.0,112
"Apollon Financial, LLC",0002011195,0002011195-26-000002,22-APR-2026,31-MAR-2026,723096381.0,260
"Pinnacle Bancorp, Inc.",0001703383,0001703383-26-000002,22-APR-2026,31-MAR-2026,338837476.0,885
"Hartmann Taylor Wealth Management, LLC",0002058267,0002058267-26-000002,22-APR-2026,31-MAR-2026,151210924.0,54
"STRATEGIC PLANNING GROUP, LLC",0001875525,0001875525-26-000003,22-APR-2026,31-MAR-2026,715348770.0,72
Janney Montgomery Scott LLC,0001329948,0001329948-26-000004,22-APR-2026,31-MAR-2026,40397752.0,2740
Gunderson Capital Management LLC,0001792397,0001941040-26-000249,22-APR-2026,31-MAR-2026,239174610.0,46
McLean Asset Management Corp,0001833140,0001833140-26-000002,22-APR-2026,31-MAR-2026,571560291.0,165
"Coston, McIsaac & Partners",0001945037,0001945037-26-000002,22-APR-2026,31-MAR-2026,443059.0,941
Onyx Bridge Wealth Group LLC,0001819476,0001819476-26-000003,22-APR-2026,31-MAR-2026,930018910.0,373
Vinland Capital Management Gestora de Recursos LTDA.,0001944332,0001944332-26-000006,22-APR-2026,31-MAR-2026,6079941.0,44
"DIAMANT ASSET MANAGEMENT, INC.",0001731124,0001731124-26-000002,22-APR-2026,31-MAR-2026,137246426.0,76
"Accretive Wealth Partners, LLC",0001844444,0001765380-26-000122,22-APR-2026,31-MAR-2026,354007364.0,173
"TRU INDEPENDENCE ASSET MANAGEMENT 2, LLC",0001849497,0001849497-26-000002,22-APR-2026,31-MAR-2026,162555998.0,82
"Sherrill & Hutchins Financial Advisory, Inc",0002005607,0002005607-26-000002,22-APR-2026,31-MAR-2026,169303049.0,15
"Two Point Capital Management, Inc.",0001962382,0002085853-26-000448,22-APR-2026,31-MAR-2026,229018880.0,28
CALEDONIA INVESTMENTS PLC,0001037766,0001193125-26-168214,22-APR-2026,31-MAR-2026,855934891.0,15
Wernau Asset Management Inc.,0002053236,0001172661-26-001521,22-APR-2026,31-MAR-2026,96136879.0,47
"Formidable Asset Management, LLC",0001592613,0001592613-26-000002,22-APR-2026,31-MAR-2026,647714832.0,381
Hofer & Associates. Inc,0001958491,0001754960-26-000295,22-APR-2026,31-MAR-2026,186078076.0,64
Millburn Ridgefield LLC /DE/,0001294571,0001376474-26-000308,22-APR-2026,31-MAR-2026,4648260782.0,39
Pictet Asset Management Holding SA,0001993888,0001993888-26-000002,22-APR-2026,31-MAR-2026,94756690424.0,2095
Oak Wealth Advisors LLC,0002056728,0002056728-26-000002,22-APR-2026,31-MAR-2026,182000176.0,57
Shotwell Rutter Baer Inc,0002008310,0001754960-26-000301,22-APR-2026,31-MAR-2026,170197922.0,38
Citrine Capital LLC,0002053242,0001754960-26-000298,22-APR-2026,31-MAR-2026,230653067.0,58
Ketron Financial,0002113129,0002085853-26-000449,22-APR-2026,31-MAR-2026,279337878.0,55
MONTGOMERY INVESTMENT MANAGEMENT INC,0001272544,0001272544-26-000002,22-APR-2026,31-MAR-2026,293093901.0,103
KW WEALTH MANAGEMENT LLC,0002078696,0002085853-26-000451,22-APR-2026,31-MAR-2026,0.0,1
APEIRON CAPITAL Ltd,0001843111,0001843111-26-000003,22-APR-2026,31-MAR-2026,106918997.0,12
Metropolis Capital Ltd,0001765388,0001765388-26-000003,22-APR-2026,31-MAR-2026,2961228204.0,16
"Fearless Solutions, LLC dba Best Invest",0002094159,0001754960-26-000302,22-APR-2026,31-MAR-2026,165712661.0,127
"Pflug Koory, LLC",0001740063,0001740063-26-000002,22-APR-2026,31-MAR-2026,218249761.0,419
"FSA Investment Group, LLC",0002051584,0002085853-26-000453,22-APR-2026,31-MAR-2026,248441254.0,45
"Yoder Wealth Management, Inc.",0001973967,0001214659-26-004910,22-APR-2026,31-MAR-2026,219354113.0,124
Foundry Financial LLC,0002085325,0001754960-26-000299,22-APR-2026,31-MAR-2026,236058007.0,71
ROMANO BROTHERS AND COMPANY,0000200648,0001754960-26-000305,22-APR-2026,31-MAR-2026,880194853.0,319
"Benchmark Financial, LLC",0002107260,0001754960-26-000296,22-APR-2026,31-MAR-2026,111438399.0,52
"DECISION INVESTMENTS, INC",0002111652,0002111652-26-000002,22-APR-2026,31-MAR-2026,87934619.0,140
FORT WASHINGTON INVESTMENT ADVISORS INC /OH/,0001009016,0001193125-26-168369,22-APR-2026,31-MAR-2026,18083229736.0,418
MFA Wealth Services,0001989379,0001754960-26-000297,22-APR-2026,31-MAR-2026,151046462.0,122
BankPlus Wealth Management LLC,0002051117,0002085853-26-000450,22-APR-2026,31-MAR-2026,193540533.0,117
Creekside Partners,0002035951,0002035951-26-000002,22-APR-2026,31-MAR-2026,242862105.0,183
ASO GROUP Ltd,0002108771,0002108771-26-000002,22-APR-2026,31-MAR-2026,237122.0,56
"PDS Planning, Inc",0000838618,0000838618-26-000002,22-APR-2026,31-MAR-2026,1516071973.0,561
"Broadway Wealth Solutions, Inc.",0002021265,0002085853-26-000454,22-APR-2026,31-MAR-2026,193392256.0,95
"Foundation Wealth Management, LLC\PA",0002011000,0001754960-26-000300,22-APR-2026,31-MAR-2026,283523740.0,91
QV Investors Inc.,0001570253,0001570253-26-000002,23-APR-2026,31-MAR-2026,1235663.0,65
"Strategic Point Investment Advisors, LLC",0001295044,0001295044-26-000005,23-APR-2026,31-MAR-2026,687997851.0,35
"Salus Financial Advisors, LLC",0002056601,0001951757-26-000714,23-APR-2026,31-MAR-2026,171490177.0,34
"Marmo Financial Group, LLC",0001964829,0001172661-26-001528,23-APR-2026,31-MAR-2026,201886231.0,38
Ferguson Shapiro LLC,0001767433,0001062993-26-002119,23-APR-2026,31-MAR-2026,328283169.0,84
SMART Wealth LLC,0002044723,0001214659-26-004993,23-APR-2026,31-MAR-2026,341486683.0,207
Bell Bank,0001002672,0001062993-26-002112,23-APR-2026,31-MAR-2026,2358418636.0,188
Grand Central Investment Group,0001844893,0001420506-26-000723,23-APR-2026,31-MAR-2026,135184018.0,44
"CONSCIOUS WEALTH INVESTMENTS, LLC",0002011014,0001951757-26-000721,23-APR-2026,31-MAR-2026,179524511.0,58
Sentry LLC,0002004474,0001941040-26-000250,23-APR-2026,31-MAR-2026,314297484.0,118
Avant Financial Advisors LLC,0002063243,0001951757-26-000711,23-APR-2026,31-MAR-2026,142244741.0,65
"Midwest Financial Partners Investments, Inc.",0001968851,0001172661-26-001527,23-APR-2026,31-MAR-2026,188572559.0,76
"Carroll Advisory Group, LLC",0002108684,0002108684-26-000002,23-APR-2026,31-MAR-2026,257551924.0,67
"BURRUS FINANCIAL SERVICES, INC.",0001573947,0001573947-26-000002,23-APR-2026,31-MAR-2026,218484794.0,11
Element Squared LLC,0002086643,0002086643-26-000002,23-APR-2026,31-MAR-2026,177290098.0,42
"Guardian Wealth Management, LLC",0002095373,0002095373-26-000002,23-APR-2026,31-MAR-2026,329624726.0,30
"McMillan Office, Inc.",0002109205,0002109205-26-000001,23-APR-2026,31-MAR-2026,781640007.0,500
"Inman Jager Wealth Management, LLC",0002052044,0001951757-26-000715,23-APR-2026,31-MAR-2026,171138309.0,84
NORTHSTAR ASSET MANAGEMENT Co,0001132708,0001132708-26-000002,23-APR-2026,31-MAR-2026,445026229.0,138
Simmons Bank,0001674486,0001193125-26-173397,23-APR-2026,31-MAR-2026,1493010391.0,343
Summer Road LLC,0001604873,0001437749-26-013167,23-APR-2026,31-MAR-2026,142033858.0,24
"ASK CAPITAL MANAGEMENT, LLC",0002056598,0002056598-26-000002,23-APR-2026,31-MAR-2026,532433485.0,3
"Private Wealth Management Group, LLC",0002011342,0002011342-26-000002,23-APR-2026,31-MAR-2026,380838265.0,1426
"Fairman Group, LLC",0002016719,0002016719-26-000004,23-APR-2026,31-MAR-2026,116979406.0,326
S.E.E.D. Planning Group LLC,0001765515,0001765515-26-000003,23-APR-2026,31-MAR-2026,344348192.0,89
HARBOUR INVESTMENT MANAGEMENT LLC,0001275880,0001275880-26-000003,23-APR-2026,31-MAR-2026,184155631.0,101
"Asset Planning,Inc",0002048547,0002048547-26-000002,23-APR-2026,31-MAR-2026,140683071.0,299
"3Chopt Investment Partners, LLC",0001978521,0001398344-26-006912,23-APR-2026,31-MAR-2026,437068171.0,240
SJS Investment Consulting Inc.,0001894302,0001894302-26-000004,23-APR-2026,31-MAR-2026,818637335.0,2473
Industrial Alliance Investment Management Inc.,0001630798,0001493152-26-018664,23-APR-2026,31-MAR-2026,167280.0,8
"Impact Partnership Wealth, LLC",0001984555,0001984555-26-000003,23-APR-2026,31-MAR-2026,809681840.0,363
FIGURE 8 INVESTMENT STRATEGIES LLC,0001909570,0001909570-26-000002,23-APR-2026,31-MAR-2026,102403071.0,56
GraniteShares Advisors LLC,0001839545,0001839545-26-000005,23-APR-2026,31-MAR-2026,138834807.0,90
Sellwood Investment Partners LLC,0001763958,0001763958-26-000005,23-APR-2026,31-MAR-2026,253823275.0,59
Lighthouse Wealth Management Inc.,0002042810,0002042810-26-000002,23-APR-2026,31-MAR-2026,147170143.0,43
"NewCorp Financial Services, Inc.",0002110453,0002110453-26-000002,23-APR-2026,31-MAR-2026,115361510.0,50
"Drucker Wealth 3.0, LLC",0002031642,0002031642-26-000002,23-APR-2026,31-MAR-2026,572782169.0,266
"SevenBridge Financial Group, LLC",0001673954,0001951757-26-000718,23-APR-2026,31-MAR-2026,638404005.0,201
BALANCED WEALTH GROUP LLC,0002009783,0001951757-26-000719,23-APR-2026,31-MAR-2026,279414022.0,73
Kampmann Melissa S.,0001999898,0001999898-26-000002,23-APR-2026,31-MAR-2026,124598244.0,43
MASTER'S WEALTH MANAGEMENT INC.,0002056521,0001951757-26-000716,23-APR-2026,31-MAR-2026,295250558.0,82
"FOLGER NOLAN FLEMING DOUGLAS CAPITAL MANAGEMENT, INC",0000885415,0001214659-26-005016,23-APR-2026,31-MAR-2026,1119527313.0,175
Cross Staff Investments Inc,0001900406,0001900406-26-000002,23-APR-2026,31-MAR-2026,197408101.0,128
Traub Capital Management LLC,0002079207,0002079207-26-000002,23-APR-2026,31-MAR-2026,100830479.0,130
AMI ASSET MANAGEMENT CORP,0001369702,0001369702-26-000008,23-APR-2026,31-MAR-2026,1566057206.0,96
SHIKIAR ASSET MANAGEMENT INC,0001058022,0001058022-26-000003,23-APR-2026,31-MAR-2026,346802.0,103
Comprehensive Money Management Services LLC,0002058921,0002058921-26-000002,23-APR-2026,31-MAR-2026,152442716.0,193
"Premier Path Wealth Partners, LLC",0001999925,0001999925-26-000002,23-APR-2026,31-MAR-2026,767375977.0,398
"Financial & Tax Architects, LLC",0001758543,0001758543-26-000003,23-APR-2026,31-MAR-2026,448379899.0,108
"Daviman Financial, LLC",0002104394,0002072075-26-000005,23-APR-2026,31-MAR-2026,169100371.0,84
"Powell Investment Advisors, LLC",0001802195,0001398344-26-007031,23-APR-2026,31-MAR-2026,290101688.0,174
"Granite Harbor Advisors, Inc.",0001967456,0001172661-26-001530,23-APR-2026,31-MAR-2026,229082017.0,129
"Brown Miller Wealth Management, LLC",0001840084,0001840084-26-000002,23-APR-2026,31-MAR-2026,351861788.0,191
"KLEIN PAVLIS & PEASLEY FINANCIAL, INC.",0001907480,0001907480-26-000002,23-APR-2026,31-MAR-2026,180864452.0,93
"Ironwood Wealth Management, LLC.",0001692820,0001104659-26-047829,23-APR-2026,31-MAR-2026,348704616.0,47
HILLMAN CO,0001036288,0001140361-26-016332,23-APR-2026,31-MAR-2026,257162357.0,14
Eagle Wealth Advisors LLC,0002107271,0002107271-26-000002,23-APR-2026,31-MAR-2026,108373472.0,98
"626 Financial, LLC",0001911035,0001951757-26-000723,23-APR-2026,31-MAR-2026,223463522.0,120
Arbor Wealth Advisors LLC,0002009890,0001754960-26-000315,23-APR-2026,31-MAR-2026,142548606.0,56
"LITTLEJOHN FINANCIAL SERVICES, INC.",0002031637,0001951757-26-000709,23-APR-2026,31-MAR-2026,133111152.0,61
"Keenan, LLC",0002111703,0002085853-26-000458,23-APR-2026,31-MAR-2026,118535779.0,42
UG Investment Advisers Ltd.,0001697814,0001697814-26-000005,23-APR-2026,31-MAR-2026,148162409.0,15
"Tiller Private Wealth, Inc.",0001663649,0001663649-26-000002,23-APR-2026,31-MAR-2026,281422716.0,66
Straight Path Wealth Management,0001902506,0002085853-26-000459,23-APR-2026,31-MAR-2026,374350211.0,129
BluePrint Investing LLC,0002108872,0002108872-26-000002,23-APR-2026,31-MAR-2026,112539263.0,25
JNBA Financial Advisors,0001569118,0001569118-26-000003,23-APR-2026,31-MAR-2026,1200870107.0,819
Western Financial Corp/CA,0001954480,0001954480-26-000002,23-APR-2026,31-MAR-2026,255475195.0,127
"Prism Advisors, Inc.",0001717027,0001717027-26-000004,23-APR-2026,31-MAR-2026,374567186.0,75
"Finley Financial, LLC",0002047823,0002047823-26-000002,23-APR-2026,31-MAR-2026,213593138.0,107
"Equita Financial Network, Inc.",0001994461,0002063364-26-000116,23-APR-2026,31-MAR-2026,318025250.0,87
"Macco Financial Group, Inc.",0002111816,0001951757-26-000707,23-APR-2026,31-MAR-2026,132060609.0,21
Ameliora Wealth Management Ltd.,0001910168,0001910168-26-000005,23-APR-2026,31-MAR-2026,313686373.0,232
Sippican Capital Advisors,0001557406,0001398344-26-007005,23-APR-2026,31-MAR-2026,146128539.0,107
"Intrua Financial, LLC",0001812792,0001812792-26-000008,23-APR-2026,31-MAR-2026,936014292.0,456
"Blackston Financial Advisory Group, LLC",0001910984,0001910984-26-000005,23-APR-2026,31-MAR-2026,159525949.0,106
Stone Summit Wealth LLC,0001908192,0002085853-26-000460,23-APR-2026,31-MAR-2026,359335545.0,142
"QUARRY HILL ADVISORS, LLC",0001965346,0001965346-26-000002,23-APR-2026,31-MAR-2026,243053980.0,51
Integrated Wealth Management,0002113155,0002085853-26-000463,23-APR-2026,31-MAR-2026,87199699.0,95
"Etesian Wealth Advisors, Inc.",0001997586,0002085853-26-000470,23-APR-2026,31-MAR-2026,313422610.0,138
KRM WEALTH MANAGEMENT L.L.C.,0002126518,0002126518-26-000003,23-APR-2026,31-MAR-2026,191948292.0,43
Kagan Cocozza Asset Management,0002064489,0002063364-26-000118,23-APR-2026,31-MAR-2026,142116269.0,69
"AJ Advisors, LLC",0001951167,0001951167-26-000003,23-APR-2026,31-MAR-2026,269546005.0,33
"MN Wealth Advisors, LLC",0001992972,0001992972-26-000002,23-APR-2026,31-MAR-2026,205446328.0,122
"McElhenny Sheffield Capital Management, LLC",0001886813,0001754960-26-000308,23-APR-2026,31-MAR-2026,403381834.0,95
Gemmer Asset Management LLC,0001607825,0001420506-26-000710,23-APR-2026,31-MAR-2026,1265354926.0,172
iA Global Asset Management Inc.,0001969566,0001493152-26-018666,23-APR-2026,31-MAR-2026,7058427.0,396
Bank of Italy,0001426449,0001426449-26-000004,23-APR-2026,31-MAR-2026,2212824.0,8
"Mid-American Wealth Advisory Group, Inc.",0001911264,0001911264-26-000002,23-APR-2026,31-MAR-2026,236707933.0,55
MANCHESTER FINANCIAL INC,0000866590,0001172661-26-001531,23-APR-2026,31-MAR-2026,520906859.0,136
"WMG Financial Advisors, LLC",0001906711,0002085853-26-000472,23-APR-2026,31-MAR-2026,239728150.0,100
"Summit Investment Advisory Services, LLC",0001914395,0001951757-26-000713,23-APR-2026,31-MAR-2026,269190002.0,81
"VISTA INVESTMENT PARTNERS II, LLC",0002035219,0002035219-26-000002,23-APR-2026,31-MAR-2026,222789250.0,157
First Pacific Financial,0001810089,0001810089-26-000002,23-APR-2026,31-MAR-2026,776525396.0,663
"Orca Investment Management, LLC",0001511229,0001104659-26-047339,23-APR-2026,31-MAR-2026,117588819.0,57
"Exeter Financial, LLC",0001752045,0001752045-26-000002,23-APR-2026,31-MAR-2026,244876454.0,98
TICINO WEALTH,0002105416,0002105416-26-000002,23-APR-2026,31-MAR-2026,287685520.0,138
PEREGRINE CAPITAL MANAGEMENT LLC,0000764529,0000764529-26-000003,23-APR-2026,31-MAR-2026,2695592570.0,290
"Rector, Church-Wardens & Vestrymen of Trinity Church in the City of New-York",0001729522,0001193125-26-172251,23-APR-2026,31-MAR-2026,431347522.0,2
PPSC Investment Service Corp,0001964389,0001964389-26-000002,23-APR-2026,31-MAR-2026,1267884696.0,8
"Davidson Kahn Capital Management, LLC",0002055535,0001754960-26-000310,23-APR-2026,31-MAR-2026,187583924.0,62
"J.W. COLE ADVISORS, INC.",0001404763,0001404763-26-000003,23-APR-2026,31-MAR-2026,2961458816.0,785
"ICG Advisors, LLC",0002089727,0001754960-26-000312,23-APR-2026,31-MAR-2026,25596169.0,4
SPINNAKER TRUST,0001158970,0001158970-26-000002,23-APR-2026,31-MAR-2026,1807032011.0,285
COLUMBIA ADVISORY PARTNERS LLC,0001808179,0001808179-26-000004,23-APR-2026,31-MAR-2026,156654312.0,92
"Oregon Pacific Wealth Management, LLC",0002043757,0002085853-26-000466,23-APR-2026,31-MAR-2026,95849214.0,105
"Merrion Investment Management Co, LLC",0001383782,0001172661-26-001525,23-APR-2026,31-MAR-2026,186070600.0,109
"Caliber Wealth Management, LLC / KS",0002067120,0002067120-26-000005,23-APR-2026,31-MAR-2026,913909760.0,270
"FOUNDERS CAPITAL MANAGEMENT, LLC",0001585828,0001172661-26-001529,23-APR-2026,31-MAR-2026,608355589.0,74
"KOM Wealth Management Group, LLC",0001804116,0001804116-26-000002,23-APR-2026,31-MAR-2026,146668076.0,89
"Graver Capital Management, LLC",0002056589,0001951757-26-000722,23-APR-2026,31-MAR-2026,131629320.0,25
Fairway Wealth LLC,0002019393,0002019393-26-000002,23-APR-2026,31-MAR-2026,378941507.0,192
Broad Peak Investment Advisers Pte Ltd,0001547349,0001547349-26-000005,23-APR-2026,31-MAR-2026,492726735.0,23
"Three Magnolias Financial Advisors, LLC",0002056795,0002056795-26-000002,23-APR-2026,31-MAR-2026,157147163.0,103
"HARBOR INVESTMENT ADVISORY, LLC",0001468792,0001468792-26-000005,23-APR-2026,31-MAR-2026,1268510676.0,1227
"St. Clair Advisors, LLC",0002056292,0002056292-26-000002,23-APR-2026,31-MAR-2026,375847208.0,82
PERKINS CAPITAL MANAGEMENT INC,0000884300,0000884300-26-000002,23-APR-2026,31-MAR-2026,106699166.0,86
Lansforsakringar Fondforvaltning AB (publ),0002059323,0002059323-26-000005,23-APR-2026,31-MAR-2026,19120467385.0,554
"Mayflower Financial Advisors, LLC",0001852930,0001951757-26-000724,23-APR-2026,31-MAR-2026,822778247.0,442
Unify Financial Advisors,0002126814,0001420506-26-000717,23-APR-2026,31-MAR-2026,96386976.0,89
"Clear Creek Financial Management, LLC",0001784235,0001784235-26-000003,23-APR-2026,31-MAR-2026,1304822374.0,608
"Capital Investment Counsel, LLC",0002033609,0002033609-26-000003,23-APR-2026,31-MAR-2026,729805864.0,143
Aegis Wealth Management LLC,0001628818,0001628818-26-000003,23-APR-2026,31-MAR-2026,174850492.0,118
"McBroom & Associates, LLC",0001908893,0001754960-26-000309,23-APR-2026,31-MAR-2026,179541681.0,36
MEMBERS WEALTH LLC,0002059574,0001951757-26-000720,23-APR-2026,31-MAR-2026,167387110.0,113
Oak Harvest Investment Services,0001839430,0001839430-26-000004,23-APR-2026,31-MAR-2026,958025120.0,176
Analyst IMS Investment Management Services Ltd.,0001634208,0001178913-26-002187,23-APR-2026,31-MAR-2026,3301205.0,144
"PEAVINE CAPITAL, LLC",0001594540,0001594540-26-000003,23-APR-2026,31-MAR-2026,446093843.0,9
Laurel Wealth Planning LLC,0001842010,0002063364-26-000114,23-APR-2026,31-MAR-2026,189574243.0,59
BXM Wealth LLC,0002052379,0002085853-26-000469,23-APR-2026,31-MAR-2026,129909512.0,131
Ellenbecker Investment Group,0001731497,0001731497-26-000002,23-APR-2026,31-MAR-2026,742892860.0,134
Catalyst Investment Management LLC,0002055584,0001951757-26-000712,23-APR-2026,31-MAR-2026,90229175.0,65
"Sawyer & Company, Inc",0001722436,0001722436-26-000002,23-APR-2026,31-MAR-2026,259684715.0,197
"Private Wealth Group, LLC",0001512780,0001420506-26-000712,23-APR-2026,31-MAR-2026,214453787.0,71
Sterling Wealth Advisors Inc,0001943937,0001943937-26-000003,23-APR-2026,31-MAR-2026,175362166.0,20
FARMERS & MERCHANTS INVESTMENTS INC,0001259969,0001140361-26-016276,23-APR-2026,31-MAR-2026,3624015465.0,1760
"HFG Wealth Management, LLC",0002027836,0001214659-26-004981,23-APR-2026,31-MAR-2026,181720048.0,50
"Dupree Financial Group, LLC",0001989251,0002085853-26-000464,23-APR-2026,31-MAR-2026,248459501.0,71
MQS Management LLC,0001759395,0001420506-26-000721,23-APR-2026,31-MAR-2026,147965493.0,366
Castellan Group,0001832521,0001832521-26-000002,23-APR-2026,31-MAR-2026,722568836.0,34
Next Level Private LLC,0001910366,0001951757-26-000708,23-APR-2026,31-MAR-2026,442710099.0,175
PayPay Securities Corp,0001908623,0001908623-26-000002,23-APR-2026,31-MAR-2026,2887741.0,301
VIEWPOINT INVESTMENT PARTNERS CORP,0001767457,0000897069-26-000940,23-APR-2026,31-MAR-2026,215923593.0,97
"Family Capital Management, Inc.",0001964344,0001964344-26-000002,23-APR-2026,31-MAR-2026,224889190.0,104
"Bigelow Investment Advisors, LLC",0001729516,0002085853-26-000468,23-APR-2026,31-MAR-2026,249797953.0,153
"Foundry Financial Group, Inc.",0002007960,0002007960-26-000002,23-APR-2026,31-MAR-2026,201554562.0,70
MAD RIVER INVESTORS,0001384484,0001384484-26-000004,23-APR-2026,31-MAR-2026,277173813.0,31
O'Connor Financial Group LLC,0001973783,0001973783-26-000006,23-APR-2026,31-MAR-2026,244399508.0,58
KG Capital Management,0001771687,0001771687-26-000004,23-APR-2026,31-MAR-2026,139466516.0,123
"Forum Financial Management, LP",0001911832,0001911832-26-000004,23-APR-2026,31-MAR-2026,7067771554.0,331
DORVAL Corp,0001999144,0001999144-26-000002,23-APR-2026,31-MAR-2026,322301751.0,45
waypoint wealth counsel,0001807909,0001807909-26-000002,23-APR-2026,31-MAR-2026,193386482.0,229
Abundance Wealth Counselors,0001767080,0001767080-26-000003,23-APR-2026,31-MAR-2026,697011585.0,243
NJ State Employees Deferred Compensation Plan,0001483259,0001483259-26-000004,23-APR-2026,31-MAR-2026,0.0,1
"Capital Management Associates, Inc",0002008851,0002008851-26-000002,23-APR-2026,31-MAR-2026,442296714.0,151
"SageGuard Financial Group, LLC",0001861378,0002085853-26-000465,23-APR-2026,31-MAR-2026,646253841.0,196
"Willis Johnson & Associates, Inc.",0001853239,0001853239-26-000003,23-APR-2026,31-MAR-2026,1714747560.0,190
"Game Plan Financial Advisors, LLC",0001802952,0001802952-26-000002,23-APR-2026,31-MAR-2026,222225324.0,348
"Pathway Financial Advisers, LLC",0002024152,0002024152-26-000002,23-APR-2026,31-MAR-2026,353604631.0,164
"Accurate Wealth Management, LLC",0001877728,0001754960-26-000311,23-APR-2026,31-MAR-2026,830948423.0,533
"Global Trust Asset Management, LLC",0001729672,0001398344-26-006956,23-APR-2026,31-MAR-2026,261519077.0,458
"Noble Family Wealth, LLC",0001976065,0001420506-26-000714,23-APR-2026,31-MAR-2026,484418690.0,76
"SFG Wealth Management, LLC.",0001908914,0001908914-26-000003,23-APR-2026,31-MAR-2026,242897601.0,100
"Investment Planning Advisors, Inc.",0002024049,0002024049-26-000002,23-APR-2026,31-MAR-2026,363196162.0,107
"WealthPoint Financial, LLC",0002040860,0002040860-26-000002,23-APR-2026,31-MAR-2026,114938729.0,117
SUMMIT WEALTH GROUP LLC / CO,0002081278,0002081278-26-000003,23-APR-2026,31-MAR-2026,950359983.0,339
Sinvest Investments II Ltd.,0002096569,0000950157-26-000539,23-APR-2026,31-MAR-2026,285768000.0,1
"Barry Investment Advisors, LLC",0001631639,0002085853-26-000467,23-APR-2026,31-MAR-2026,453607382.0,99
"HOWARD BAILEY SECURITIES, LLC",0002043986,0002043986-26-000005,23-APR-2026,31-MAR-2026,243195290.0,122
WEST BANCORPORATION INC,0001166928,0001166928-26-000026,23-APR-2026,31-MAR-2026,200427504.0,98
"Greenhouse Wealth Management, LLC",0001843566,0001951757-26-000710,23-APR-2026,31-MAR-2026,161703485.0,57
"Joel Isaacson & Co., LLC",0001599330,0001599330-26-000002,23-APR-2026,31-MAR-2026,3016072559.0,452
"Essential Planning, LLC.",0001949824,0001949824-26-000002,23-APR-2026,31-MAR-2026,314506859.0,85
"Walleye Partners, LLC",0002068376,0002068376-26-000002,23-APR-2026,31-MAR-2026,81425463.0,54
BENDER ROBERT & ASSOCIATES,0000894300,0000894300-26-000002,23-APR-2026,31-MAR-2026,416893878.0,45
Wheelhouse Advisory Group LLC,0001998946,0001998946-26-000002,23-APR-2026,31-MAR-2026,301776439.0,51
"Financial Guidance Group, Inc.",0001929349,0001929349-26-000004,23-APR-2026,31-MAR-2026,248823307.0,89
"SC&H Financial Advisors, Inc.",0001907898,0001907898-26-000002,23-APR-2026,31-MAR-2026,663226997.0,155
"Capital Investment Management, Inc.",0002124549,0002085853-26-000461,23-APR-2026,31-MAR-2026,291166029.0,125
COURIER CAPITAL LLC,0001015247,0001420506-26-000719,23-APR-2026,31-MAR-2026,1788988042.0,385
"Samalin Investment Counsel, LLC",0001544366,0002085853-26-000457,23-APR-2026,31-MAR-2026,282023097.0,319
"EWA, LLC",0001835252,0001835252-26-000002,23-APR-2026,31-MAR-2026,440935785.0,281
CANTOR FITZGERALD INVESTMENT ADVISORS L.P.,0001710477,0001710477-26-000002,23-APR-2026,31-MAR-2026,1356028864.0,178
"Pine Brook Road Advisors, L.P.",0001630691,0000905148-26-001810,23-APR-2026,31-MAR-2026,137781590.0,1
"Omnitrust Wealth Management, Inc",0002108483,0002108483-26-000002,23-APR-2026,31-MAR-2026,77216962.0,64
Mattern Wealth Management LLC,0001802376,0001725547-26-000157,23-APR-2026,31-MAR-2026,512875641.0,158
"OakTrust Wealth Advisors, LLC",0002113908,0001951757-26-000717,23-APR-2026,31-MAR-2026,109846190.0,68
WEBER CAPITAL MANAGEMENT LLC /ADV,0001099905,0001941040-26-000251,23-APR-2026,31-MAR-2026,100108662.0,14
"SimpliFi, Inc.",0001716983,0001716983-26-000002,23-APR-2026,31-MAR-2026,238176131.0,43
"Scissortail Wealth Management, LLC",0001906793,0001906793-26-000002,23-APR-2026,31-MAR-2026,497622524.0,115
Glass Jacobson Investment Advisors llc,0001964394,0001964394-26-000002,23-APR-2026,31-MAR-2026,289968137.0,607
"Legacy Wealth Management, LLC",0001488921,0001488921-26-000002,23-APR-2026,31-MAR-2026,1714679246.0,30
"Avise Financial Cooperative, Inc.",0002013342,0002013342-26-000004,23-APR-2026,31-MAR-2026,120862269.0,102
Moss Adams Wealth Advisors LLC,0001661245,0001661245-26-000002,23-APR-2026,31-MAR-2026,1367255639.0,270
"RBA Wealth Management, LLC",0001776296,0001776296-26-000002,23-APR-2026,31-MAR-2026,277652309.0,92
Silver Coast Investments LLC,0002012033,0002012033-26-000002,23-APR-2026,31-MAR-2026,313355439.0,119
"TBH Global Asset Management, LLC",0001787125,0001787125-26-000002,23-APR-2026,31-MAR-2026,496526667.0,245
Lakewood Asset Management LLC,0001966581,0001754960-26-000307,23-APR-2026,31-MAR-2026,156430825.0,107
North Star Investment Management Corp.,0001342857,0001062993-26-002110,23-APR-2026,31-MAR-2026,1650452274.0,1700
"TFC Financial Management, Inc.",0001827844,0001398344-26-006946,23-APR-2026,31-MAR-2026,811635068.0,998
WENDELL DAVID ASSOCIATES INC,0000878228,0000878228-26-000005,23-APR-2026,31-MAR-2026,918894.0,151
"Johnson Wealth Management, LLC",0002110653,0002110653-26-000002,23-APR-2026,31-MAR-2026,207143351.0,49
CAPITAL MANAGEMENT CORP /VA,0001074273,0001420506-26-000715,23-APR-2026,31-MAR-2026,585140394.0,71
DUPONT CAPITAL MANAGEMENT CORP,0001128251,0001140361-26-016278,23-APR-2026,31-MAR-2026,878720379.0,101
"TruNorth Capital Management, LLC",0001639695,0002085853-26-000462,23-APR-2026,31-MAR-2026,521601109.0,114
"Catalina Capital Group, LLC",0002018090,0002085853-26-000471,23-APR-2026,31-MAR-2026,163135204.0,173
"Fortune Financial Group, Inc.",0002106311,0002106311-26-000002,23-APR-2026,31-MAR-2026,111091495.0,84
Eagle Bluffs Wealth Management LLC,0001906547,0001951757-26-000726,24-APR-2026,31-MAR-2026,256672727.0,80
WHI TRUST Co LLC,0002013902,0002013902-26-000006,24-APR-2026,31-MAR-2026,132738958.0,88
"TCFG WEALTH MANAGEMENT, LLC",0001548059,0001754960-26-000319,24-APR-2026,31-MAR-2026,267470940.0,274
"Elevate Capital Advisors, LLC",0001909571,0001909571-26-000002,24-APR-2026,31-MAR-2026,154608836.0,72
"Alexis Investment Partners, LLC",0002054271,0002054271-26-000002,24-APR-2026,31-MAR-2026,145216268.0,35
"Black Swift Group, LLC",0001704212,0001704212-26-000004,24-APR-2026,31-MAR-2026,571051388.0,117
AMERICAN NATIONAL BANK & TRUST,0001272164,0001272164-26-000002,24-APR-2026,31-MAR-2026,1047506749.0,615
BRIDGE GENERATIONS WEALTH MANAGEMENT LLC,0002056071,0001941040-26-000258,24-APR-2026,31-MAR-2026,174435551.0,32
Retirement Systems of Alabama,0001593051,0001140361-26-016605,24-APR-2026,31-MAR-2026,29977848227.0,947
HERITAGE OAK WEALTH ADVISORS LLC,0002035533,0002035533-26-000002,24-APR-2026,31-MAR-2026,314660044.0,73
"JAMES INVESTMENT RESEARCH, INC.",0000810384,0000810384-26-000003,24-APR-2026,31-MAR-2026,891239094.0,359
"Sumitomo Mitsui DS Asset Management Company, Ltd",0001411530,0001193125-26-174894,24-APR-2026,31-MAR-2026,12363691567.0,770
AUCTUS ADVISORS LLC,0002042516,0002042516-26-000003,24-APR-2026,31-MAR-2026,105405152.0,29
"Medallion Wealth Advisors, LLC",0002131139,0001420506-26-000742,24-APR-2026,31-MAR-2026,306253079.0,1121
"Fortitude Financial, LLC",0002066105,0002085853-26-000482,24-APR-2026,31-MAR-2026,188981174.0,39
"Conestoga Capital Advisors, LLC",0001163744,0001163744-26-000019,24-APR-2026,31-MAR-2026,5007661991.0,114
CAPSTONE CAPITAL LLC,0001993327,0001214659-26-005020,24-APR-2026,31-MAR-2026,155259743.0,22
"Stegent Equity Advisors, Inc.",0001908976,0001908976-26-000002,24-APR-2026,31-MAR-2026,117347950.0,101
Lindsell Train Ltd,0001484150,0001172661-26-001535,24-APR-2026,31-MAR-2026,3136812519.0,27
"Axis Wealth Partners, LLC",0002052531,0002063364-26-000120,24-APR-2026,31-MAR-2026,188086059.0,174
Harrison Street Private Wealth LLC,0001542826,0001542826-26-000004,24-APR-2026,31-MAR-2026,75532738.0,21
"Jones Kertz & Associates, Inc.",0002104438,0002085853-26-000479,24-APR-2026,31-MAR-2026,188341537.0,66
SCHOOL EMPLOYEES RETIREMENT BOARD OF OHIO,0000315024,0000315024-26-000002,24-APR-2026,31-MAR-2026,245282645.0,6
"Canton Hathaway, LLC",0001755785,0001755785-26-000004,24-APR-2026,31-MAR-2026,495649619.0,268
Ninety One SA (Pty) Ltd,0001491998,0001140361-26-016513,24-APR-2026,31-MAR-2026,2326804998.0,96
"Greater Midwest Financial Group, LLC",0002025409,0002025409-26-000002,24-APR-2026,31-MAR-2026,186132412.0,65
"BAYSHORE ASSET MANAGEMENT, LLC",0001906790,0001725547-26-000161,24-APR-2026,31-MAR-2026,251214841.0,40
Eagle Bay Advisors LLC,0001862864,0001862864-26-000004,24-APR-2026,31-MAR-2026,113331785.0,127
REXFORD CAPITAL INC,0002081847,0002081847-26-000002,24-APR-2026,31-MAR-2026,140014380.0,315
Marathon Asset Management Ltd,0001861026,0001861026-26-000007,24-APR-2026,31-MAR-2026,2607664166.0,74
Key Financial Inc,0001801720,0001420506-26-000728,24-APR-2026,31-MAR-2026,561793057.0,1394
4Thought Financial Group Inc.,0001840261,0001213900-26-047485,24-APR-2026,31-MAR-2026,202218843.0,99
TT International Asset Management LTD,0001809187,0001809187-26-000004,24-APR-2026,31-MAR-2026,916007004.0,48
"Mann Financial Group, Inc.",0002093991,0002093991-26-000003,24-APR-2026,31-MAR-2026,106208280.0,31
"Bull Street Advisors, LLC",0001790837,0001790837-26-000002,24-APR-2026,31-MAR-2026,201928.0,94
KEYBANK NATIONAL ASSOCIATION/OH,0001089877,0001089877-26-000022,24-APR-2026,31-MAR-2026,27380094110.0,1235
"ERn Financial, LLC",0001768302,0001768302-26-000003,24-APR-2026,31-MAR-2026,531782419.0,150
"Stokes Capital Advisors, LLC",0001734460,0001734460-26-000003,24-APR-2026,31-MAR-2026,446010239.0,104
BAYBAN,0002110649,0001140361-26-016595,24-APR-2026,31-MAR-2026,115017322.0,671
"Chicago Capital, LLC",0001740053,0002085853-26-000485,24-APR-2026,31-MAR-2026,3708633081.0,352
Kendall Capital Management,0001731372,0001731372-26-000002,24-APR-2026,31-MAR-2026,487951656.0,231
"Midwest Capital Advisors, LLC",0002026480,0000905729-26-000086,24-APR-2026,31-MAR-2026,213997546.0,199
"hemming& Wealth Management, Inc.",0001782624,0001951757-26-000729,24-APR-2026,31-MAR-2026,143227476.0,15
ENZI WEALTH,0001887441,0001887441-26-000005,24-APR-2026,31-MAR-2026,288043965.0,70
"Vest Financial, LLC",0001709632,0001709632-26-000004,24-APR-2026,31-MAR-2026,8325751758.0,414
Balentine LLC,0001586678,0001398344-26-007159,24-APR-2026,31-MAR-2026,2482724859.0,219
"Michels Family Financial, LLC",0002053733,0001214659-26-005035,24-APR-2026,31-MAR-2026,138649159.0,139
ACORN FINANCIAL ADVISORY SERVICES INC /ADV,0001018561,0002085853-26-000489,24-APR-2026,31-MAR-2026,729823615.0,215
"Essex Financial Services, Inc.",0001315785,0001951757-26-000732,24-APR-2026,31-MAR-2026,1782458754.0,794
CRUX WEALTH ADVISORS,0002054270,0002054270-26-000003,24-APR-2026,31-MAR-2026,260244420.0,179
FLOYD FINANCIAL GROUP LLC,0002007613,0002007613-26-000003,24-APR-2026,31-MAR-2026,149991591.0,68
Northwest Financial Advisors,0002010635,0002085853-26-000498,24-APR-2026,31-MAR-2026,51818590.0,66
Atlas Private Wealth Advisors,0001814234,0001814234-26-000003,24-APR-2026,31-MAR-2026,424756433.0,132
DELTEC ASSET MANAGEMENT LLC,0001269950,0000919574-26-002400,24-APR-2026,31-MAR-2026,545373687.0,235
LB Partners LLC,0002007877,0001398344-26-007181,24-APR-2026,31-MAR-2026,111544207.0,37
"TKG Advisors, LLC",0001843275,0001843275-26-000002,24-APR-2026,31-MAR-2026,241885981.0,89
"Goldstone Financial Group, LLC",0002040021,0002040021-26-000002,24-APR-2026,31-MAR-2026,922066035.0,225
"NavPoint Financial, Inc.",0002009813,0002085853-26-000497,24-APR-2026,31-MAR-2026,247303494.0,71
Randolph Co Inc,0001475150,0002085853-26-000499,24-APR-2026,31-MAR-2026,1046894497.0,43
"Lubar & Co., Inc",0001473033,0001140361-26-016498,24-APR-2026,31-MAR-2026,119036365.0,3
"Family Investment Center, Inc.",0001897700,0002085853-26-000488,24-APR-2026,31-MAR-2026,519609281.0,91
PEOPLES BANK /OH,0000934866,0000934866-26-000004,24-APR-2026,31-MAR-2026,162922195.0,101
"Berkeley, Inc",0002051965,0002051965-26-000002,24-APR-2026,31-MAR-2026,298055575.0,81
"Patten Group, Inc.",0001633207,0001633207-26-000002,24-APR-2026,31-MAR-2026,575276877.0,296
Alken Asset Management Ltd,0001629996,0001629996-26-000002,24-APR-2026,31-MAR-2026,55510.0,35
Attestor Capital Ltd,0001830731,0000947871-26-000465,24-APR-2026,31-MAR-2026,379536214.0,8
"Abacus Wealth Partners, LLC",0001978011,0001765380-26-000123,24-APR-2026,31-MAR-2026,1095303161.0,504
"Petros Family Wealth, LLC",0002004963,0002004963-26-000002,24-APR-2026,31-MAR-2026,140305781.0,131
Canaan Partners XI LLC,0001850694,0001193125-26-177282,24-APR-2026,31-MAR-2026,76067385.0,3
FRG Family Wealth Advisors LLC,0001893327,0001893327-26-000002,24-APR-2026,31-MAR-2026,610217005.0,154
"ProCore Advisors, LLC",0002085963,0001754960-26-000320,24-APR-2026,31-MAR-2026,65207835.0,73
DEPRINCE RACE & ZOLLO INC,0001008894,0001172661-26-001532,24-APR-2026,31-MAR-2026,5293762789.0,184
"YOUSIF CAPITAL MANAGEMENT, LLC",0001858789,0001858789-26-000003,24-APR-2026,31-MAR-2026,8517994531.0,1858
EJMK Ventures LLC,0002113915,0001951757-26-000733,24-APR-2026,31-MAR-2026,179022027.0,167
FORONJY FINANCIAL LLC,0002040600,0002085853-26-000483,24-APR-2026,31-MAR-2026,240559400.0,97
"Palouse Capital Management, Inc.",0001056516,0001056516-26-000002,24-APR-2026,31-MAR-2026,151238367.0,135
Phraction Management LLC,0001907803,0002085853-26-000477,24-APR-2026,31-MAR-2026,385326398.0,64
"Fulton Bank, N.A.",0000883782,0001193125-26-176750,24-APR-2026,31-MAR-2026,2837027494.0,656
MILFAM LLC,0001728825,0001213900-26-047305,24-APR-2026,31-MAR-2026,99326356.0,7
"Peregrine Asset Advisers, Inc.",0001535227,0001941040-26-000260,24-APR-2026,31-MAR-2026,371315175.0,189
"ELCO Management Co., LLC",0001690717,0002085853-26-000480,24-APR-2026,31-MAR-2026,208412247.0,170
"Emerald Advisors, LLC",0001802611,0001802611-26-000002,24-APR-2026,31-MAR-2026,805323522.0,117
"BARNES PETTEY FINANCIAL ADVISORS, LLC",0001908288,0001765380-26-000124,24-APR-2026,31-MAR-2026,229446679.0,156
"MITCHELL & PAHL PRIVATE WEALTH, LLC",0001836506,0001836506-26-000002,24-APR-2026,31-MAR-2026,246297914.0,145
rebel Financial LLC,0002077940,0002077940-26-000002,24-APR-2026,31-MAR-2026,230613076.0,65
"Alley Investment Management Company, LLC",0001917618,0001917618-26-000002,24-APR-2026,31-MAR-2026,821031552.0,85
United Community Bank,0002000314,0001104659-26-048238,24-APR-2026,31-MAR-2026,299924294.0,565
Ninety One UK Ltd,0001418329,0001140361-26-016512,24-APR-2026,31-MAR-2026,43125073401.0,237
"Argent Advisors, Inc.",0001426851,0001426851-26-000005,24-APR-2026,31-MAR-2026,366202984.0,173
"Flagship Private Wealth, LLC",0001842560,0002085853-26-000487,24-APR-2026,31-MAR-2026,246312100.0,107
USS Investment Management Ltd,0001587381,0000919574-26-002394,24-APR-2026,31-MAR-2026,25565758108.0,512
"Slow Capital, Inc.",0001716984,0001716984-26-000004,24-APR-2026,31-MAR-2026,769998451.0,104
"Williams Financial, LLC",0001846923,0001214659-26-005070,24-APR-2026,31-MAR-2026,171791479.0,25
"OAKWORTH CAPITAL, INC.",0001588871,0001140361-26-016601,24-APR-2026,31-MAR-2026,1888701701.0,859
Jacobsen Capital Management,0001782491,0001782491-26-000002,24-APR-2026,31-MAR-2026,296123716.0,124
"Walker Asset Management, LLC",0001923053,0001214659-26-005033,24-APR-2026,31-MAR-2026,184925671.0,145
"Saxony Capital Management, LLC",0001561330,0001561330-26-000003,24-APR-2026,31-MAR-2026,172336754.0,161
CHELSEA COUNSEL CO,0001276755,0001420506-26-000726,24-APR-2026,31-MAR-2026,232837247.0,238
"Cannon Advisors, Inc.",0001805370,0001805370-26-000002,24-APR-2026,31-MAR-2026,134867842.0,87
"Interchange Capital Partners, LLC",0001845998,0001845998-26-000003,24-APR-2026,31-MAR-2026,316413447.0,279
Narwhal Capital Management,0001461287,0001461287-26-000002,24-APR-2026,31-MAR-2026,1355361418.0,168
"Lynch Asset Management, Inc.",0001906719,0001906719-26-000005,24-APR-2026,31-MAR-2026,298194854.0,51
"GPM Growth Investors, Inc.",0001799367,0001799367-26-000002,24-APR-2026,31-MAR-2026,237823308.0,41
"WOODWARD DIVERSIFIED CAPITAL, LLC",0001846177,0001846177-26-000002,24-APR-2026,31-MAR-2026,219688978.0,179
Equinox Partners Investment Management LLC,0000938552,0000938552-26-000002,24-APR-2026,31-MAR-2026,245400559.0,11
"Franklin, Parlapiano, Turner & Welch, LLC",0001707856,0001707856-26-000002,24-APR-2026,31-MAR-2026,419697145.0,55
"Bishop & Co Investment Management, LLC",0001603276,0001603276-26-000002,24-APR-2026,31-MAR-2026,291517806.0,26
"Crown Oak Advisors, LLC",0002009273,0002009273-26-000002,24-APR-2026,31-MAR-2026,199355941.0,23
"Rosenthal | Henry Capital Advisors, Inc.",0001697539,0001697539-26-000002,24-APR-2026,31-MAR-2026,102212552.0,42
OPPENHEIMER & CO INC,0000822581,0000822581-26-000001,24-APR-2026,31-MAR-2026,8210567779.0,1683
"DeLarme Wealth Management, Inc.",0002070361,0001754960-26-000317,24-APR-2026,31-MAR-2026,155263028.0,63
"CORNERSTONE PARTNERS CAPITAL MANAGEMENT, LLC",0001845620,0001725547-26-000158,24-APR-2026,31-MAR-2026,40276081.0,7
Seek First Inc.,0002060504,0002085853-26-000481,24-APR-2026,31-MAR-2026,141886803.0,58
"Vertrix Wealth Management, LLC",0002118328,0002118328-26-000001,24-APR-2026,31-MAR-2026,271519375.0,95
"Redwood Wealth Management Group, LLC",0001963839,0001963839-26-000004,24-APR-2026,31-MAR-2026,231531919.0,169
Capital Asset Advisory Services LLC,0001666024,0001941040-26-000267,24-APR-2026,31-MAR-2026,2606349735.0,299
STEVENS CAPITAL PARTNERS,0001965176,0001965176-26-000002,24-APR-2026,31-MAR-2026,415884415.0,126
"Reliant Investment Management, LLC",0001517429,0001941040-26-000265,24-APR-2026,31-MAR-2026,207488405.0,53
SMITHBRIDGE ASSET MANAGEMENT INC/DE,0001103245,0002085853-26-000493,24-APR-2026,31-MAR-2026,674196955.0,183
IRIDIAN ASSET MANAGEMENT LLC/CT,0001033427,0001033427-26-000004,24-APR-2026,31-MAR-2026,246697828.0,42
"Legend Financial Advisors, Inc.",0001781948,0001781948-26-000002,24-APR-2026,31-MAR-2026,155121619.0,38
URS Advisory LLC,0002111352,0002111352-26-000002,24-APR-2026,31-MAR-2026,136725593.0,51
HERITAGE INVESTORS MANAGEMENT CORP,0000937589,0000937589-26-000002,24-APR-2026,31-MAR-2026,3294540.0,249
"Blue Capital, Inc.",0002032856,0002032856-26-000006,24-APR-2026,31-MAR-2026,153110485.0,107
"Alaska Permanent Capital Management, LLC",0001426771,0001398344-26-007165,24-APR-2026,31-MAR-2026,1427188858.0,39
SHAH CAPITAL MANAGEMENT,0001383838,0001398344-26-007059,24-APR-2026,31-MAR-2026,521226682.0,11
"Pinion Investment Advisors, LLC",0001738738,0001738738-26-000002,24-APR-2026,31-MAR-2026,428138840.0,180
"Cornerstone Wealth Management, LLC",0001674117,0001674117-26-000002,24-APR-2026,31-MAR-2026,1999068458.0,711
Gilliland Jeter Wealth Management LLC,0002009886,0002009886-26-000002,24-APR-2026,31-MAR-2026,337576018.0,184
Newton One Investments LLC,0001842787,0001842787-26-000003,24-APR-2026,31-MAR-2026,368493399.0,121
WD RUTHERFORD LLC,0001841015,0001841015-26-000002,24-APR-2026,31-MAR-2026,225034399.0,71
Capricorn Fund Managers Ltd,0001901361,0001901361-26-000010,24-APR-2026,31-MAR-2026,641426445.0,114
PZENA INVESTMENT MANAGEMENT LLC,0001027796,0001027796-26-000024,24-APR-2026,31-MAR-2026,30796447662.0,158
"Royal Harbor Partners, LLC",0001801876,0001801876-26-000004,24-APR-2026,31-MAR-2026,295370328.0,51
"Physician Wealth Advisors, Inc.",0001795173,0001795173-26-000003,24-APR-2026,31-MAR-2026,718524639.0,2057
Raiffeisen Bank International AG,0002044885,0002044885-26-000002,24-APR-2026,31-MAR-2026,6948149366.0,628
"LAZARI CAPITAL MANAGEMENT, INC.",0001986389,0001986389-26-000003,24-APR-2026,31-MAR-2026,287453125.0,175
"SECURED RETIREMENT ADVISORS, LLC",0002012356,0002012356-26-000003,24-APR-2026,31-MAR-2026,176690279.0,130
CIBRA Capital Ltd,0002060725,0002060725-26-000004,24-APR-2026,31-MAR-2026,207207070.0,25
Luminist Capital LLC,0001807270,0001807270-26-000002,24-APR-2026,31-MAR-2026,75258722.0,111
Embree Financial Group,0002020860,0002085853-26-000476,24-APR-2026,31-MAR-2026,849063068.0,261
KPP Advisory Services LLC,0001989349,0002085853-26-000495,24-APR-2026,31-MAR-2026,688594733.0,349
"Charter Oak Capital Management, LLC",0001810720,0001810720-26-000004,24-APR-2026,31-MAR-2026,1289683784.0,208
VISION FINANCIAL MARKETS LLC,0001378145,0001378145-26-000007,24-APR-2026,31-MAR-2026,102467438.0,425
"Keystone Global Partners, LLC",0001764057,0001764057-26-000003,24-APR-2026,31-MAR-2026,225305822.0,54
"LETSON INVESTMENT MANAGEMENT, INC.",0002078069,0002078069-26-000002,24-APR-2026,31-MAR-2026,260269667.0,101
"Prosperity Advisers, LLC",0002042930,0002042930-26-000002,24-APR-2026,31-MAR-2026,120331294.0,39
CHICAGO TRUST Co NA,0001601539,0001601539-26-000006,24-APR-2026,31-MAR-2026,625687825.0,380
"Merited Wealth, LLC",0002123943,0001214659-26-005067,24-APR-2026,31-MAR-2026,120604398.0,79
Prospect Financial Services LLC,0002012519,0001951757-26-000734,24-APR-2026,31-MAR-2026,163795852.0,104
"Vision Capital Management, Inc.",0001417889,0001417889-26-000002,24-APR-2026,31-MAR-2026,791865927.0,150
"SummerHaven Investment Management, LLC",0001846436,0001420506-26-000730,24-APR-2026,31-MAR-2026,162883277.0,193
"American Institute for Advanced Investment Management, LLP",0001805824,0001214659-26-005031,24-APR-2026,31-MAR-2026,154324880.0,153
"Alaska Wealth Advisors, LLC",0001731601,0001398344-26-007167,24-APR-2026,31-MAR-2026,832814254.0,85
"TSP Capital Management Group, LLC",0001317208,0001172661-26-001536,24-APR-2026,31-MAR-2026,409835551.0,45
"True Blue Financial, LLC",0002010212,0002010212-26-000005,24-APR-2026,31-MAR-2026,126863176.0,52
"Marquette Asset Management, LLC",0001395067,0001395067-26-000002,24-APR-2026,31-MAR-2026,669098573.0,795
"SYNTAX RESEARCH, INC.",0001999827,0001398344-26-007193,24-APR-2026,31-MAR-2026,157149014.0,174
Advanced Asset Management Advisors Inc,0001075444,0001398344-26-007075,24-APR-2026,31-MAR-2026,362021448.0,79
Boston Trust Walden Corp,0001534866,0001534866-26-000004,24-APR-2026,31-MAR-2026,12161653819.0,388
"SWMG, LLC",0001839255,0001839255-26-000002,24-APR-2026,31-MAR-2026,350180568.0,120
"MAGNOLIA GROUP, LLC",0001618376,0001398344-26-007141,24-APR-2026,31-MAR-2026,537507390.0,12
"Investment Management Trust, LLC",0002131759,0002131759-26-000001,24-APR-2026,31-MAR-2026,102597151.0,81
SOL Capital Management CO,0001339270,0001339270-26-000002,24-APR-2026,31-MAR-2026,206044394.0,52
"Greystone Financial Group, LLC",0001845302,0001845302-26-000006,24-APR-2026,31-MAR-2026,353342874.0,78
Trinity Street Asset Management LLP,0001592579,0001592579-26-000003,24-APR-2026,31-MAR-2026,1458063607.0,22
Mills Wealth Advisors LLC,0002029294,0001214659-26-005040,24-APR-2026,31-MAR-2026,286282696.0,80
Old Peak Finance LLC,0002080991,0002080991-26-000002,24-APR-2026,31-MAR-2026,171248024.0,84
North Growth Management Ltd.,0001745796,0001745796-26-000003,24-APR-2026,31-MAR-2026,653265.0,47
Petersen Hastings Wealth Advisors Inc.,0002109614,0002109614-26-000002,24-APR-2026,31-MAR-2026,1091613545.0,81
"TSG Advice Partners, LLC",0002111347,0002085853-26-000496,24-APR-2026,31-MAR-2026,667385606.0,135
Able Wealth Management LLC,0002011908,0002085853-26-000500,24-APR-2026,31-MAR-2026,374033871.0,138
"Muzinich & Co., Inc.",0001618824,0001618824-26-000004,24-APR-2026,31-MAR-2026,285895993.0,38
"Squire Investment Management Company, LLC",0002031291,0001725547-26-000162,24-APR-2026,31-MAR-2026,359772423.0,76
STRS OHIO,0000820478,0000820478-26-000008,24-APR-2026,31-MAR-2026,25205573460.0,2118
SEAMOUNT FINANCIAL GROUP INC,0002011267,0002011267-26-000002,24-APR-2026,31-MAR-2026,221855398.0,135
"BELLEVUE ASSET MANAGEMENT, LLC",0001801619,0001801619-26-000002,24-APR-2026,31-MAR-2026,199843212.0,369
LEDERER & ASSOCIATES INVESTMENT COUNSEL/CA,0001089707,0001089707-26-000002,24-APR-2026,31-MAR-2026,141186.0,83
"VERUS WEALTH MANAGEMENT, LLC",0002042938,0002042938-26-000002,24-APR-2026,31-MAR-2026,107718071.0,49
"Cassia Capital Partners, LLC",0001844897,0001951757-26-000731,24-APR-2026,31-MAR-2026,194427992.0,67
Essex LLC,0001889147,0001889147-26-000002,24-APR-2026,31-MAR-2026,566463715.0,175
"JCSD Capital, LLC",0001444055,0002085853-26-000474,24-APR-2026,31-MAR-2026,64151122.0,22
IFM Investors Pty Ltd,0001698246,0001398344-26-007049,24-APR-2026,31-MAR-2026,11993130355.0,686
"Greenfield Seitz Capital Management, LLC",0002097528,0001214659-26-005046,24-APR-2026,31-MAR-2026,331555440.0,111
OPPENHEIMER ASSET MANAGEMENT INC.,0001269119,0001085146-26-000369,24-APR-2026,31-MAR-2026,8761531351.0,1113
"Root Financial Partners, LLC",0001977181,0001977181-26-000002,24-APR-2026,31-MAR-2026,2162276675.0,3466
"KEB ASSET MANAGEMENT, LLC",0001903035,0001903035-26-000002,24-APR-2026,31-MAR-2026,521951409.0,97
"Vistica Wealth Advisors, LLC",0002109247,0002109247-26-000002,24-APR-2026,31-MAR-2026,100343862.0,49
ZWJ INVESTMENT COUNSEL INC,0000842782,0001580642-26-002635,24-APR-2026,31-MAR-2026,2773675410.0,241
"Kropog Financial Group, LLC",0002084205,0001951757-26-000727,24-APR-2026,31-MAR-2026,123087043.0,33
NORTH POINT PORTFOLIO MANAGERS CORP/OH,0001105344,0001105344-26-000005,24-APR-2026,31-MAR-2026,561446919.0,76
Financial Life Planners,0002053368,0002053368-26-000002,24-APR-2026,31-MAR-2026,130443971.0,367
"Bestgate Wealth Advisors, LLC",0002055670,0002055670-26-000002,24-APR-2026,31-MAR-2026,55444618.0,45
"Livet Wealth, LLC",0002111409,0002111409-26-000002,24-APR-2026,31-MAR-2026,157302330.0,117
Whelan Financial,0001894921,0001894921-26-000002,24-APR-2026,31-MAR-2026,322108330.0,88
"Severin Investments, LLC",0001763454,0002085853-26-000490,24-APR-2026,31-MAR-2026,116492226.0,171
"Tarbox Family Office, Inc.",0001599603,0001599603-26-000003,24-APR-2026,31-MAR-2026,615760554.0,95
"XXEC, Inc.",0001828822,0001828822-26-000002,24-APR-2026,31-MAR-2026,570579949.0,23
Triasima Portfolio Management inc.,0001938757,0001938757-26-000005,24-APR-2026,31-MAR-2026,661476812.0,137
"TWIN CITY PRIVATE WEALTH, LLC",0002021982,0001398344-26-007184,24-APR-2026,31-MAR-2026,131835248.0,96
STOCK YARDS BANK & TRUST CO,0000741073,0000892303-26-000004,24-APR-2026,31-MAR-2026,3214394072.0,396
"DiPaolo Financial Group, Inc.",0002111462,0002085853-26-000484,24-APR-2026,31-MAR-2026,137398476.0,45
MITCHELL MCLEOD PUGH & WILLIAMS INC,0001632105,0002085853-26-000486,24-APR-2026,31-MAR-2026,677609247.0,283
"Orca Wealth Management, LLC",0002043765,0002085853-26-000478,24-APR-2026,31-MAR-2026,140528511.0,67
"Wagner Wealth Management, LLC",0001728657,0001398344-26-007056,24-APR-2026,31-MAR-2026,495216044.0,279
"Reality Financial Planning Services, LLC",0002110687,0002110687-26-000002,24-APR-2026,31-MAR-2026,103630152.0,20
"PW ADVISORS, LLC \ FL",0002095919,0001951757-26-000730,24-APR-2026,31-MAR-2026,133492602.0,35
"Ninety One North America, Inc.",0001633343,0001140361-26-016511,24-APR-2026,31-MAR-2026,2227588861.0,100
Semus Wealth Partners LLC,0001964775,0001172661-26-001533,24-APR-2026,31-MAR-2026,178967303.0,110
"DB&C Advisors, LLC",0002107377,0002107377-26-000002,24-APR-2026,31-MAR-2026,76955020.0,67
Cyr Financial Inc.,0002010666,0002010666-26-000005,24-APR-2026,31-MAR-2026,169914878.0,58
"BLVD Private Wealth, LLC",0002079537,0002085853-26-000475,24-APR-2026,31-MAR-2026,115068470.0,64
"Cane Capital Partners, LLC",0002086121,0002086121-26-000007,24-APR-2026,31-MAR-2026,226615829.0,121
"BetterWealth, LLC",0001911702,0002085853-26-000492,24-APR-2026,31-MAR-2026,509760915.0,85
Lynx Investment Advisory,0002028812,0002028812-26-000002,24-APR-2026,31-MAR-2026,209243254.0,181
"Clarity Wealth Advisors, LLC",0001767384,0001767384-26-000002,24-APR-2026,31-MAR-2026,485861711.0,107
RIA Advisory Group LLC,0001958384,0002085853-26-000473,24-APR-2026,31-MAR-2026,408786005.0,144
Carmel Capital Management L.L.C.,0001878547,0001754960-26-000318,24-APR-2026,31-MAR-2026,349186057.0,25
RKL Wealth Management LLC,0001604723,0001604723-26-000002,24-APR-2026,31-MAR-2026,1111367385.0,179
"Horizon Wealth Management, LLC",0001815123,0001951757-26-000728,24-APR-2026,31-MAR-2026,682192662.0,137
CFC Planning Co LLC,0001854428,0001854428-26-000003,24-APR-2026,31-MAR-2026,138582008.0,71
"MEANS INVESTMENT CO., INC.",0000701516,0000701516-26-000002,24-APR-2026,31-MAR-2026,1145271292.0,192
Innova Wealth Partners,0001888831,0001888831-26-000002,24-APR-2026,31-MAR-2026,210319816.0,157
Wealth Care LLC,0002120450,0002085853-26-000491,24-APR-2026,31-MAR-2026,112574482.0,67
"PARTNERS WEALTH MANAGEMENT, LLC",0002054714,0001214659-26-005027,24-APR-2026,31-MAR-2026,97046240.0,109
Sage Investment Counsel LLC,0002055178,0002055178-26-000002,24-APR-2026,31-MAR-2026,90144327.0,127
Trust Investment Advisors,0001597690,0001597690-26-000003,24-APR-2026,31-MAR-2026,170931235.0,89
Center for Wealth Management Advisory,0002121390,0002085853-26-000494,24-APR-2026,31-MAR-2026,138866139.0,62
Ledyard National Bank,0001310658,0001310658-26-000002,24-APR-2026,31-MAR-2026,1153570784.0,236
"Trademark Financial Management, LLC",0002011736,0002085853-26-000503,27-APR-2026,31-MAR-2026,204142961.0,102
"FSM Wealth Advisors, LLC",0001942548,0001942548-26-000002,27-APR-2026,31-MAR-2026,778191357.0,316
Consolidated Portfolio Review Corp,0001972835,0001754960-26-000333,27-APR-2026,31-MAR-2026,1095649184.0,34
"RIVER'S EDGE WEALTH MANAGEMENT, LLC",0002109861,0002109861-26-000003,27-APR-2026,31-MAR-2026,106542245.0,46
Appalachian Capital Management Ltd,0002111450,0002085853-26-000508,27-APR-2026,31-MAR-2026,124931644.0,45
Flagstone Financial Management,0001968890,0001754960-26-000338,27-APR-2026,31-MAR-2026,402855240.0,71
EVOLUTION WEALTH MANAGEMENT INC.,0002010029,0002010029-26-000003,27-APR-2026,31-MAR-2026,136794577.0,852
Apeiron RIA LLC,0001801846,0002085853-26-000511,27-APR-2026,31-MAR-2026,431446237.0,204
"AMG Asset Management Group, Inc.",0002113282,0002113282-26-000002,27-APR-2026,31-MAR-2026,128833449.0,80
CUMBERLAND ADVISORS INC,0001255435,0001420506-26-000753,27-APR-2026,31-MAR-2026,255498909.0,48
BONNESS ENTERPRISES INC,0001105471,0001420506-26-000747,27-APR-2026,31-MAR-2026,273179637.0,39
Liberty Atlantic Advisors LLC,0002101909,0001754960-26-000327,27-APR-2026,31-MAR-2026,116990348.0,73
"Tanglewood Legacy Advisors, LLC",0001965616,0001965616-26-000002,27-APR-2026,31-MAR-2026,276450354.0,269
ALBION FINANCIAL GROUP /UT,0001054677,0001054677-26-000003,27-APR-2026,31-MAR-2026,1549807218.0,737
"Thrive Capital Management, LLC",0001845943,0001845943-26-000002,27-APR-2026,31-MAR-2026,456284244.0,169
"SIERRA OCEAN, LLC",0002051715,0002051715-26-000002,27-APR-2026,31-MAR-2026,121824338.0,60
FORTE ASSET MANAGEMENT LLC,0001927129,0001927129-26-000002,27-APR-2026,31-MAR-2026,227858865.0,76
"Allied Investment Advisors, LLC",0001729869,0001729869-26-000003,27-APR-2026,31-MAR-2026,697406189.0,100
"Ulland Investment Advisors, LLC",0001911497,0001911497-26-000002,27-APR-2026,31-MAR-2026,116603.0,213
Prevatt Capital Ltd,0002009520,0002009520-26-000003,27-APR-2026,31-MAR-2026,371058578.0,11
"Carter Financial Group, INC.",0001919749,0001104659-26-049334,27-APR-2026,31-MAR-2026,161665299.0,126
GREENLEAF TRUST,0001162170,0001162170-26-000005,27-APR-2026,31-MAR-2026,10178086872.0,804
"Independent Solutions Wealth Management, LLC",0001818391,0001818391-26-000002,27-APR-2026,31-MAR-2026,679126772.0,185
"Canal Capital Management, LLC",0001666733,0001420506-26-000759,27-APR-2026,31-MAR-2026,738809128.0,207
"LEGACY FINANCIAL GROUP, INC.",0001965579,0001104659-26-049370,27-APR-2026,31-MAR-2026,378432720.0,89
WBH ADVISORY INC,0001259671,0001259671-26-000003,27-APR-2026,31-MAR-2026,1335282331.0,350
NEW YORK STATE TEACHERS RETIREMENT SYSTEM,0000314969,0000314969-26-000005,27-APR-2026,31-MAR-2026,49183489.0,1616
"NorthLanding Financial Partners, LLC",0001655982,0001655982-26-000004,27-APR-2026,31-MAR-2026,124025611.0,41
Platform Technology Partners,0001830817,0001830817-26-000002,27-APR-2026,31-MAR-2026,518442512.0,343
"DSG Capital Advisors, LLC",0002060765,0001951757-26-000735,27-APR-2026,31-MAR-2026,625290832.0,123
"B. Riley Wealth Advisors, Inc.",0001464811,0001464811-26-000006,27-APR-2026,31-MAR-2026,1547355376.0,803
"ELEVATION POINT WEALTH PARTNERS, LLC",0001744349,0001744349-26-000008,27-APR-2026,31-MAR-2026,4205956062.0,1088
"MOR Wealth Management, LLC",0002092389,0002092389-26-000003,27-APR-2026,31-MAR-2026,218006399.0,103
"Sound Income Strategies, LLC",0001730960,0001104659-26-049113,27-APR-2026,31-MAR-2026,2070531388.0,2596
"JAMISON PRIVATE WEALTH MANAGEMENT, INC.",0002006637,0002006637-26-000002,27-APR-2026,31-MAR-2026,822222284.0,214
"Bulltick Wealth Management, LLC",0001912448,0001214659-26-005091,27-APR-2026,31-MAR-2026,452728125.0,137
Brown Financial Advisory,0001843853,0001843853-26-000002,27-APR-2026,31-MAR-2026,201644295.0,49
"WASHINGTON CAPITAL MANAGEMENT, INC",0000928566,0000928566-26-000002,27-APR-2026,31-MAR-2026,118398266.0,102
"BCK Partners, Inc.",0001845867,0002085853-26-000506,27-APR-2026,31-MAR-2026,185216009.0,26
Mosley Wealth Management,0002011849,0002011849-26-000002,27-APR-2026,31-MAR-2026,220872466.0,466
Beacon Financial Advisory LLC,0001800502,0002085853-26-000505,27-APR-2026,31-MAR-2026,442905903.0,402
"MONEYWISE, INC.",0001703080,0001754960-26-000329,27-APR-2026,31-MAR-2026,229008057.0,82
"Symmetry Partners, LLC",0001697493,0001697493-26-000003,27-APR-2026,31-MAR-2026,1750271172.0,209
NIXON PEABODY TRUST CO,0001626757,0001626757-26-000002,27-APR-2026,31-MAR-2026,1258311228.0,161
"Capital Investment Services of America, Inc.",0000811360,0000811360-26-000005,27-APR-2026,31-MAR-2026,957705541.0,80
CITIZENS & NORTHERN CORP,0000810958,0001104659-26-049177,27-APR-2026,31-MAR-2026,400999898.0,119
SIERRA SUMMIT ADVISORS LLC,0002012614,0001104659-26-049351,27-APR-2026,31-MAR-2026,688123724.0,180
Counterpoint Mutual Funds LLC,0001698461,0001172661-26-001540,27-APR-2026,31-MAR-2026,665930921.0,294
Lesa Sroufe & Co,0001492162,0001492162-26-000002,27-APR-2026,31-MAR-2026,146898.0,68
"Fairfield Financial Advisors, LTD",0002033232,0002033232-26-000004,27-APR-2026,31-MAR-2026,290221038.0,72
CAPITAL FINANCIAL GROUP INC\CO\ /ADV,0001061555,0002085853-26-000509,27-APR-2026,31-MAR-2026,182042299.0,106
"Value Investment Professionals, LLC",0002110205,0001754960-26-000336,27-APR-2026,31-MAR-2026,45246455.0,51
"ASAHI LIFE ASSET MANAGEMENT CO., LTD.",0001564835,0001754960-26-000328,27-APR-2026,31-MAR-2026,154716053.0,150
"CWS Financial Advisors, LLC",0001802459,0001104659-26-049318,27-APR-2026,31-MAR-2026,390266581.0,157
"Geremia Financial Services, LLC",0002104898,0002104898-26-000002,27-APR-2026,31-MAR-2026,122776941.0,10
Pachira Investments Inc.,0001563634,0001563634-26-000003,27-APR-2026,31-MAR-2026,214015043.0,72
"COMMONWEALTH EQUITY SERVICES, LLC",0000312272,0000312272-26-000018,27-APR-2026,31-MAR-2026,71592020525.0,4299
New England Capital Financial Advisors LLC,0001964652,0001964652-26-000002,27-APR-2026,31-MAR-2026,365266630.0,425
"HS Management Partners, LLC",0001455253,0001455253-26-000006,27-APR-2026,31-MAR-2026,285794926.0,24
"ACUTE INVESTMENT ADVISORY, LLC",0001944780,0001754960-26-000330,27-APR-2026,31-MAR-2026,8907785.0,18
Board of the Pension Protection Fund,0002041021,0002041021-26-000003,27-APR-2026,31-MAR-2026,108759075.0,156
Ethic Inc.,0001780570,0001780570-26-000004,27-APR-2026,31-MAR-2026,6385258277.0,1235
PLIMOTH TRUST CO LLC,0001623678,0001623678-26-000002,27-APR-2026,31-MAR-2026,447389812.0,173
Fiduciary Planning LLC,0001792851,0001792851-26-000002,27-APR-2026,31-MAR-2026,331100729.0,76
"Tensor Edge Capital, LLC",0002096531,0000904454-26-000242,27-APR-2026,31-MAR-2026,581753878.0,17
HUDSON EDGE INVESTMENT PARTNERS INC.,0000740272,0001140361-26-017020,27-APR-2026,31-MAR-2026,684252313.0,101
"Quantum Private Wealth, LLC",0001929662,0001104659-26-049289,27-APR-2026,31-MAR-2026,323711605.0,165
"Kelman-Lazarov, Inc.",0001672067,0001398344-26-007296,27-APR-2026,31-MAR-2026,697577306.0,140
"Garrett Wealth Advisory Group, LLC",0001729443,0001729443-26-000003,27-APR-2026,31-MAR-2026,562283455.0,133
"Latitude Advisors, LLC",0001843715,0001754960-26-000335,27-APR-2026,31-MAR-2026,218258237.0,213
Schaeffer Financial LLC,0001898838,0001705819-26-000031,27-APR-2026,31-MAR-2026,118809627.0,25
DEROY & DEVEREAUX PRIVATE INVESTMENT COUNSEL INC,0001278678,0001278678-26-000004,27-APR-2026,31-MAR-2026,2085904.0,173
Simplify Asset Management Inc.,0001846368,0001172661-26-001545,27-APR-2026,31-MAR-2026,6486024312.0,142
Meredith Wealth Planning,0001956471,0001956471-26-000002,27-APR-2026,31-MAR-2026,369113917.0,70
"Reynders McVeigh Capital Management, LLC",0001455969,0001455969-26-000002,27-APR-2026,31-MAR-2026,1982095.0,195
LODESTAR PRIVATE ASSET MANAGEMENT LLC,0001963040,0001963040-26-000002,27-APR-2026,31-MAR-2026,1013939276.0,232
PROVIDENT TRUST CO,0001140436,0001140436-26-000004,27-APR-2026,31-MAR-2026,4782705488.0,22
Tennessee Valley Asset Management Partners,0001826790,0001826790-26-000002,27-APR-2026,31-MAR-2026,757051408.0,184
"Arcadia Wealth Management, LLC",0001964226,0002085853-26-000510,27-APR-2026,31-MAR-2026,276351018.0,67
"NVWM, LLC",0001697274,0001697274-26-000002,27-APR-2026,31-MAR-2026,449232958.0,747
"TSFG, LLC",0001800513,0001800513-26-000004,27-APR-2026,31-MAR-2026,659175.0,866
"Smith & Howard Wealth Management, LLC",0001543991,0001398344-26-007266,27-APR-2026,31-MAR-2026,462442100.0,88
RWC Asset Management LLP,0001520478,0001398344-26-007258,27-APR-2026,31-MAR-2026,2399168171.0,163
University of Cambridge Investment Management Ltd,0002103357,0002103357-26-000002,27-APR-2026,31-MAR-2026,108401488.0,1
INVESTORS ASSET MANAGEMENT OF GEORGIA INC /GA/ /ADV,0000867926,0001062993-26-002167,27-APR-2026,31-MAR-2026,244339980.0,182
"Leelyn Smith, LLC",0001777817,0001777817-26-000003,27-APR-2026,31-MAR-2026,713058495.0,154
"DENVER WEALTH MANAGEMENT, INC.",0001909800,0001951757-26-000741,27-APR-2026,31-MAR-2026,290669697.0,100
"Charter Capital Management, LLC\DE",0002076040,0002076040-26-000004,27-APR-2026,31-MAR-2026,199719717.0,70
HUNTER ASSOCIATES INVESTMENT MANAGEMENT LLC,0001380137,0001380137-26-000003,27-APR-2026,31-MAR-2026,755872.0,274
"Dominguez Wealth Management Solutions, Inc.",0001881335,0001881335-26-000002,27-APR-2026,31-MAR-2026,165022327.0,67
"Cresta Advisors, Ltd.",0001947670,0001754960-26-000325,27-APR-2026,31-MAR-2026,244213398.0,53
"PFG Investments, LLC",0001973224,0001754960-26-000334,27-APR-2026,31-MAR-2026,2146499337.0,1191
ATLas Financial Planning LLC,0002110886,0002110886-26-000007,27-APR-2026,31-MAR-2026,111500153.0,69
"Keyes, Stange & Wooten Wealth Management, LLC",0002011352,0001420506-26-000745,27-APR-2026,31-MAR-2026,224057107.0,71
TD PRIVATE CLIENT WEALTH LLC,0001551017,0002052595-26-000059,27-APR-2026,31-MAR-2026,4821838255.0,1649
KEATING INVESTMENT COUNSELORS INC,0001020580,0001020580-26-000004,27-APR-2026,31-MAR-2026,403774734.0,59
Altus Wealth Group LLC,0001842572,0001842572-26-000003,27-APR-2026,31-MAR-2026,244030994.0,143
LBP AM SA,0001970075,0001725547-26-000163,27-APR-2026,31-MAR-2026,7313846698.0,388
"Oxbow Advisors, LLC",0001564770,0002085853-26-000513,27-APR-2026,31-MAR-2026,1176504775.0,245
IRON Financial LLC,0001595509,0001595509-26-000003,27-APR-2026,31-MAR-2026,228836757.0,145
"ARRIEN INVESTMENTS, INC.",0002052048,0002052048-26-000002,27-APR-2026,31-MAR-2026,184428947.0,46
"DB Fitzpatrick & Co, Inc",0001885767,0001885767-26-000002,27-APR-2026,31-MAR-2026,116807236.0,106
FULTON BREAKEFIELD BROENNIMAN LLC,0001119254,0001705819-26-000029,27-APR-2026,31-MAR-2026,1533042336.0,200
"Wealthstar Advisors, LLC",0001602224,0002085853-26-000514,27-APR-2026,31-MAR-2026,167973394.0,110
Portman Square Capital LLP,0001966898,0001172661-26-001542,27-APR-2026,31-MAR-2026,656632783.0,44
"Syntegra Private Wealth Group, LLC",0001964298,0001172661-26-001544,27-APR-2026,31-MAR-2026,1052625792.0,189
"Silver Lake Advisory, LLC",0001596055,0001754960-26-000324,27-APR-2026,31-MAR-2026,252033318.0,103
"Courage Miller Partners, LLC",0001482106,0001482106-26-000002,27-APR-2026,31-MAR-2026,354238454.0,92
"DeDora Capital, Inc.",0001717658,0001172661-26-001537,27-APR-2026,31-MAR-2026,407849681.0,123
"Financial Plan, Inc.",0002107584,0002107584-26-000002,27-APR-2026,31-MAR-2026,932938470.0,94
First Dallas Securities Inc.,0001378559,0001378559-26-000004,27-APR-2026,31-MAR-2026,270316150.0,118
OLD REPUBLIC INTERNATIONAL CORP,0000074260,0000074260-26-000069,27-APR-2026,31-MAR-2026,2516148.0,53
FIDEURAM - INTESA SANPAOLO PRIVATE BANKING S.P.A.,0001280487,0001280487-26-000007,27-APR-2026,31-MAR-2026,2845480302.0,462
Kedalion Capital Management LLP,0002041209,0002041209-26-000003,27-APR-2026,31-MAR-2026,3348664775.0,2
PROFUND ADVISORS LLC,0001129919,0001129919-26-000002,27-APR-2026,31-MAR-2026,2723714829.0,1092
"Ergawealth Advisors, Inc.",0001973209,0001951757-26-000738,27-APR-2026,31-MAR-2026,226161700.0,55
"Sharp Wealth Advisory, LLC",0001733194,0001951757-26-000736,27-APR-2026,31-MAR-2026,202513903.0,120
BSN CAPITAL PARTNERS Ltd,0001911876,0001911876-26-000016,27-APR-2026,31-MAR-2026,2122660540.0,24
"Financial Planning Fort Collins, LLC",0002111920,0002111920-26-000002,27-APR-2026,31-MAR-2026,127913532.0,32
"Meramec Financial Planners, LLC",0002100778,0002100778-26-000002,27-APR-2026,31-MAR-2026,252121912.0,520
"CERTIOR FINANCIAL GROUP, LLC",0002055620,0001104659-26-049297,27-APR-2026,31-MAR-2026,156997171.0,130
"Whitegate Investment Counselors, Inc.",0001667102,0001667102-26-000002,27-APR-2026,31-MAR-2026,314501560.0,68
BOYD WATTERSON ASSET MANAGEMENT LLC/OH,0001121477,0001121477-26-000004,27-APR-2026,31-MAR-2026,325586116.0,390
"QRG CAPITAL MANAGEMENT, INC.",0001996454,0001214659-26-005135,27-APR-2026,31-MAR-2026,9689850328.0,1138
"GenTrust, LLC",0001697110,0001697110-26-000002,27-APR-2026,31-MAR-2026,2336393723.0,282
"VICTORY FINANCIAL GROUP, LLC",0002011333,0001754960-26-000326,27-APR-2026,31-MAR-2026,813856251.0,347
Soltis Investment Advisors LLC,0001802530,0001802530-26-000003,27-APR-2026,31-MAR-2026,1537971924.0,554
"ALTERNA WEALTH MANAGEMENT, INC",0001767699,0001767699-26-000002,27-APR-2026,31-MAR-2026,132015454.0,105
"Chicago Capital Management, LLC",0001580162,0001062993-26-002171,27-APR-2026,31-MAR-2026,120713743.0,29
Directional Asset Management,0002105817,0001754960-26-000323,27-APR-2026,31-MAR-2026,109416780.0,90
Capelight Capital Asset Management LP,0002105992,0001754960-26-000337,27-APR-2026,31-MAR-2026,120207839.0,28
CAPITAL ADVISORS INC/OK,0000860828,0000860828-26-000003,27-APR-2026,31-MAR-2026,6220760709.0,357
TRUIST FINANCIAL CORP,0000092230,0000092230-26-000059,27-APR-2026,31-MAR-2026,74063354231.0,2774
Marotta Asset Management,0001802091,0001802091-26-000002,27-APR-2026,31-MAR-2026,543097216.0,103
World Investment Advisors,0001652594,0001062993-26-002164,27-APR-2026,31-MAR-2026,6199977953.0,1557
Transcendent Capital Group LLC,0002013703,0002013703-26-000002,27-APR-2026,31-MAR-2026,219404546.0,112
RWC ASSET ADVISORS (US) LLC,0001638081,0001398344-26-007248,27-APR-2026,31-MAR-2026,464393297.0,14
Turn8 Private Wealth Inc.,0002070026,0002070026-26-000002,27-APR-2026,31-MAR-2026,160036000.0,51
Portland Financial Advisors Inc,0002054942,0002054942-26-000002,27-APR-2026,31-MAR-2026,48084768.0,77
"Mustard Seed Financial, LLC",0002011321,0001172661-26-001541,27-APR-2026,31-MAR-2026,166876423.0,92
"Colonial River Investments, LLC",0001845859,0001951757-26-000743,27-APR-2026,31-MAR-2026,279194023.0,229
Elemental Capital Partners LLC,0001860672,0001860672-26-000002,27-APR-2026,31-MAR-2026,234854275.0,12
"HEFFERNAN ADVISORY, INC",0001536230,0001536230-26-000004,27-APR-2026,31-MAR-2026,107796607.0,24
Client First Capital LLC,0001822065,0001822065-26-000002,27-APR-2026,31-MAR-2026,227387278.0,26
"LCW Services, LLC",0002110690,0001951757-26-000740,27-APR-2026,31-MAR-2026,201259986.0,39
"NORTHEAST PLANNING ASSOCIATES, INC. / NH /",0001914515,0001951757-26-000746,27-APR-2026,31-MAR-2026,148904286.0,55
General Pension Society PZU Joint Stock Co,0002057421,0002057421-26-000005,27-APR-2026,31-MAR-2026,406699662.0,15
"PAX Financial Group, LLC",0001803673,0001104659-26-049342,27-APR-2026,31-MAR-2026,586231494.0,199
"PING CAPITAL MANAGEMENT, INC.",0001804352,0001804352-26-000002,27-APR-2026,31-MAR-2026,258525707.0,66
"Lafayette Investments, Inc.",0001308377,0001308377-26-000002,27-APR-2026,31-MAR-2026,493859099.0,158
"Moran Wealth Management, LLC",0001965334,0002085853-26-000507,27-APR-2026,31-MAR-2026,3266064074.0,474
"4WEALTH ADVISORS, INC.",0002056676,0001941040-26-000269,27-APR-2026,31-MAR-2026,117030990.0,142
"Navigate Wealth Management, LLC",0002127791,0002127791-26-000001,27-APR-2026,31-MAR-2026,142426417.0,72
"Western Reserve Capital Management, LLC",0002110357,0002110357-26-000002,27-APR-2026,31-MAR-2026,121846890.0,50
"Nipun Capital, L.P.",0001781566,0002085853-26-000515,27-APR-2026,31-MAR-2026,202102266.0,8
MKA Charitable Fund,0002010351,0001193125-26-180080,27-APR-2026,31-MAR-2026,224127679.0,1
S.A. Mason LLC,0001800911,0001800911-26-000002,27-APR-2026,31-MAR-2026,266384650.0,266
"Argos Wealth Advisors, LLC",0001809154,0001420506-26-000756,27-APR-2026,31-MAR-2026,347778246.0,202
"Vavra Capital Management, LLC",0002106605,0001420506-26-000751,27-APR-2026,31-MAR-2026,102859000.0,24
"TABR Capital Management, LLC",0001805603,0001754960-26-000322,27-APR-2026,31-MAR-2026,108696737.0,54
Revisor Wealth Management LLC,0001887409,0001754960-26-000321,27-APR-2026,31-MAR-2026,362067058.0,327
"Turtle Creek Wealth Advisors, LLC",0002007171,0001398344-26-007299,27-APR-2026,31-MAR-2026,1324481316.0,480
Rareview Capital LLC,0002044533,0001420506-26-000761,27-APR-2026,31-MAR-2026,170579731.0,52
V-Square Quantitative Management LLC,0001943239,0001943239-26-000003,27-APR-2026,31-MAR-2026,945928438.0,721
Level Wealth Management LLC,0002036775,0002036775-26-000002,27-APR-2026,31-MAR-2026,213455343.0,67
"BEACON ADVISORS HOLDINGS, LLC",0002114314,0002114314-26-000001,27-APR-2026,31-MAR-2026,186977163.0,37
SOUTHERN MICHIGAN BANK & TRUST,0001173227,0001140361-26-017080,27-APR-2026,31-MAR-2026,260597033.0,424
Leonteq Securities AG,0001535950,0001535950-26-000043,27-APR-2026,31-MAR-2026,1653523864.0,1194
MACKAY SHIELDS LLC,0000061227,0001085146-26-000371,27-APR-2026,31-MAR-2026,2727560466.0,111
ProShare Advisors LLC,0001357955,0001357955-26-000002,27-APR-2026,31-MAR-2026,67535558474.0,1865
"HTG Investment Advisors, Inc.",0001963875,0001951757-26-000745,27-APR-2026,31-MAR-2026,350462877.0,84
Y-Intercept (Hong Kong) Ltd,0001772875,0001772875-26-000005,27-APR-2026,31-MAR-2026,5274758272.0,1496
"FF Advisors,LLC",0002011904,0001951757-26-000747,27-APR-2026,31-MAR-2026,246791076.0,114
"Bedminster, LLC",0002087564,0002087564-26-000003,27-APR-2026,31-MAR-2026,107483458.0,53
Narodna banka Slovenska,0002126778,0002126778-26-000001,27-APR-2026,31-MAR-2026,3001815664.0,3
Bronte Capital Management Pty Ltd.,0001471085,0001471085-26-000002,27-APR-2026,31-MAR-2026,940921358.0,51
"HB Wealth Management, LLC",0001911253,0001172661-26-001543,27-APR-2026,31-MAR-2026,15413676349.0,1526
Gordian Advisors LLC,0002011856,0002011856-26-000002,27-APR-2026,31-MAR-2026,150103893.0,55
"BYRNE FINANCIAL FREEDOM, LLC",0002063947,0001951757-26-000742,27-APR-2026,31-MAR-2026,208963435.0,103
"Prasad Wealth Partners, LLC",0002048885,0001765380-26-000125,27-APR-2026,31-MAR-2026,367398512.0,146
New World Advisors LLC,0001767724,0001951757-26-000739,27-APR-2026,31-MAR-2026,568788928.0,83
"Serenus Wealth Advisors, LLC",0002053695,0001765380-26-000126,27-APR-2026,31-MAR-2026,501327481.0,68
"Optas, LLC",0001802961,0001802961-26-000002,27-APR-2026,31-MAR-2026,660868108.0,482
"Three Cord True Wealth Management, LLC",0002056001,0002085853-26-000502,27-APR-2026,31-MAR-2026,179958111.0,39
NDWM LLC,0001818386,0001818386-26-000002,27-APR-2026,31-MAR-2026,154211794.0,37
"Hi-Line Capital Management, LLC",0001776074,0001951757-26-000744,27-APR-2026,31-MAR-2026,318180455.0,32
"Private Advisor Group, LLC",0001567755,0001567755-26-000002,27-APR-2026,31-MAR-2026,21324420388.0,2617
PROATHLETE WEALTH MANAGEMENT LLC,0002012065,0002012065-26-000002,27-APR-2026,31-MAR-2026,360506608.0,296
"VAUGHAN & Co SECURITIES, INC.",0000805870,0002085853-26-000501,27-APR-2026,31-MAR-2026,191384714.0,57
CAPE ANN SAVINGS BANK,0000936938,0000936938-26-000002,27-APR-2026,31-MAR-2026,199015298.0,121
"OSBORNE PARTNERS CAPITAL MANAGEMENT, LLC",0001005607,0001765380-26-000127,27-APR-2026,31-MAR-2026,1891301322.0,197
"Counterweight Ventures, LLC",0002012467,0001062993-26-002163,27-APR-2026,31-MAR-2026,178222788.0,80
Matson Money. Inc.,0001672512,0001672512-26-000002,27-APR-2026,31-MAR-2026,3260540209.0,9
"Rochester Wealth Strategies, LLC",0001958456,0001958456-26-000003,27-APR-2026,31-MAR-2026,164947837.0,24
Rubicon Global Capital Ltd,0002055276,0001011438-26-000253,27-APR-2026,31-MAR-2026,234580283.0,10
JM2 Capital Inc.,0002103359,0001754960-26-000331,27-APR-2026,31-MAR-2026,120580342.0,114
"Vivid Wealth Management, LLC",0002007281,0002085853-26-000504,27-APR-2026,31-MAR-2026,247133311.0,66
"Benchmark Financial Wealth Advisors, LLC",0001757706,0001757706-26-000004,27-APR-2026,31-MAR-2026,361104529.0,133
"Adams Asset Advisors, LLC",0001386929,0001386929-26-000004,27-APR-2026,31-MAR-2026,891457497.0,88
"One River Asset Management, LLC",0001616336,0001616336-26-000003,27-APR-2026,31-MAR-2026,29370168.0,77
Glencore plc,0001521365,0001104659-26-048816,27-APR-2026,31-MAR-2026,5915483602.0,2
FJARDE AP-FONDEN /FOURTH SWEDISH NATIONAL PENSION FUND,0001540880,0001540880-26-000006,27-APR-2026,31-MAR-2026,18343152577.0,538
JB Capital LLC,0001879371,0001879371-26-000004,27-APR-2026,31-MAR-2026,2475981255.0,259
Hendershot Investments Inc.,0001541496,0001541496-26-000005,27-APR-2026,31-MAR-2026,743950417.0,129
"Polaris Capital Management, LLC",0001316926,0001144969-26-000004,27-APR-2026,31-MAR-2026,1222190003.0,84
"TCI Wealth Advisors, Inc.",0001583751,0002085853-26-000512,27-APR-2026,31-MAR-2026,1883313234.0,251
"Strathmore Capital Advisors, Inc.",0002021703,0002021703-26-000004,27-APR-2026,31-MAR-2026,353828121.0,138
"FSA WEALTH PARTNERS, INC.",0001731221,0001705819-26-000030,27-APR-2026,31-MAR-2026,210316867.0,58
"Burford Brothers, Inc.",0002001434,0002001434-26-000002,27-APR-2026,31-MAR-2026,243878144.0,172
Nationwide Fund Advisors,0001097218,0001193125-26-181038,27-APR-2026,31-MAR-2026,2284940415.0,9
GDS Wealth Management,0001940869,0001940869-26-000002,27-APR-2026,31-MAR-2026,1664270983.0,200
"USAdvisors Wealth Management, LLC",0001735605,0001735605-26-000002,27-APR-2026,31-MAR-2026,301048.0,137
"Great Point Wealth Advisors, LLC",0001760304,0001760304-26-000004,27-APR-2026,31-MAR-2026,541681284.0,62
"Kennon-Green & Company, LLC",0001963352,0001963352-26-000002,27-APR-2026,31-MAR-2026,121992914.0,39
"BIP Wealth, LLC",0001590214,0001590214-26-000004,27-APR-2026,31-MAR-2026,2458516946.0,453
"Eliot Finkel Investment Counsel, LLC",0001641643,0001420506-26-000750,27-APR-2026,31-MAR-2026,183874719.0,32
"Integrity Wealth Partners, LLC",0002121884,0002121884-26-000001,27-APR-2026,31-MAR-2026,111104799.0,99
CABOT WEALTH MANAGEMENT INC,0001016683,0001016683-26-000002,27-APR-2026,31-MAR-2026,869479250.0,139
"F&V Capital Management, LLC",0001569453,0001569453-26-000003,27-APR-2026,31-MAR-2026,473306.0,59
"Koshinski Asset Management, Inc.",0001633389,0001062993-26-002158,27-APR-2026,31-MAR-2026,1603870723.0,727
"Peak Financial Management, Inc.",0001669662,0001669662-26-000002,28-APR-2026,31-MAR-2026,393914973.0,100
"DIVIDEND ASSETS CAPITAL, LLC",0001365167,0001999371-26-009260,28-APR-2026,31-MAR-2026,501252785.0,138
"Probity Advisors, Inc.",0001676603,0001676603-26-000002,28-APR-2026,31-MAR-2026,631248384.0,230
Indiana Trust & Investment Management Co,0001356407,0001356407-26-000002,28-APR-2026,31-MAR-2026,323820042.0,486
Parrish Capital LLC,0002131053,0002131053-26-000003,28-APR-2026,31-MAR-2026,112202546.0,86
"M3F, Inc.",0001511291,0001511291-26-000002,28-APR-2026,31-MAR-2026,403505.0,28
"Hobbs Wealth Management, LLC",0002019202,0002063364-26-000124,28-APR-2026,31-MAR-2026,101053257.0,23
Unison Advisors LLC,0001695818,0001695818-26-000003,28-APR-2026,31-MAR-2026,1318048873.0,175
"Fischer Financial Services, Inc.",0002064001,0002063364-26-000130,28-APR-2026,31-MAR-2026,297316691.0,56
Cabana LLC,0001688539,0001688539-26-000002,28-APR-2026,31-MAR-2026,12742567.0,11
HealthCor Partners Management LP,0001519462,0001519462-26-000004,28-APR-2026,31-MAR-2026,50655401.0,1
Seascape Capital Management,0001418342,0001418342-26-000004,28-APR-2026,31-MAR-2026,347304.0,91
AdvisorShares Investments LLC,0001425930,0001829126-26-004035,28-APR-2026,31-MAR-2026,548700542.0,280
"ORBA Wealth Advisors, L.L.C.",0002010248,0002010248-26-000002,28-APR-2026,31-MAR-2026,83851284.0,65
"Westfuller Advisors, LLC",0002024115,0002000324-26-001734,28-APR-2026,31-MAR-2026,231695889.0,756
"KINGSWOOD WEALTH ADVISORS, LLC",0001987855,0001987855-26-000002,28-APR-2026,31-MAR-2026,2107105934.0,924
Hodges Capital Management Inc.,0001337263,0001337263-26-000002,28-APR-2026,31-MAR-2026,1208469979.0,204
"Stratos Wealth Partners, LTD.",0001612865,0001612865-26-000002,28-APR-2026,31-MAR-2026,8796456530.0,1619
"CORE WEALTH ADVISORS, LLC",0002110114,0002110114-26-000003,28-APR-2026,31-MAR-2026,130060158.0,33
STRATEGIC VALUE BANK PARTNERS LLC,0001904067,0001904067-26-000002,28-APR-2026,31-MAR-2026,186074270.0,14
"Carlton Hofferkamp & Jenks Wealth Management, LLC",0001510870,0001510870-26-000002,28-APR-2026,31-MAR-2026,299489432.0,142
"SHAYNE & JACOBS, LLC",0001484085,0001484085-26-000002,28-APR-2026,31-MAR-2026,323602768.0,94
"Sheridan Capital Management, LLC",0001926753,0001172661-26-001552,28-APR-2026,31-MAR-2026,189734614.0,31
WHITTIER TRUST CO OF NEVADA INC,0001263548,0001999371-26-009264,28-APR-2026,31-MAR-2026,4872508837.0,1411
Ascentis Independent Advisors,0001845003,0001845003-26-000004,28-APR-2026,31-MAR-2026,1322298646.0,2078
"Goldstein Advisors, LLC",0001963807,0001172661-26-001553,28-APR-2026,31-MAR-2026,900189501.0,228
"Strata Wealth Advisors, LLC",0001946237,0001946237-26-000003,28-APR-2026,31-MAR-2026,364681024.0,87
WILSEY ASSET MANAGEMENT INC,0001598379,0001598379-26-000002,28-APR-2026,31-MAR-2026,637764440.0,25
KANAWHA CAPITAL MANAGEMENT LLC,0001164478,0001164478-26-000002,28-APR-2026,31-MAR-2026,1419030522.0,221
"McGinn Penninger Investment Management, Inc.",0001845031,0001999371-26-009199,28-APR-2026,31-MAR-2026,152977.0,34
Oriental Harbor Investment Master Fund,0002046333,0002046333-26-000002,28-APR-2026,31-MAR-2026,1133091137.0,12
"Canvas Wealth Advisors, LLC",0001858782,0001858782-26-000004,28-APR-2026,31-MAR-2026,587968403.0,240
Busey Bank,0001427202,0001427202-26-000005,28-APR-2026,31-MAR-2026,3684039322.0,372
"DDD Partners, LLC",0001729673,0001729673-26-000004,28-APR-2026,31-MAR-2026,1441584045.0,134
"Kathmere Capital Management, LLC",0001794543,0001794543-26-000005,28-APR-2026,31-MAR-2026,1612783535.0,617
RW Investment Management LLC,0001631627,0001172661-26-001549,28-APR-2026,31-MAR-2026,1033232101.0,113
W.H. Cornerstone Investments Inc.,0001940823,0002063364-26-000122,28-APR-2026,31-MAR-2026,159967664.0,129
INVESTMENT MANAGEMENT CORP /VA/ /ADV,0000789307,0000789307-26-000003,28-APR-2026,31-MAR-2026,116425322.0,52
"Clarity Retirement & Wealth, LLC",0002103352,0002103352-26-000004,28-APR-2026,31-MAR-2026,124003330.0,26
Handelsbanken Fonder AB,0001398318,0001398318-26-000007,28-APR-2026,31-MAR-2026,30001084.0,1491
LIBRA WEALTH LLC,0001925385,0001951757-26-000749,28-APR-2026,31-MAR-2026,354849465.0,66
"Philip James Wealth Mangement, LLC",0002002630,0002002630-26-000002,28-APR-2026,31-MAR-2026,869654204.0,157
Halter Ferguson Financial Inc.,0001842665,0001842665-26-000002,28-APR-2026,31-MAR-2026,452281678.0,36
Brickwood Asset Management LLP,0002056939,0002056939-26-000002,28-APR-2026,31-MAR-2026,133261023.0,10
"Split Rock Private Trading & Wealth Management, LLC",0002095884,0002095884-26-000006,28-APR-2026,31-MAR-2026,129161169.0,46
"Argyle Capital Management, LLC",0001321194,0001321194-26-000004,28-APR-2026,31-MAR-2026,307719674.0,137
"PUREfi Wealth, LLC",0002001520,0002001520-26-000002,28-APR-2026,31-MAR-2026,152648556.0,188
STEPHENS INC /AR/,0000757657,0000757657-26-000013,28-APR-2026,31-MAR-2026,7993791978.0,1311
"Collaborative Fund Advisors, LLC",0002132074,0002132074-26-000001,28-APR-2026,31-MAR-2026,161898841.0,160
"Blue Sky Capital Consultants Group, Inc.",0002057054,0001172661-26-001547,28-APR-2026,31-MAR-2026,209666287.0,76
Intelligent Financial Strategies,0001911000,0001911000-26-000002,28-APR-2026,31-MAR-2026,191936634.0,62
"INTERACTIVE FINANCIAL ADVISORS, INC.",0001419099,0001419099-26-000002,28-APR-2026,31-MAR-2026,152868238.0,78
"Pine Harbor Wealth Management, LLC",0002016051,0002016051-26-000002,28-APR-2026,31-MAR-2026,334309523.0,102
"KILEY JUERGENS WEALTH MANAGEMENT, LLC",0001723223,0001986152-26-000050,28-APR-2026,31-MAR-2026,566736214.0,235
SAGE RHINO CAPITAL LLC,0001771605,0001771605-26-000002,28-APR-2026,31-MAR-2026,534513997.0,328
Belpointe Asset Management LLC,0001721242,0001721242-26-000004,28-APR-2026,31-MAR-2026,2739496098.0,1066
MERIDIAN INVESTMENT COUNSEL INC.,0001427351,0001427351-26-000004,28-APR-2026,31-MAR-2026,419911779.0,237
"Westbourne Investment Advisors, Inc.",0001650092,0002063364-26-000132,28-APR-2026,31-MAR-2026,343040655.0,115
"Grange Capital, LLC",0002048387,0001941040-26-000275,28-APR-2026,31-MAR-2026,100363237.0,46
Cherokee Insurance Co,0002077903,0002077903-26-000002,28-APR-2026,31-MAR-2026,263456737.0,121
"Spurstone Advisory Services, LLC",0002056079,0002056079-26-000002,28-APR-2026,31-MAR-2026,5842208.0,76
Columbia Bank,0002017259,0002017259-26-000005,28-APR-2026,31-MAR-2026,350384959.0,156
Share Andrew L.,0001693672,0001693672-26-000002,28-APR-2026,31-MAR-2026,214337227.0,16
Paller Financial Services Inc,0002095931,0002095931-26-000004,28-APR-2026,31-MAR-2026,120896770.0,43
"NOVUS ADVISORS, LLC",0002042508,0001754960-26-000339,28-APR-2026,31-MAR-2026,44702426.0,47
Northern Financial Advisors Inc,0001962457,0001962457-26-000002,28-APR-2026,31-MAR-2026,137154445.0,105
Powerhouse Assets LLC,0001564396,0001564396-26-000002,28-APR-2026,31-MAR-2026,114929927.0,55
"Quent Capital, LLC",0001912338,0001912338-26-000006,28-APR-2026,31-MAR-2026,1409758256.0,1532
LGT Group Foundation,0001911278,0001911278-26-000002,28-APR-2026,31-MAR-2026,8191452068.0,283
OAKLAND FINANCIAL CORP,0001169683,0001169683-26-000002,28-APR-2026,31-MAR-2026,6337947.0,10
"BLB&B Advisors, LLC",0001389059,0001389059-26-000003,28-APR-2026,31-MAR-2026,2420706201.0,272
Q3 Asset Management,0001732543,0001732543-26-000002,28-APR-2026,31-MAR-2026,412095.0,64
GUARDCAP ASSET MANAGEMENT Ltd,0001732008,0001732008-26-000002,28-APR-2026,31-MAR-2026,1746392605.0,27
Samson Rock Capital LLP,0001788558,0001788558-26-000004,28-APR-2026,31-MAR-2026,67035057.0,2
"Ryan Investment Management, Inc.",0002074440,0002074440-26-000003,28-APR-2026,31-MAR-2026,177829558.0,20
"TI-TRUST, INC",0001802284,0001802284-26-000002,28-APR-2026,31-MAR-2026,168241934.0,128
NBT BANK N A /NY,0000898413,0001140361-26-017312,28-APR-2026,31-MAR-2026,1526442874.0,1074
PENNSYLVANIA CAPITAL MANAGEMENT INC /ADV,0001004140,0001004140-26-000003,28-APR-2026,31-MAR-2026,349454313.0,112
"SHELTON WEALTH MANAGEMENT, LLC",0001903883,0001725547-26-000164,28-APR-2026,31-MAR-2026,227003178.0,124
CALIFORNIA FIRST LEASING CORP,0000803016,0000803016-26-000007,28-APR-2026,31-MAR-2026,312047327.0,39
Oceanside Advisors LLC,0002012184,0002012184-26-000002,28-APR-2026,31-MAR-2026,175279878.0,53
CORBYN INVESTMENT MANAGEMENT INC/MD,0000919538,0002000324-26-001733,28-APR-2026,31-MAR-2026,300209642.0,62
Fortune 45 LLC,0001918707,0001172661-26-001554,28-APR-2026,31-MAR-2026,205342839.0,39
Stephens Investment Management Group LLC,0001314440,0001314440-26-000006,28-APR-2026,31-MAR-2026,7295307735.0,173
"Red Mountain Financial, LLC",0001997650,0001997650-26-000002,28-APR-2026,31-MAR-2026,106156293.0,79
Hardy Reed LLC,0001761871,0001765380-26-000128,28-APR-2026,31-MAR-2026,1370806804.0,243
"B.O.S.S. Retirement Advisors, LLC",0001964810,0001964810-26-000004,28-APR-2026,31-MAR-2026,328073170.0,174
SCHAPER BENZ & WISE INVESTMENT COUNSEL INC/WI,0001033974,0001033974-26-000002,28-APR-2026,31-MAR-2026,1308517700.0,158
South Shore Capital Advisors,0001852993,0002063364-26-000126,28-APR-2026,31-MAR-2026,136753591.0,139
"DGS Capital Management, LLC",0001900110,0001900110-26-000006,28-APR-2026,31-MAR-2026,607103634.0,619
DUFF & PHELPS INVESTMENT MANAGEMENT CO,0000765443,0001140361-26-017353,28-APR-2026,31-MAR-2026,9629907082.0,148
Tide Cove Capital Partners LLC,0002029464,0001951757-26-000750,28-APR-2026,31-MAR-2026,146940589.0,13
Cohen Investment Advisors LLC,0001845081,0001845081-26-000002,28-APR-2026,31-MAR-2026,210448122.0,79
MARIETTA INVESTMENT PARTNERS LLC,0001114702,0000892712-26-000221,28-APR-2026,31-MAR-2026,499443911.0,161
"Golden State Wealth Management, LLC",0001776033,0001776033-26-000003,28-APR-2026,31-MAR-2026,914803005.0,1609
"Antonelli Financial Advisors, LLC",0002055364,0002055364-26-000004,28-APR-2026,31-MAR-2026,144709000.0,52
MASSACHUSETTS MUTUAL LIFE INSURANCE CO,0000225602,0000225602-26-000006,28-APR-2026,31-MAR-2026,2167647549.0,2
"MIO PARTNERS, INC.",0001535457,0001535457-26-000006,28-APR-2026,31-MAR-2026,55239229.0,1
"Bogart Wealth, LLC",0001715740,0001715740-26-000003,28-APR-2026,31-MAR-2026,2591953314.0,1818
"Northstar Group, Inc.",0001631408,0001631408-26-000002,28-APR-2026,31-MAR-2026,707411704.0,166
Bpifrance SA,0001731118,0001104659-26-049930,28-APR-2026,31-MAR-2026,1654272245.0,2
Walkner Condon Financial Advisors LLC,0001817494,0001817494-26-000002,28-APR-2026,31-MAR-2026,758665302.0,322
LGT Fund Management Co Ltd.,0001911284,0001911284-26-000002,28-APR-2026,31-MAR-2026,2302554476.0,242
Oxler Private Wealth LLC,0001846002,0001172661-26-001546,28-APR-2026,31-MAR-2026,319421120.0,92
Walter Public Investments Inc.,0001925251,0001925251-26-000003,28-APR-2026,31-MAR-2026,418098310.0,48
"CUSHING ASSET MANAGEMENT, LP dba NXG INVESTMENT MANAGEMENT",0001329375,0001315863-26-000367,28-APR-2026,31-MAR-2026,2008729164.0,64
"GM Advisory Group, LLC",0001598304,0001598304-26-000002,28-APR-2026,31-MAR-2026,2596933789.0,374
"LVZ, Inc.",0001574408,0000905729-26-000087,28-APR-2026,31-MAR-2026,876330659.0,161
"Clay Northam Wealth Management, LLC",0001915687,0001915687-26-000002,28-APR-2026,31-MAR-2026,178091549.0,101
"Stratos Investment Management, LLC",0001707206,0001707206-26-000002,28-APR-2026,31-MAR-2026,2493752780.0,371
Raleigh Capital Management Inc.,0001911726,0001911726-26-000002,28-APR-2026,31-MAR-2026,289772043.0,775
National Mutual Insurance Federation of Agricultural Cooperatives,0001542927,0000929638-26-001629,28-APR-2026,31-MAR-2026,12986336769.0,41
"Bolthouse Investments, LLC",0001567013,0001941040-26-000273,28-APR-2026,31-MAR-2026,110616965.0,70
Harbour Trust & Investment Management Co,0002003557,0002003557-26-000002,28-APR-2026,31-MAR-2026,942785401.0,155
Investment Advisory Services Group LLC,0002099157,0002099157-26-000003,28-APR-2026,31-MAR-2026,114943543.0,29
"Fortis Capital Advisors, LLC",0001959790,0001959790-26-000003,28-APR-2026,31-MAR-2026,763435247.0,371
"HBE Wealth Management, LLC",0002104442,0002104442-26-000002,28-APR-2026,31-MAR-2026,114725843.0,53
Astoria Portfolio Advisors LLC.,0001931642,0001931642-26-000004,28-APR-2026,31-MAR-2026,468210755.0,292
"RHS Financial, LLC",0001766514,0001766514-26-000002,28-APR-2026,31-MAR-2026,211059528.0,146
BRIGHTON JONES LLC,0001360798,0001360798-26-000003,28-APR-2026,31-MAR-2026,2373129002.0,24
Insight Inv LLC,0001909322,0001398344-26-007345,28-APR-2026,31-MAR-2026,182747722.0,104
Lansing Street Advisors,0001926571,0001926571-26-000002,28-APR-2026,31-MAR-2026,396275692.0,150
"Journey Beyond Wealth, LLC",0002052989,0002052989-26-000002,28-APR-2026,31-MAR-2026,116432061.0,29
"Powers Capital, LLC",0002056287,0002056287-26-000003,28-APR-2026,31-MAR-2026,211546117.0,2
"TritonPoint Partners, LLC",0002111167,0002111167-26-000002,28-APR-2026,31-MAR-2026,271659604.0,200
Rising Stella Capital Pte. Ltd,0002113017,0002113017-26-000001,28-APR-2026,31-MAR-2026,213601262.0,3
BW Gestao de Investimentos Ltda.,0001568280,0001568280-26-000003,28-APR-2026,31-MAR-2026,2247929339.0,258
SBI Okasan Asset Management Co.Ltd.,0001535128,0001535128-26-000003,28-APR-2026,31-MAR-2026,2440283124.0,321
"Bravias Capital Group, LLC",0002054328,0002054328-26-000002,28-APR-2026,31-MAR-2026,152948370.0,96
MOUNT VERNON ASSOCIATES INC /MD/,0000799003,0000799003-26-000002,28-APR-2026,31-MAR-2026,141542.0,60
"OARSMAN CAPITAL, INC.",0001569667,0001569667-26-000002,28-APR-2026,31-MAR-2026,805339520.0,235
"FLAGSHIP HARBOR ADVISORS, LLC",0001691766,0001691766-26-000004,28-APR-2026,31-MAR-2026,2273603303.0,726
"Hillcrest Wealth Advisors - NY, LLC",0001767121,0001214659-26-005142,28-APR-2026,31-MAR-2026,246886427.0,51
"ARGUS INVESTORS' COUNSEL, INC.",0000007195,0000007195-26-000002,28-APR-2026,31-MAR-2026,112475798.0,102
"Steigerwald, Gordon & Koch Inc.",0001731876,0001731876-26-000002,28-APR-2026,31-MAR-2026,974159511.0,782
HOWE & RUSLING INC,0000769963,0001398344-26-007373,28-APR-2026,31-MAR-2026,1532405688.0,477
"Cypress Capital, LLC",0001729939,0001729939-26-000002,28-APR-2026,31-MAR-2026,351311521.0,94
Timber Creek Capital Management LLC,0001510848,0001214659-26-005143,28-APR-2026,31-MAR-2026,412464515.0,78
"Core Wealth Management, Inc.",0001965150,0001965150-26-000004,28-APR-2026,31-MAR-2026,326347188.0,40
"Abel Hall, LLC",0002013339,0002013339-26-000002,28-APR-2026,31-MAR-2026,469476968.0,811
"GREATMARK INVESTMENT PARTNERS, INC.",0001540944,0001540944-26-000002,28-APR-2026,31-MAR-2026,853598317.0,145
WOODARD & CO ASSET MANAGEMENT GROUP INC /ADV,0000771118,0001398344-26-007408,28-APR-2026,31-MAR-2026,624587283.0,172
"Nvest Financial, LLC",0001915315,0001951757-26-000748,28-APR-2026,31-MAR-2026,268412226.0,139
ALTFEST L J & CO INC,0000712050,0002063364-26-000128,28-APR-2026,31-MAR-2026,934894323.0,326
Titan Investment Management LLC,0002112547,0002112547-26-000003,28-APR-2026,31-MAR-2026,113318329.0,37
"O'Domhnaill Enterprises, Inc.",0002020582,0002020582-26-000005,28-APR-2026,31-MAR-2026,124104055.0,55
BAXTER BROS INC,0001096783,0001096783-26-000002,28-APR-2026,31-MAR-2026,810112357.0,166
LEE DANNER & BASS INC,0000939219,0000939219-26-000004,28-APR-2026,31-MAR-2026,1591932774.0,246
Family CFO Inc,0001911695,0001911695-26-000002,28-APR-2026,31-MAR-2026,223268058.0,41
"Stratos Wealth Advisors, LLC",0001707202,0001707202-26-000002,28-APR-2026,31-MAR-2026,1629242440.0,609
DUMONT & BLAKE INVESTMENT ADVISORS LLC,0001287618,0001287618-26-000002,28-APR-2026,31-MAR-2026,399749174.0,202
"Angeles Investment Advisors, LLC",0001535695,0001398344-26-007421,28-APR-2026,31-MAR-2026,1487654947.0,31
Beacon Bank & Trust,0001831984,0001628280-26-027894,28-APR-2026,31-MAR-2026,487679365.0,157
"CAP Partners, LLC",0002006870,0002006870-26-000002,28-APR-2026,31-MAR-2026,177050421.0,146
"Berger Financial Group, Inc",0001826136,0001172661-26-001555,28-APR-2026,31-MAR-2026,1783568573.0,463
Encompass More Asset Management,0002011218,0001172661-26-001550,28-APR-2026,31-MAR-2026,592601300.0,239
"Hapanowicz & Associates Financial Services, Inc",0001695959,0001695959-26-000002,28-APR-2026,31-MAR-2026,251416863.0,31
"ARGONAUTICA PRIVATE WEALTH MANAGEMENT, INC",0001931870,0001931870-26-000002,28-APR-2026,31-MAR-2026,330508481.0,183
Ariose Capital Management Ltd,0001665925,0001665925-26-000006,28-APR-2026,31-MAR-2026,148910465.0,15
AEW CAPITAL MANAGEMENT L P,0001046187,0001104659-26-049934,28-APR-2026,31-MAR-2026,1377962295.0,40
Clear Retirement Advice LLC,0002112984,0002112984-26-000002,28-APR-2026,31-MAR-2026,127365517.0,54
"ATTICUS WEALTH MANAGEMENT, LLC",0001800234,0001800234-26-000002,28-APR-2026,31-MAR-2026,368910160.0,181
OVERSEA-CHINESE BANKING Corp Ltd,0001291318,0001291318-26-000004,28-APR-2026,31-MAR-2026,3401147539.0,324
Alecta Tjanstepension Omsesidigt,0001484429,0001062993-26-002177,28-APR-2026,31-MAR-2026,20518278275.0,78
"Mokosak Advisory Group, LLC",0001713112,0001713112-26-000002,28-APR-2026,31-MAR-2026,399496260.0,34
PARTHENON LLC,0001088859,0001088859-26-000002,28-APR-2026,31-MAR-2026,874707249.0,127
"RETIREMENT FINANCIAL SOLUTIONS, LLC",0001962532,0001962532-26-000005,28-APR-2026,31-MAR-2026,349803012.0,53
Farnam Financial LLC,0002080267,0001754960-26-000340,28-APR-2026,31-MAR-2026,121517718.0,49
"Bryant Woods Investment Advisors, LLC",0001910641,0001910641-26-000003,28-APR-2026,31-MAR-2026,271785676.0,58
"Private Wealth Partners, LLC",0001335851,0001335851-26-000002,28-APR-2026,31-MAR-2026,1298003020.0,168
"Jacksonville Wealth Management, LLC",0002048486,0001420506-26-000763,28-APR-2026,31-MAR-2026,148073815.0,68
K.J. Harrison & Partners Inc,0001418359,0001418359-26-000002,28-APR-2026,31-MAR-2026,608227666.0,225
COOPER INVESTORS PTY LTD,0001561728,0001561728-26-000004,28-APR-2026,31-MAR-2026,245328286.0,42
"PFA Pension, Forsikringsaktieselskab",0001730073,0001730073-26-000008,28-APR-2026,31-MAR-2026,33244436442.0,381
"INTEGRAL INVESTMENT ADVISORS, INC.",0001902826,0001902826-26-000002,28-APR-2026,31-MAR-2026,401888674.0,174
"China Universal Asset Management Co., Ltd.",0001906594,0001906594-26-000002,28-APR-2026,31-MAR-2026,1320814008.0,502
PRAXIS INVESTMENT MANAGEMENT INC,0001056825,0001056825-26-000003,28-APR-2026,31-MAR-2026,1640215.0,789
Wellment Financial,0001940000,0001940000-26-000004,28-APR-2026,31-MAR-2026,80831198.0,38
"EDMP, INC.",0001016021,0001016021-26-000002,28-APR-2026,31-MAR-2026,123701698.0,71
Cobblestone Asset Management LLC,0001994512,0001994512-26-000005,28-APR-2026,31-MAR-2026,222385336.0,73
Topor & Co. Korea,0002113285,0002113285-26-000004,28-APR-2026,31-MAR-2026,118249710.0,18
"WEALTH MANAGEMENT RESOURCES, INC.",0001063516,0001063516-26-000002,28-APR-2026,31-MAR-2026,287251813.0,28
LGT Financial Advisors LLC,0001965191,0001398344-26-007386,28-APR-2026,31-MAR-2026,19511446.0,251
MONTRUSCO BOLTON INVESTMENTS INC.,0001475940,0001475940-26-000003,28-APR-2026,31-MAR-2026,6608748236.0,72
"EXENCIAL WEALTH ADVISORS, LLC",0001576151,0001576151-26-000006,28-APR-2026,31-MAR-2026,3217468970.0,563
BAKER BOYER NATIONAL BANK,0001079398,0001079398-26-000004,28-APR-2026,31-MAR-2026,332827952.0,91
"PCG Wealth Advisors, LLC",0001905393,0001905393-26-000002,28-APR-2026,31-MAR-2026,395472824.0,164
"St. Johns Investment Management Company, LLC",0001605522,0001398344-26-007372,28-APR-2026,31-MAR-2026,237674093.0,193
"Alliance Wealth Strategies, LLC d/b/a Brown Edwards Wealth Strategies",0002106763,0002106763-26-000002,28-APR-2026,31-MAR-2026,111280867.0,63
"Compton Financial Group, LLC",0001844567,0001951757-26-000751,28-APR-2026,31-MAR-2026,452684017.0,71
"FLP Wealth Management, LLC",0002052024,0001214659-26-005188,28-APR-2026,31-MAR-2026,48529693.0,53
"Schear Investment Advisers, LLC",0001962838,0001962838-26-000002,28-APR-2026,31-MAR-2026,226773290.0,77
"Ascentis Wealth Management, LLC",0002032602,0002032602-26-000003,28-APR-2026,31-MAR-2026,508072177.0,679
"MBL Wealth, LLC",0001845785,0001437749-26-013587,28-APR-2026,31-MAR-2026,1319946060.0,331
"Planning Center, Inc.",0001910966,0001910966-26-000003,28-APR-2026,31-MAR-2026,987065524.0,78
APPLETON PARTNERS INC/MA,0001055290,0001193125-26-187304,28-APR-2026,31-MAR-2026,1433591.0,262
"HARBOR CAPITAL ADVISORS, INC.",0001039128,0001039128-26-000002,28-APR-2026,31-MAR-2026,1234951.0,1211
"Intrinsic Value Partners, LLC",0001910364,0001910364-26-000002,28-APR-2026,31-MAR-2026,129780280.0,69
Integrated Advisors Network LLC,0001660177,0001660177-26-000002,28-APR-2026,31-MAR-2026,1905457997.0,687
WHITTIER TRUST CO,0001137881,0001999371-26-009263,28-APR-2026,31-MAR-2026,8861624897.0,1343
Fortitude Advisory Group L.L.C.,0001928999,0001928999-26-000003,28-APR-2026,31-MAR-2026,222129265.0,224
"Arbor Investment Advisors, LLC",0001590073,0001590073-26-000003,28-APR-2026,31-MAR-2026,768236775.0,114
"Robertson Stephens Wealth Management, LLC",0001767307,0001172661-26-001551,28-APR-2026,31-MAR-2026,3569320164.0,615
"Walser Wealth Management Company, A Ltd Liability Co",0002112280,0002112280-26-000009,28-APR-2026,31-MAR-2026,222614429.0,187
"SBI Securities Co., Ltd.",0001851815,0001851815-26-000002,28-APR-2026,31-MAR-2026,3648498459.0,4018
"Winthrop Capital Management, LLC",0002010657,0001999371-26-009196,28-APR-2026,31-MAR-2026,389499.0,356
"Dean, Jacobson Financial Services, LLC",0001869456,0001869456-26-000002,28-APR-2026,31-MAR-2026,162766740.0,21
Kepler Cheuvreux (Suisse) SA,0002096459,0002096459-26-000003,28-APR-2026,31-MAR-2026,1504689000.0,171
"Disciplined Equity Management, Inc.",0001909380,0001909380-26-000003,28-APR-2026,31-MAR-2026,199003990.0,44
NTV Asset Management LLC,0001284208,0001193125-26-185347,28-APR-2026,31-MAR-2026,909739510.0,311
FUKOKU MUTUAL LIFE INSURANCE Co,0001033324,0001033324-26-000002,28-APR-2026,31-MAR-2026,1528015720.0,235
Dilation Capital Management LP,0001922880,0001172661-26-001558,29-APR-2026,31-MAR-2026,199158889.0,20
Index Technologies Group LLC,0002095322,0001172661-26-001563,29-APR-2026,31-MAR-2026,91783371.0,135
Shelter Ins Retirement Plan,0001455290,0001455290-26-000005,29-APR-2026,31-MAR-2026,89829834.0,8
"WealthPLAN Partners, LLC",0001639943,0001639943-26-000003,29-APR-2026,31-MAR-2026,516847580.0,217
Cordatus Wealth Management LLC,0001715862,0001715862-26-000003,29-APR-2026,31-MAR-2026,420220816.0,164
PCB Capital LLC,0002123661,0002085853-26-000538,29-APR-2026,31-MAR-2026,63457080.0,101
"CVA Family Office, LLC",0001802084,0001802084-26-000002,29-APR-2026,31-MAR-2026,949646263.0,1838
"Cairn Investment Group, Inc.",0001800358,0001800358-26-000002,29-APR-2026,31-MAR-2026,201170.0,63
NICHOLS & PRATT ADVISERS LLP /MA,0001141781,0001141781-26-000002,29-APR-2026,31-MAR-2026,1549280108.0,105
"Geneva Partners, LLC",0001712671,0001712671-26-000005,29-APR-2026,31-MAR-2026,208239189.0,63
"Stenger Family Office, LLC",0002056106,0002085853-26-000535,29-APR-2026,31-MAR-2026,566145995.0,117
FISHMAN JAY A LTD/MI,0001006407,0001006407-26-000004,29-APR-2026,31-MAR-2026,1120038683.0,76
RLH Capital LLC,0002008031,0002000324-26-001737,29-APR-2026,31-MAR-2026,196805692.0,108
KLP KAPITALFORVALTNING AS,0001717443,0001717443-26-000003,29-APR-2026,31-MAR-2026,25489423607.0,2154
DELTA CAPITAL MANAGEMENT LLC,0000893738,0000893738-26-000002,29-APR-2026,31-MAR-2026,181664.0,104
Wendel SE,0001721938,0001999371-26-009401,29-APR-2026,31-MAR-2026,518287509.0,1
"Walker Financial Services, Inc.",0001965479,0001172661-26-001556,29-APR-2026,31-MAR-2026,292340097.0,43
"Hubbell Strickland Wealth Management, LLC",0001791555,0001062993-26-002195,29-APR-2026,31-MAR-2026,250909960.0,83
FINANCIAL LIFE ADVISORS,0001730813,0001730813-26-000003,29-APR-2026,31-MAR-2026,320993000.0,52
"BHK Investment Advisors, LLC",0001710539,0001062993-26-002202,29-APR-2026,31-MAR-2026,299191446.0,79
"Strid Group, LLC",0001625800,0001625800-26-000002,29-APR-2026,31-MAR-2026,806889126.0,85
"Prossimo Advisors, LLC",0001965307,0001965307-26-000002,29-APR-2026,31-MAR-2026,16441546.0,24
BRIGHTON SECURITIES CORP.,0000014213,0000014213-26-000015,29-APR-2026,31-MAR-2026,207582916.0,47
"THOMA BRAVO, L.P.",0001450701,0001450701-26-000003,29-APR-2026,31-MAR-2026,6652979411.0,3
"KDK Private Wealth Management, LLC",0001776910,0002085853-26-000536,29-APR-2026,31-MAR-2026,109302113.0,60
Family Capital Trust Co,0001123320,0001140361-26-017710,29-APR-2026,31-MAR-2026,276100805.0,89
FORMULATE FINANCIAL LLC,0002093400,0002093400-26-000002,29-APR-2026,31-MAR-2026,80986623.0,26
"West Tower Group, LLC",0001965819,0001965819-26-000003,29-APR-2026,31-MAR-2026,32037762.0,32
Investment Research Partners LLC,0002069274,0002069274-26-000002,29-APR-2026,31-MAR-2026,245765272.0,245
Cordoba Advisory Partners LLC,0002067133,0002067133-26-000003,29-APR-2026,31-MAR-2026,361870746.0,118
"Strategic Blueprint, LLC",0001767821,0001767821-26-000003,29-APR-2026,31-MAR-2026,1719654998.0,635
"McLaughlin Asset Management, Inc.",0002112239,0002112239-26-000002,29-APR-2026,31-MAR-2026,104623569.0,91
Oldfield Partners LLP,0001492815,0001492815-26-000003,29-APR-2026,31-MAR-2026,393345717.0,18
"Fee-Only Financial Planning, L.C.",0001954044,0001954044-26-000002,29-APR-2026,31-MAR-2026,165651312.0,43
"Tempus Wealth Planning, LLC",0001806428,0001806428-26-000002,29-APR-2026,31-MAR-2026,434997243.0,269
"Townsend & Associates, Inc",0001729359,0001729359-26-000003,29-APR-2026,31-MAR-2026,1159315684.0,113
David Kennon Inc,0001954126,0001954126-26-000002,29-APR-2026,31-MAR-2026,278883969.0,41
BURNEY CO/,0000940445,0000940445-26-000003,29-APR-2026,31-MAR-2026,3198345994.0,578
Rye Brook Capital LLC,0001844147,0001844147-26-000002,29-APR-2026,31-MAR-2026,108445.0,28
Centerpoint Advisory Group,0002054093,0002085853-26-000522,29-APR-2026,31-MAR-2026,132817386.0,108
R Squared Ltd,0001896148,0001896148-26-000003,29-APR-2026,31-MAR-2026,182100379.0,477
Montz Harcus Wealth Management LLC,0001918613,0002085853-26-000518,29-APR-2026,31-MAR-2026,247630501.0,93
"Life Planning Partners, Inc",0001910934,0001910934-26-000002,29-APR-2026,31-MAR-2026,131010666.0,68
"Odyssey Capital Advisors, Inc.",0002104872,0002104872-26-000006,29-APR-2026,31-MAR-2026,111622469.0,97
"Frank, Rimerman Advisors LLC",0001977560,0001172661-26-001573,29-APR-2026,31-MAR-2026,1525009445.0,590
GOLDEN ROAD ADVISORS LLC,0002014454,0001951757-26-000755,29-APR-2026,31-MAR-2026,173602307.0,53
"SRH ADVISORS, LLC",0001512779,0001512779-26-000005,29-APR-2026,31-MAR-2026,349450687.0,278
"Strategic Financial Group, LLC",0002131286,0002085853-26-000529,29-APR-2026,31-MAR-2026,97141166.0,18
LTS Liquid Investments LLC,0001973154,0000950157-26-000556,29-APR-2026,31-MAR-2026,106853546.0,7
"Mine & Arao Wealth Creation & Management, LLC.",0001802994,0002085853-26-000537,29-APR-2026,31-MAR-2026,238323550.0,75
ROBERT WOOD JOHNSON FOUNDATION,0000315157,0000904454-26-000244,29-APR-2026,31-MAR-2026,124812170.0,2
"WATERS PARKERSON & CO., LLC",0001222993,0001222993-26-000003,29-APR-2026,31-MAR-2026,1945160513.0,188
"WealthPlan Investment Management, LLC",0001929986,0001929986-26-000005,29-APR-2026,31-MAR-2026,1793467790.0,455
"Richmond Investment Services, LLC",0002031991,0002085853-26-000531,29-APR-2026,31-MAR-2026,618751266.0,255
"Latko Wealth Management, Ltd.",0001937769,0001937769-26-000003,29-APR-2026,31-MAR-2026,205093578.0,36
STALEY CAPITAL ADVISERS INC,0001106565,0001106565-26-000004,29-APR-2026,31-MAR-2026,2362541665.0,184
SCHMIDT P J INVESTMENT MANAGEMENT INC,0001008895,0001008895-26-000002,29-APR-2026,31-MAR-2026,594616783.0,212
Sagace Wealth Management LLC,0002027449,0002027449-26-000002,29-APR-2026,31-MAR-2026,147490905.0,69
"JERICHO FINANCIAL, LLP",0001841173,0001941040-26-000282,29-APR-2026,31-MAR-2026,158558818.0,40
"H Capital V GP, L.P.",0001757491,0001104659-26-051051,29-APR-2026,31-MAR-2026,74075228.0,1
"ARBOR TRUST WEALTH ADVISORS, LLC",0001797135,0001951757-26-000758,29-APR-2026,31-MAR-2026,227618596.0,90
"Investment Insight Wealth Management, LLC",0001737917,0001172661-26-001561,29-APR-2026,31-MAR-2026,92743263.0,36
Exane Asset Management,0001666256,0001666256-26-000002,29-APR-2026,31-MAR-2026,489210633.0,32
AXIS CAPITAL HOLDINGS LTD,0001214816,0001214816-26-000166,29-APR-2026,31-MAR-2026,270448022.0,3
Carnegie Lake Advisors LLC,0002043591,0002043591-26-000002,29-APR-2026,31-MAR-2026,251724065.0,166
CARY STREET PARTNERS FINANCIAL LLC,0001475045,0001475045-26-000003,29-APR-2026,31-MAR-2026,4036604971.0,985
Seelaus Asset Management LLC,0001705655,0001705655-26-000002,29-APR-2026,31-MAR-2026,138682894.0,203
"Harbour Capital Advisors, LLC",0001682501,0001214659-26-005218,29-APR-2026,31-MAR-2026,524967917.0,280
WRIGHT INVESTORS SERVICE INC,0000108572,0001062993-26-002198,29-APR-2026,31-MAR-2026,317712217.0,148
"11.2 Capital Management, LLC",0002072160,0002072160-26-000006,29-APR-2026,31-MAR-2026,142846445.0,1
"Nicholas Hoffman & Company, LLC.",0001678953,0001398344-26-007708,29-APR-2026,31-MAR-2026,4333270555.0,326
"AXXCESS WEALTH MANAGEMENT, LLC",0001911056,0001951757-26-000760,29-APR-2026,31-MAR-2026,3119871925.0,372
"Weitzel Financial Services, Inc.",0001846789,0001846789-26-000003,29-APR-2026,31-MAR-2026,265384382.0,50
"Hughes Financial Services, LLC",0002054465,0002054465-26-000002,29-APR-2026,31-MAR-2026,650863028.0,1720
"AG Asset Advisory, LLC",0001625008,0001625008-26-000002,29-APR-2026,31-MAR-2026,120573143.0,25
"CAMBRIDGE CAPITAL MANAGEMENT, LLC",0002078994,0001398344-26-007569,29-APR-2026,31-MAR-2026,232118371.0,44
BANK OF STOCKTON,0001387723,0001387723-26-000004,29-APR-2026,31-MAR-2026,323440839.0,133
Austin Asset Management Co Inc,0001902024,0001902024-26-000002,29-APR-2026,31-MAR-2026,608298818.0,85
"MARINO, STRAM & ASSOCIATES LLC",0001099762,0001951757-26-000754,29-APR-2026,31-MAR-2026,556594265.0,185
INVESTMENT HOUSE LLC,0001566030,0001398344-26-007561,29-APR-2026,31-MAR-2026,1921749203.0,223
"American Capital Advisory, LLC",0002018007,0002018007-26-000002,29-APR-2026,31-MAR-2026,246869290.0,1139
"Solidarity Wealth, LLC",0001906613,0001172661-26-001560,29-APR-2026,31-MAR-2026,520748978.0,83
"Envestnet Portfolio Solutions, Inc.",0001998033,0001214659-26-005209,29-APR-2026,31-MAR-2026,18068533050.0,1286
"Rockwood Wealth Management, LLC",0001983670,0002085853-26-000532,29-APR-2026,31-MAR-2026,1396673434.0,117
SilverOak Wealth Management LLC,0001764766,0002085853-26-000530,29-APR-2026,31-MAR-2026,632436166.0,121
Flatrock Wealth Partners LLC,0002130067,0001951757-26-000752,29-APR-2026,31-MAR-2026,222267047.0,166
"Atlas Wealth Partners, LLC",0001965798,0001965798-26-000002,29-APR-2026,31-MAR-2026,97250670.0,65
"CFS Investment Advisory Services, LLC",0001845688,0001845688-26-000002,29-APR-2026,31-MAR-2026,1452244967.0,353
PERRYMAN FINANCIAL ADVISORY INC /AD,0000934040,0001214659-26-005219,29-APR-2026,31-MAR-2026,666968320.0,173
"Aljian Capital Management, LLC",0001731260,0001731260-26-000002,29-APR-2026,31-MAR-2026,486800442.0,131
TriaGen Wealth Management LLC,0001843848,0001172661-26-001565,29-APR-2026,31-MAR-2026,366047784.0,171
MONTAG A & ASSOCIATES INC,0000829407,0000829407-26-000003,29-APR-2026,31-MAR-2026,2152329505.0,938
SALEM INVESTMENT COUNSELORS INC,0000884423,0001420506-26-000766,29-APR-2026,31-MAR-2026,3407668534.0,1238
OneAscent Investment Solutions LLC,0001974438,0001974438-26-000003,29-APR-2026,31-MAR-2026,99956882.0,128
"SAM Advisors, LLC",0001600944,0001600944-26-000002,29-APR-2026,31-MAR-2026,319027294.0,47
"American Wealth Advisors, LLC",0002095589,0001951757-26-000757,29-APR-2026,31-MAR-2026,95961575.0,41
"MYCIO WEALTH PARTNERS, LLC",0001371726,0001371726-26-000003,29-APR-2026,31-MAR-2026,501709298.0,49
"Efficient Advisors, LLC",0001542164,0001542164-26-000002,29-APR-2026,31-MAR-2026,1408205921.0,58
"SAXON INTERESTS, INC.",0001905867,0001951757-26-000756,29-APR-2026,31-MAR-2026,289567161.0,222
Bell Asset Management Ltd,0001681004,0001172661-26-001557,29-APR-2026,31-MAR-2026,339793139.0,61
AGMAN CAPITAL LLC,0002107832,0002107832-26-000002,29-APR-2026,31-MAR-2026,125607968.0,18
"Presper Financial Architects, LLC",0002066674,0002066674-26-000003,29-APR-2026,31-MAR-2026,168273636.0,50
Opulen Financial Group LLC,0002055099,0002055099-26-000002,29-APR-2026,31-MAR-2026,142100573.0,114
"IAG Wealth Partners, LLC",0001827261,0001104659-26-051488,29-APR-2026,31-MAR-2026,895868587.0,509
"Kaydan Wealth Management, Inc.",0001964532,0001172661-26-001566,29-APR-2026,31-MAR-2026,299040698.0,109
Shelter Mutual Insurance Co,0001455288,0001455288-26-000006,29-APR-2026,31-MAR-2026,449764702.0,58
"Steele Capital Management, Inc.",0001646695,0001646695-26-000002,29-APR-2026,31-MAR-2026,2414178876.0,86
"CHILDRESS CAPITAL ADVISORS, LLC",0001849561,0001849561-26-000003,29-APR-2026,31-MAR-2026,554363700.0,374
"Clearwave Capital, LLC",0002111821,0001214659-26-005232,29-APR-2026,31-MAR-2026,146261777.0,146
"Townsend Financial Planning, LLC",0002110688,0002110688-26-000002,29-APR-2026,31-MAR-2026,103342489.0,29
AM INVESTMENT STRATEGIES LLC,0001818897,0001818897-26-000002,29-APR-2026,31-MAR-2026,455019.0,111
"Armor Investment Advisors, LLC",0001694079,0001398344-26-007604,29-APR-2026,31-MAR-2026,277512491.0,160
"Koa Wealth Management, LLC",0002022118,0001172661-26-001567,29-APR-2026,31-MAR-2026,138321437.0,56
"Advance Capital Management, Inc.",0001536029,0002085853-26-000517,29-APR-2026,31-MAR-2026,2638896598.0,185
"CAHABA WEALTH MANAGEMENT, INC.",0001716399,0001172661-26-001569,29-APR-2026,31-MAR-2026,1473030828.0,153
"Avory & Company, LLC",0001842766,0002085853-26-000528,29-APR-2026,31-MAR-2026,77285999.0,34
Farmers & Merchants Trust Co of Chambersburg PA,0001697375,0001697375-26-000003,29-APR-2026,31-MAR-2026,367463.0,335
BRC-Global BAH Investments Ltd.,0002108985,0000950157-26-000557,29-APR-2026,31-MAR-2026,107035375.0,1
Powszechne Towarzystwo Emerytalne Allianz Polska S.A.,0002053628,0002053628-26-000002,29-APR-2026,31-MAR-2026,267751384.0,10
DUNCKER STREETT & CO INC,0001020585,0001580642-26-002741,29-APR-2026,31-MAR-2026,526128793.0,535
Warner Group LLC,0002073617,0002073617-26-000003,29-APR-2026,31-MAR-2026,153170412.0,78
Curative Ventures V LLC,0001754072,0001193125-26-190600,29-APR-2026,31-MAR-2026,15647793.0,1
Garner Asset Management Corp,0001714093,0001754960-26-000344,29-APR-2026,31-MAR-2026,254985751.0,156
PIONEER TRUST BANK N A/OR,0001006435,0001006435-26-000005,29-APR-2026,31-MAR-2026,412057441.0,83
Sather Financial Group Inc,0001568540,0002085853-26-000520,29-APR-2026,31-MAR-2026,1626501670.0,109
"PATRON PARTNERS, LLC",0001841768,0001841768-26-000002,29-APR-2026,31-MAR-2026,226344966.0,185
"VIRGINIA WEALTH MANAGEMENT GROUP, INC.",0001898282,0001898282-26-000002,29-APR-2026,31-MAR-2026,186820648.0,55
Sanchez Wealth Management Group,0001697740,0001420506-26-000768,29-APR-2026,31-MAR-2026,462357671.0,53
First Interstate Bank,0001125727,0001125727-26-000012,29-APR-2026,31-MAR-2026,1779199697.0,187
Opes Wealth Management LLC,0001766918,0001766918-26-000002,29-APR-2026,31-MAR-2026,585742419.0,141
GREENWOOD CAPITAL ASSOCIATES LLC,0001161822,0001161822-26-000003,29-APR-2026,31-MAR-2026,907563912.0,286
"Orin Green Financial, LLC",0001844227,0001844227-26-000002,29-APR-2026,31-MAR-2026,243797271.0,78
"Compass Financial Group, INC/SD",0001964835,0001172661-26-001559,29-APR-2026,31-MAR-2026,714783182.0,105
Mondrian Investment Partners LTD,0001317724,0001317724-26-000007,29-APR-2026,31-MAR-2026,6685079404.0,103
MIRAE ASSET SECURITIES (USA) INC.,0000890203,0000890203-26-000011,29-APR-2026,31-MAR-2026,2116926146.0,99
"CAPSTONE WEALTH MANAGEMENT GROUP, LLC",0001923052,0001951757-26-000753,29-APR-2026,31-MAR-2026,238754460.0,97
FLOSSBACH VON STORCH SE,0001575677,0001575677-26-000004,29-APR-2026,31-MAR-2026,21434622574.0,108
KERR FINANCIAL PLANNING Corp,0002095947,0002095947-26-000002,29-APR-2026,31-MAR-2026,81380576.0,522
SIGMA INVESTMENT COUNSELORS INC,0001085163,0001085163-26-000002,29-APR-2026,31-MAR-2026,1892858378.0,194
"JACKSON THORNTON WEALTH MANAGEMENT, LLC",0001903880,0001903880-26-000002,29-APR-2026,31-MAR-2026,1111171056.0,286
"Tilson Financial Group, Inc.",0001964820,0001964820-26-000003,29-APR-2026,31-MAR-2026,333244404.0,79
Taylor Frigon Capital Management LLC,0001632665,0001632665-26-000002,29-APR-2026,31-MAR-2026,175751945.0,93
Miramar Fiduciary Corp,0001587301,0001587301-26-000004,29-APR-2026,31-MAR-2026,121979064.0,5
Aberdeen Group plc,0001716774,0001716774-26-000013,29-APR-2026,31-MAR-2026,61936415681.0,931
"Downshift Financial, LLC",0002118380,0002118380-26-000002,29-APR-2026,31-MAR-2026,193163702.0,77
Mithaq Capital SPC,0001834600,0001834600-26-000009,29-APR-2026,31-MAR-2026,165931661.0,4
"Global Strategic Investment Solutions, LLC",0001760076,0002085853-26-000526,29-APR-2026,31-MAR-2026,1016885983.0,144
Horst & Graben Wealth Management LLC,0001818207,0001754960-26-000341,29-APR-2026,31-MAR-2026,728965486.0,195
Alberta Investment Management Corp,0001463559,0001463559-26-000003,29-APR-2026,31-MAR-2026,16233664323.0,577
"HOEY INVESTMENTS, INC",0001799544,0001799544-26-000002,29-APR-2026,31-MAR-2026,677584014.0,416
"Northwest Wealth Advisors, LLC",0002094564,0002085853-26-000523,29-APR-2026,31-MAR-2026,140005693.0,64
SeaBridge Investment Advisors LLC,0001304229,0001304229-26-000003,29-APR-2026,31-MAR-2026,591056565.0,188
"LWM Advisory Services, LLC",0001697716,0001420506-26-000765,29-APR-2026,31-MAR-2026,93658151.0,76
"Acuitas Investments, LLC",0001524828,0001941040-26-000280,29-APR-2026,31-MAR-2026,1409435.0,9
"BFSG, LLC",0001706836,0001706836-26-000002,29-APR-2026,31-MAR-2026,1054331480.0,747
Evergreen Private Wealth LLC,0002010098,0002010098-26-000003,29-APR-2026,31-MAR-2026,247408997.0,86
Clare Market Investments LLC,0002054098,0002085853-26-000521,29-APR-2026,31-MAR-2026,477985198.0,167
Swedbank AB,0000946431,0000946431-26-000005,29-APR-2026,31-MAR-2026,95148529369.0,684
Signet Private Wealth LLC,0002096298,0002085853-26-000516,29-APR-2026,31-MAR-2026,104722434.0,117
Unified Investment Management,0002054855,0002085853-26-000519,29-APR-2026,31-MAR-2026,97128236.0,132
San Luis Wealth Advisors LLC,0001844709,0001844709-26-000003,29-APR-2026,31-MAR-2026,604363050.0,172
"Navalign, LLC",0001820593,0001820593-26-000003,29-APR-2026,31-MAR-2026,396495108.0,127
"AK GLOBAL ASSET MANAGEMENT, LLC",0002105908,0002105908-26-000002,29-APR-2026,31-MAR-2026,106335.0,28
Baer Investment Advisory LLC,0002057153,0001754960-26-000346,29-APR-2026,31-MAR-2026,70423353.0,23
CARY STREET PARTNERS INVESTMENT ADVISORY LLC,0001766904,0001766904-26-000002,29-APR-2026,31-MAR-2026,391536171.0,689
Sageworth Trust Co,0001482688,0001482688-26-000005,29-APR-2026,31-MAR-2026,2326253154.0,172
SOUTHERN CAPITAL SERVICES INC /ADV,0000711987,0002085853-26-000533,29-APR-2026,31-MAR-2026,155603882.0,29
"ArborFi Advisors, LLC",0002054674,0002054674-26-000002,29-APR-2026,31-MAR-2026,122496941.0,45
"W ADVISORS, LLC",0001929907,0001172661-26-001570,29-APR-2026,31-MAR-2026,195065670.0,141
"LMCG INVESTMENTS, LLC",0001470944,0001470944-26-000002,29-APR-2026,31-MAR-2026,1680459999.0,220
RAELIPSKIE PARTNERSHIP,0002023896,0001062993-26-002199,29-APR-2026,31-MAR-2026,236219901.0,119
"Landmark Wealth Management, LLC",0001728778,0001728778-26-000003,29-APR-2026,31-MAR-2026,373445336.0,148
Alliance Wealth Management Group,0001623707,0001623707-26-000003,29-APR-2026,31-MAR-2026,457097708.0,97
DSM CAPITAL PARTNERS LLC,0001214639,0001172661-26-001568,29-APR-2026,31-MAR-2026,5656718781.0,44
RENASANT BANK,0001656167,0001656167-26-000005,29-APR-2026,31-MAR-2026,141313667.0,137
Clear Point Advisors Inc.,0002010474,0001754960-26-000345,29-APR-2026,31-MAR-2026,129015219.0,75
MEITAV INVESTMENT HOUSE LTD,0001398346,0001178913-26-002286,29-APR-2026,31-MAR-2026,9120130098.0,232
Corus Family Wealth Advisors,0001894830,0001894830-26-000002,29-APR-2026,31-MAR-2026,122800755.0,69
"McGuire Investment Group, LLC",0001756959,0001756959-26-000002,29-APR-2026,31-MAR-2026,885333898.0,121
"WJ Wealth Management, LLC",0001801674,0001801674-26-000002,29-APR-2026,31-MAR-2026,213557383.0,70
"Nilsine Partners, LLC",0001913043,0001913043-26-000003,29-APR-2026,31-MAR-2026,1279576619.0,416
Police & Firemen's Retirement System of New Jersey,0002040686,0002040686-26-000002,29-APR-2026,31-MAR-2026,11713614285.0,3135
"Houlihan Financial Resource Group, Ltd.",0001802879,0001802879-26-000002,29-APR-2026,31-MAR-2026,256604675.0,109
SPEECE THORSON CAPITAL GROUP INC,0000900169,0000900169-26-000002,29-APR-2026,31-MAR-2026,438991.0,38
"WESPAC Advisors, LLC",0001484540,0001484540-26-000002,29-APR-2026,31-MAR-2026,182626060.0,178
Unison Asset Management LLC,0001840755,0001840755-26-000002,29-APR-2026,31-MAR-2026,218759207.0,32
CREDIT INDUSTRIEL ET COMMERCIAL,0001274419,0001274419-26-000005,29-APR-2026,31-MAR-2026,627702590.0,228
Blossom Wealth Management,0001839735,0001839735-26-000002,29-APR-2026,31-MAR-2026,67408610.0,74
"UNICOM Systems, Inc.",0001996154,0001996154-26-000009,29-APR-2026,31-MAR-2026,975772903.0,32
"Resonant Capital Advisors, LLC",0001803236,0002085853-26-000527,29-APR-2026,31-MAR-2026,1903965029.0,495
EADS & HEALD WEALTH MANAGEMENT,0001035912,0001035912-26-000002,29-APR-2026,31-MAR-2026,200737079.0,140
"FIDELIS iM, LLC",0001894206,0001894206-26-000002,29-APR-2026,31-MAR-2026,264245957.0,25
Birch Hill Investment Advisors LLC,0001424177,0001172661-26-001564,29-APR-2026,31-MAR-2026,2227829243.0,195
Brooklyn Investment Group,0001795705,0001795705-26-000002,29-APR-2026,31-MAR-2026,3200643530.0,1827
"Sunrise Financial Services, LLC",0002110891,0002110891-26-000002,29-APR-2026,31-MAR-2026,141086360.0,622
"Frankly Finances, LLC",0002096338,0002096338-26-000003,29-APR-2026,31-MAR-2026,110498997.0,64
Great Hill Capital LLC,0002096165,0002085853-26-000525,29-APR-2026,31-MAR-2026,159914524.0,31
"True Link Financial Advisors, LLC",0001846236,0001846236-26-000003,29-APR-2026,31-MAR-2026,1619303954.0,418
Sageworth Trust Co of South Dakota,0001871593,0001871593-26-000004,29-APR-2026,31-MAR-2026,126243785.0,56
"BLUESTEM FINANCIAL ADVISORS, LLC",0001820680,0001820680-26-000002,29-APR-2026,31-MAR-2026,258947135.0,33
"RED CRANE WEALTH MANAGEMENT, LLC",0001686343,0001754960-26-000343,29-APR-2026,31-MAR-2026,121525653.0,72
INVESTED ADVISORS,0002090165,0002090165-26-000002,29-APR-2026,31-MAR-2026,99029551.0,138
HARTLINE INVESTMENT CORP/,0000945625,0001754960-26-000342,29-APR-2026,31-MAR-2026,908925543.0,112
"Garde Capital, Inc.",0001616328,0001616328-26-000002,29-APR-2026,31-MAR-2026,1669543489.0,198
CVFG LLC,0002050974,0001951757-26-000759,29-APR-2026,31-MAR-2026,804347792.0,239
Q Fund Management (Hong Kong) Ltd,0002078832,0002078832-26-000008,29-APR-2026,31-MAR-2026,41703774.0,21
K2 Financial Inc.,0002044711,0002044711-26-000002,29-APR-2026,31-MAR-2026,137510667.0,59
"Impact Investors, Inc",0001824539,0001824539-26-000002,29-APR-2026,31-MAR-2026,143982191.0,106
"Penobscot Investment Management Company, Inc.",0001394866,0001394866-26-000002,29-APR-2026,31-MAR-2026,1278764379.0,311
"United Asset Strategies, Inc.",0001539948,0002085853-26-000524,29-APR-2026,31-MAR-2026,1256843751.0,257
OREGON PUBLIC EMPLOYEES RETIREMENT FUND,0001107314,0001213900-26-049261,29-APR-2026,31-MAR-2026,7576181694.0,1510
Proactive Wealth Strategies LLC,0002043129,0002043129-26-000002,29-APR-2026,31-MAR-2026,532018811.0,210
LiftPoint Family Wealth Advisors LLC,0002110810,0002110810-26-000002,29-APR-2026,31-MAR-2026,120754155.0,55
Broussard Financial Group LLC,0001548136,0001548136-26-000002,29-APR-2026,31-MAR-2026,124989205.0,29
Wesleyan Assurance Society,0001773368,0001773368-26-000002,29-APR-2026,31-MAR-2026,1694209.0,106
Addison Capital Co,0001581465,0001420506-26-000770,29-APR-2026,31-MAR-2026,562176616.0,182
Live Oak Investment Partners,0001822262,0001822262-26-000003,29-APR-2026,31-MAR-2026,169413643.0,93
"SILVER OAK WEALTH ADVISORS SERVICES, LLC",0002060368,0001941040-26-000281,29-APR-2026,31-MAR-2026,153961903.0,39
"Ascent Advisors, LLC",0002109853,0002085853-26-000534,29-APR-2026,31-MAR-2026,54446383.0,40
CONNABLE OFFICE INC,0000914933,0000914933-26-000002,29-APR-2026,31-MAR-2026,1016416855.0,224
Mn Services Vermogensbeheer B.V.,0001666940,0001666940-26-000002,30-APR-2026,31-MAR-2026,15145675.0,430
"KLCM Advisors, Inc.",0001166620,0001166620-26-000003,30-APR-2026,31-MAR-2026,1148977956.0,256
Valued Wealth Advisors LLC,0002007175,0002007175-26-000002,30-APR-2026,31-MAR-2026,246744871.0,751
"Wilmington Savings Fund Society, FSB",0000900974,0000900974-26-000002,30-APR-2026,31-MAR-2026,4195652628.0,1423
"DONALDSON CAPITAL MANAGEMENT, LLC",0001487438,0001487438-26-000003,30-APR-2026,31-MAR-2026,3085922590.0,233
"CarsonAllaria Wealth Management, Ltd.",0001900946,0001900946-26-000002,30-APR-2026,31-MAR-2026,202421933.0,69
"ARGA Investment Management, LP",0001556915,0001104659-26-052595,30-APR-2026,31-MAR-2026,3045025830.0,109
"Cherry Creek Investment Advisors, Inc.",0001877829,0001877829-26-000002,30-APR-2026,31-MAR-2026,230124141.0,124
AIGH Capital Management LLC,0001835943,0001214659-26-005295,30-APR-2026,31-MAR-2026,488274122.0,40
Range Financial Group LLC,0001928635,0001928635-26-000003,30-APR-2026,31-MAR-2026,297971142.0,190
Stiles Financial Services Inc,0001904832,0001904832-26-000001,30-APR-2026,31-MAR-2026,327246654.0,177
"Selective Wealth Management, Inc.",0001755670,0001755670-26-000002,30-APR-2026,31-MAR-2026,337518833.0,120
"Yukon Wealth Management, Inc.",0002065849,0002065849-26-000004,30-APR-2026,31-MAR-2026,167519802.0,79
Warm Springs Advisors Inc.,0002057078,0001214659-26-005329,30-APR-2026,31-MAR-2026,117766499.0,48
"Financial Freedom, LLC",0001965484,0001965484-26-000002,30-APR-2026,31-MAR-2026,200802232.0,426
FIRST HORIZON CORP,0000036966,0000036966-26-000083,30-APR-2026,31-MAR-2026,2391724443.0,1465
FIRST NATIONAL BANK & TRUST CO OF NEWTOWN,0001339908,0001339908-26-000002,30-APR-2026,31-MAR-2026,463624570.0,142
State of Wisconsin - Board of Commissioners of Public Lands,0001967732,0001214659-26-005315,30-APR-2026,31-MAR-2026,151904276.0,6
Cohalo Advisory LLC,0002056438,0002056438-26-000003,30-APR-2026,31-MAR-2026,1412906.0,13
KORNITZER CAPITAL MANAGEMENT INC /KS,0000898358,0000898358-26-000005,30-APR-2026,31-MAR-2026,4648380478.0,505
"Elevated Capital Advisors, LLC",0001802387,0001802387-26-000002,30-APR-2026,31-MAR-2026,397340097.0,843
"Barnett & Company, Inc.",0001426588,0001426588-26-000001,30-APR-2026,31-MAR-2026,128670919.0,88
LANDAAS & CO /WI /ADV,0000913990,0000913990-26-000010,30-APR-2026,31-MAR-2026,455913090.0,130
New Jersey Better Educational Savings Trust,0001482010,0001482010-26-000002,30-APR-2026,31-MAR-2026,60909062.0,4
"Horrell Capital Management, Inc.",0001385925,0001385925-26-000002,30-APR-2026,31-MAR-2026,219450014.0,194
"NISA INVESTMENT ADVISORS, LLC",0000937615,0000937615-26-000003,30-APR-2026,31-MAR-2026,27040554126.0,3039
Graetz Wealth LLC,0002053877,0002053877-26-000002,30-APR-2026,31-MAR-2026,112023450.0,80
"MV CAPITAL MANAGEMENT, INC.",0001633366,0001633366-26-000005,30-APR-2026,31-MAR-2026,1019346625.0,1197
Stegner Investment Associates Inc.,0001907433,0001907433-26-000002,30-APR-2026,31-MAR-2026,182582760.0,29
State of New Jersey Common Pension Fund E,0001483260,0001483260-26-000002,30-APR-2026,31-MAR-2026,77686527.0,1
Waterfront Wealth Inc.,0001775210,0001775210-26-000004,30-APR-2026,31-MAR-2026,544638122.0,283
COOKSON PEIRCE & CO INC,0001141455,0001141455-26-000003,30-APR-2026,31-MAR-2026,2362107025.0,303
BAYPOINTE PARTNERS LLC,0002044734,0001214659-26-005323,30-APR-2026,31-MAR-2026,72868412.0,20
"North Capital, Inc.",0002065938,0002065938-26-000003,30-APR-2026,31-MAR-2026,118051032.0,93
"Simplicity Wealth,LLC",0001913243,0001062993-26-002226,30-APR-2026,31-MAR-2026,1764533090.0,748
IBEX WEALTH ADVISORS,0001686242,0001686242-26-000002,30-APR-2026,31-MAR-2026,1073946225.0,203
Hyposwiss Advisors SA,0002111640,0002111640-26-000002,30-APR-2026,31-MAR-2026,101154279.0,112
"LRI Investments, LLC",0002023325,0002023325-26-000002,30-APR-2026,31-MAR-2026,1128958580.0,1415
"Mitsubishi UFJ Morgan Stanley Securities Co., Ltd.",0001545545,0001545545-26-000007,30-APR-2026,31-MAR-2026,40675626.0,154
"Demars Financial Group, LLC",0001723115,0001723115-26-000003,30-APR-2026,31-MAR-2026,303728707.0,103
"ES4, LLC",0002095578,0002095578-26-000004,30-APR-2026,31-MAR-2026,154879036.0,32
Lipe & Dalton,0001570396,0001570396-26-000005,30-APR-2026,31-MAR-2026,191040.0,92
HOERTKORN RICHARD CHARLES,0001598177,0001598177-26-000003,30-APR-2026,31-MAR-2026,121879195.0,75
Capstone Capital Management Ltd,0002069260,0002069260-26-000002,30-APR-2026,31-MAR-2026,99271966.0,51
"WPG Advisers, LLC",0002067343,0002067343-26-000002,30-APR-2026,31-MAR-2026,135724315.0,1476
"Resona Asset Management Co.,Ltd.",0001944142,0001104659-26-051959,30-APR-2026,31-MAR-2026,20072792810.0,791
Hikari Power Ltd,0001606152,0001606152-26-000002,30-APR-2026,31-MAR-2026,1147691.0,51
"BEAM WEALTH ADVISORS, INC.",0001803426,0001803426-26-000004,30-APR-2026,31-MAR-2026,401731792.0,108
"Cooksen Wealth, LLC",0002016393,0001214659-26-005313,30-APR-2026,31-MAR-2026,137685772.0,45
"SwitchPoint Financial Planning, LLC",0002055526,0002055526-26-000002,30-APR-2026,31-MAR-2026,147485022.0,64
Base Wealth Management LLC,0002083977,0002083977-26-000004,30-APR-2026,31-MAR-2026,178716477.0,60
Munich Reinsurance Co Stock Corp in Munich,0002090208,0001019056-26-000084,30-APR-2026,31-MAR-2026,4068207384.0,175
"ISTHMUS PARTNERS, LLC",0001639666,0001104659-26-051814,30-APR-2026,31-MAR-2026,953359795.0,217
"Vertex Investment Solutions Co., Ltd.",0002092214,0000898432-26-000299,30-APR-2026,31-MAR-2026,86530851.0,25
Capital Planning LLC,0001790688,0001790688-26-000002,30-APR-2026,31-MAR-2026,307448532.0,82
"Integrity Investment Advisors, LLC",0002066359,0002066359-26-000002,30-APR-2026,31-MAR-2026,184414882.0,74
Csenge Advisory Group,0001715593,0001715593-26-000002,30-APR-2026,31-MAR-2026,2183551081.0,746
"Acorn Wealth Advisors, LLC",0001730610,0001104659-26-052366,30-APR-2026,31-MAR-2026,343001760.0,264
AlpenGlobal Capital LLC,0002062492,0002062492-26-000002,30-APR-2026,31-MAR-2026,157108358.0,36
Harold Davidson & Associates Inc.,0001430022,0001172661-26-001578,30-APR-2026,31-MAR-2026,205915418.0,60
"Your Advocates Ltd., LLP",0001774437,0001774437-26-000003,30-APR-2026,31-MAR-2026,327898769.0,232
Kailix Advisors LLC,0001970731,0001951757-26-000762,30-APR-2026,31-MAR-2026,114341607.0,10
"Costello Asset Management, INC",0001760145,0001760145-26-000003,30-APR-2026,31-MAR-2026,289231312.0,685
MONEY CONCEPTS CAPITAL CORP,0000716851,0000716851-26-000007,30-APR-2026,31-MAR-2026,1808404647.0,567
BEACON FINANCIAL GROUP,0001591379,0001591379-26-000002,30-APR-2026,31-MAR-2026,1002561035.0,348
STONEBRIDGE ADVISORS LLC,0001367441,0001367441-26-000004,30-APR-2026,31-MAR-2026,84546258.0,2
Candriam S.C.A.,0001537014,0001537014-26-000002,30-APR-2026,31-MAR-2026,19250061564.0,692
Mason & Associates Inc,0001917686,0001917686-26-000002,30-APR-2026,31-MAR-2026,515005117.0,158
Bernzott Capital Advisors,0001260468,0002000324-26-001790,30-APR-2026,31-MAR-2026,208670446.0,38
PRIVATE TRUST CO NA,0001277557,0001277557-26-000002,30-APR-2026,31-MAR-2026,1119669191.0,2607
"Carmel Capital Partners, LLC",0001900481,0001900481-26-000003,30-APR-2026,31-MAR-2026,277058727.0,118
AZZAD ASSET MANAGEMENT INC /ADV,0001121914,0001121914-26-000004,30-APR-2026,31-MAR-2026,989016723.0,331
"Private Harbour Investment Management & Counsel, LLC",0001453526,0001453526-26-000005,30-APR-2026,31-MAR-2026,91052265.0,36
"ETF Store, Inc.",0001911470,0001911470-26-000002,30-APR-2026,31-MAR-2026,102680971.0,100
"Madison Wealth Partners, Inc",0001844424,0001104659-26-052362,30-APR-2026,31-MAR-2026,626955392.0,220
"Stablepoint Partners, LLC",0002011237,0001951757-26-000764,30-APR-2026,31-MAR-2026,672593609.0,260
"Shakespeare Wealth Management, LLC",0001658509,0001104659-26-052530,30-APR-2026,31-MAR-2026,422329676.0,98
EQUITABLE TRUST CO,0000033250,0000033250-26-000002,30-APR-2026,31-MAR-2026,2166652560.0,463
OMC Financial Services LTD,0002026391,0002063364-26-000140,30-APR-2026,31-MAR-2026,257949602.0,64
"ACR Alpine Capital Research, LLC",0001508822,0001508822-26-000004,30-APR-2026,31-MAR-2026,6698443239.0,36
TEACHER RETIREMENT SYSTEM OF TEXAS,0000796848,0000796848-26-000002,30-APR-2026,31-MAR-2026,24004980217.0,1478
"Torren Management, LLC",0002096203,0002096203-26-000002,30-APR-2026,31-MAR-2026,200836739.0,983
"Beacon Harbor Wealth Advisors, Inc.",0001784093,0002063364-26-000136,30-APR-2026,31-MAR-2026,477165905.0,70
"Legacy Financial Advisors, Inc.",0001730810,0001765380-26-000129,30-APR-2026,31-MAR-2026,715120280.0,404
"CORRADO ADVISORS, LLC",0001482611,0001482611-26-000002,30-APR-2026,31-MAR-2026,191681422.0,115
"Paladin Advisory Group, LLC",0001899703,0001899703-26-000005,30-APR-2026,31-MAR-2026,131479680.0,241
"Fortune Financial Advisors, LLC",0001961828,0001961828-26-000004,30-APR-2026,31-MAR-2026,196213953.0,148
Cromwell Holdings LLC,0001894712,0001894712-26-000002,30-APR-2026,31-MAR-2026,177774039.0,1036
"Team Hewins, LLC",0001964760,0001765380-26-000130,30-APR-2026,31-MAR-2026,336506354.0,41
Myriad Asset Management Advisors LLC,0002069031,0002069031-26-000003,30-APR-2026,31-MAR-2026,339387000.0,47
GENWORTH FINANCIAL INC,0001276520,0001628280-26-028752,30-APR-2026,31-MAR-2026,427736917.0,2
OAK RIDGE INVESTMENTS LLC,0001054554,0001172661-26-001576,30-APR-2026,31-MAR-2026,1511845289.0,181
"Left Brain Wealth Management, LLC",0001957370,0001104659-26-052365,30-APR-2026,31-MAR-2026,254597875.0,79
State of New Jersey Common Pension Fund A,0001483262,0001483262-26-000002,30-APR-2026,31-MAR-2026,225877461.0,3
Texas Bank & Trust Co,0002056556,0002056556-26-000002,30-APR-2026,31-MAR-2026,266239151.0,176
CORTLAND ASSOCIATES INC/MO,0001014315,0001140361-26-018075,30-APR-2026,31-MAR-2026,696751000.0,62
"Nuveen, LLC",0001871926,0000930413-26-001390,30-APR-2026,31-MAR-2026,369267896892.0,3224
"Whipplewood Advisors, LLC",0002052510,0002052510-26-000002,30-APR-2026,31-MAR-2026,192703126.0,1065
Pearl Planning LLC,0002100519,0002100519-26-000003,30-APR-2026,31-MAR-2026,187100702.0,52
"Channing Global Advisors, LLC",0001901222,0001376474-26-000326,30-APR-2026,31-MAR-2026,171050215.0,47
Meadow Creek Wealth Advisors LLC,0001801107,0001062993-26-002237,30-APR-2026,31-MAR-2026,154537021.0,135
"Summit Portfolio Management, LTD.",0002132683,0002132683-26-000002,30-APR-2026,31-MAR-2026,155448713.0,24
"PRIMORIS WEALTH ADVISORS, LLC",0001909619,0002085853-26-000540,30-APR-2026,31-MAR-2026,142727429.0,96
"ATX Financial Planning, LLC",0002111013,0002111013-26-000002,30-APR-2026,31-MAR-2026,131631442.0,81
"MOSAIC FAMILY WEALTH PARTNERS, LLC",0001965241,0001104659-26-052718,30-APR-2026,31-MAR-2026,976996786.0,286
"WALLED LAKE PLANNING & WEALTH MANAGEMENT, LLC",0001812177,0001104659-26-052565,30-APR-2026,31-MAR-2026,340285083.0,136
"GRIFFIN ASSET MANAGEMENT, INC.",0000883803,0001941040-26-000285,30-APR-2026,31-MAR-2026,886608813.0,228
Stronghold Wealth Management L.L.C.,0002107257,0002107257-26-000004,30-APR-2026,31-MAR-2026,66170107.0,119
"Hassell Wealth Management, LLC",0001965270,0001965270-26-000004,30-APR-2026,31-MAR-2026,298029468.0,28
Verdence Capital Advisors LLC,0001719305,0001719305-26-000003,30-APR-2026,31-MAR-2026,1714524954.0,638
"River Road Asset Management, LLC",0001341401,0001341401-26-000012,30-APR-2026,31-MAR-2026,8821349511.0,176
"Cambridge Investment Research Advisors, Inc.",0001419186,0001419186-26-000003,30-APR-2026,31-MAR-2026,38798037.0,3924
William Howard & Co Financial Advisors Inc,0002023493,0002063364-26-000138,30-APR-2026,31-MAR-2026,115784695.0,54
SUMMIT SECURITIES GROUP LLC,0001531593,0001531593-26-000005,30-APR-2026,31-MAR-2026,205691026.0,823
AMANSA CAPITAL PTE. LTD.,0001660773,0000905148-26-001950,30-APR-2026,31-MAR-2026,186651878.0,2
Petix & Botte Co,0001803255,0001803255-26-000002,30-APR-2026,31-MAR-2026,448844226.0,137
"Palisades Investment Partners, LLC",0001427373,0001427373-26-000002,30-APR-2026,31-MAR-2026,255063744.0,51
"PERSONAL CFO SOLUTIONS, LLC",0001677501,0001677501-26-000005,30-APR-2026,31-MAR-2026,711929267.0,520
"Arista Wealth Management, LLC",0001964758,0002085853-26-000539,30-APR-2026,31-MAR-2026,821549804.0,253
Mascoma Wealth Management LLC,0001695664,0001695664-26-000002,30-APR-2026,31-MAR-2026,483809887.0,515
"WealthCare Asset Management, LLC",0002034181,0002034181-26-000002,30-APR-2026,31-MAR-2026,93950855.0,32
Indivisible Partners,0002098400,0002098400-26-000002,30-APR-2026,31-MAR-2026,1130077882.0,482
"PREVAIL INNOVATIVE WEALTH ADVISORS, LLC",0001989941,0001104659-26-052511,30-APR-2026,31-MAR-2026,594132203.0,178
VILLERE ST DENIS J & CO LLC,0001113629,0001193125-26-195398,30-APR-2026,31-MAR-2026,906922534.0,76
"Sumitomo Mitsui Trust Group, Inc.",0001475365,0001214659-26-005304,30-APR-2026,31-MAR-2026,154473528107.0,1047
Summa Corp.,0001954929,0001214659-26-005326,30-APR-2026,31-MAR-2026,241911970.0,83
"Henson-Edgewater Management, LLC",0002115631,0002063364-26-000134,30-APR-2026,31-MAR-2026,157208857.0,66
LECAP ASSET MANAGEMENT LTD,0001990849,0001990849-26-000003,30-APR-2026,31-MAR-2026,265905024.0,267
ROMAN BUTLER FULLERTON & CO,0000733444,0000733444-26-000004,30-APR-2026,31-MAR-2026,363646833.0,267
Fulcrum Capital LLC,0001724090,0001724090-26-000003,30-APR-2026,31-MAR-2026,460641255.0,101
"VUB Generali dochodkova spravcovska spolocnost, a.s.",0002111369,0002111369-26-000002,30-APR-2026,31-MAR-2026,126760992.0,91
SONATA CAPITAL GROUP INC,0001172036,0001172036-26-000002,30-APR-2026,31-MAR-2026,271094196.0,123
FIDELITY D & D BANCORP INC,0001098151,0001437749-26-014149,30-APR-2026,31-MAR-2026,249441971.0,107
"COLTON GROOME FINANCIAL ADVISORS, LLC",0001780330,0001780330-26-000003,30-APR-2026,31-MAR-2026,351242224.0,137
Peterson Wealth Services,0001906799,0001906799-26-000002,30-APR-2026,31-MAR-2026,404722507.0,215
"Guided Capital Wealth Management, LLC",0001849618,0001951757-26-000763,30-APR-2026,31-MAR-2026,151577257.0,34
"Rockline Wealth Management, LLC",0002005098,0001172661-26-001574,30-APR-2026,31-MAR-2026,460066000.0,108
"IMPACTfolio, LLC",0001896447,0001896447-26-000003,30-APR-2026,31-MAR-2026,235304529.0,35
"SkyOak Wealth, LLC",0001800379,0001800379-26-000002,30-APR-2026,31-MAR-2026,546069714.0,255
Relyea Zuckerberg Hanson LLC,0001793691,0001793691-26-000002,30-APR-2026,31-MAR-2026,994586010.0,276
MMBG INVESTMENT ADVISORS CO.,0001765876,0001765876-26-000003,30-APR-2026,31-MAR-2026,1088731783.0,172
Jordan Park Trust Co LLC,0002051108,0002051108-26-000004,30-APR-2026,31-MAR-2026,131028524.0,14
ARBOR CAPITAL MANAGEMENT INC /ADV,0001027570,0001027570-26-000003,30-APR-2026,31-MAR-2026,122597114.0,101
Main Street Research LLC,0001513211,0001420506-26-000773,30-APR-2026,31-MAR-2026,1718527602.0,148
GreatBanc Trust CO,0001427099,0001427099-26-000004,30-APR-2026,31-MAR-2026,142903942.0,67
Manske Wealth Management,0002095143,0002095143-26-000002,30-APR-2026,31-MAR-2026,356964300.0,215
Naria Inc.,0002012185,0001104659-26-052651,30-APR-2026,31-MAR-2026,556476222.0,1
"Socha Financial Group, LLC",0001967966,0001967966-26-000002,30-APR-2026,31-MAR-2026,197152986.0,14
"Opus Capital Group, LLC",0001330325,0001330325-26-000004,30-APR-2026,31-MAR-2026,929809.0,139
"Owen LaRue, LLC",0001965328,0001965328-26-000002,30-APR-2026,31-MAR-2026,260526254.0,128
MANNING & NAPIER ADVISORS LLC,0000062039,0001999371-26-009545,30-APR-2026,31-MAR-2026,7092705340.0,616
"Kestra Advisory Services, LLC",0001830819,0001830819-26-000004,30-APR-2026,31-MAR-2026,26418065863.0,3105
"Sompo Asset Management Co., Ltd.",0001533504,0001172661-26-001575,30-APR-2026,31-MAR-2026,544748762.0,180
"Sequoia Financial Advisors, LLC",0001599900,0001599900-26-000002,30-APR-2026,31-MAR-2026,17832693384.0,1885
"Alessandra Capital Management, LLC",0002132506,0002085853-26-000541,30-APR-2026,31-MAR-2026,117317590.0,112
"Diversified Investment Strategies, LLC",0001427196,0001427196-26-000002,30-APR-2026,31-MAR-2026,156541906.0,55
"RED CEDAR INVESTMENT MANAGEMENT, LLC",0001734398,0001734398-26-000003,30-APR-2026,31-MAR-2026,964521927.0,91
"TITLEIST ASSET MANAGEMENT, LLC",0001977759,0001104659-26-052537,30-APR-2026,31-MAR-2026,1324275667.0,396
CONNING INC.,0000801051,0000801051-26-000002,30-APR-2026,31-MAR-2026,3008851809.0,311
"DMC Group, LLC",0001893403,0001893403-26-000002,30-APR-2026,31-MAR-2026,148012304.0,141
"DARA CAPITAL US, INC.",0001891892,0001891892-26-000003,30-APR-2026,31-MAR-2026,105451199.0,119
"Griffith & Werner, Inc.",0002057200,0001754960-26-000347,30-APR-2026,31-MAR-2026,201802847.0,72
"Hegarty Advisors, LLC",0002107727,0002063364-26-000142,30-APR-2026,31-MAR-2026,126843025.0,57
"Nippon Life Global Investors Americas, Inc.",0001040190,0001172661-26-001577,30-APR-2026,31-MAR-2026,2217574752.0,106
Sollinda Capital Management LLC,0002012034,0002012034-26-000002,30-APR-2026,31-MAR-2026,411438106.0,75
"Forza Wealth Management, LLC",0001963030,0001963030-26-000002,30-APR-2026,31-MAR-2026,287466200.0,188
"SCF Partners, Inc.",0001085550,0001193125-26-197442,30-APR-2026,31-MAR-2026,32205000.0,1
ASR Vermogensbeheer N.V.,0001916757,0001916757-26-000004,30-APR-2026,31-MAR-2026,8502986863.0,532
HSBC HOLDINGS PLC,0000873630,0000873630-26-000003,30-APR-2026,31-MAR-2026,167739619280.0,2382
"Granite Investment Partners, LLC",0001542266,0001398344-26-007897,30-APR-2026,31-MAR-2026,1626337061.0,263
"Triune Financial Partners, LLC",0002040393,0002040393-26-000002,30-APR-2026,31-MAR-2026,420520266.0,47
DAVIS-REA LTD.,0001482171,0001193125-26-194528,30-APR-2026,31-MAR-2026,383697425.0,54
"Cedar Mountain Advisors, LLC",0001798986,0001798986-26-000002,30-APR-2026,31-MAR-2026,511378412.0,1152
"BLODGETT WEALTH ADVISORS, LLC",0001907826,0001907826-26-000002,30-APR-2026,31-MAR-2026,126185536.0,64
Accredited Investors Inc.,0001518364,0001518364-26-000003,30-APR-2026,31-MAR-2026,1855642370.0,281
CAISSE DES DEPOTS ET CONSIGNATIONS,0001056947,0001104659-26-052307,30-APR-2026,31-MAR-2026,6064176196.0,217
"Millstone Evans Group, LLC",0002041943,0002041943-26-000002,30-APR-2026,31-MAR-2026,166644144.0,856
"Beirne Wealth Consulting Services, LLC",0001697303,0001697303-26-000003,30-APR-2026,31-MAR-2026,353592457.0,105
Independence Bank of Kentucky,0001730479,0001730479-26-000002,30-APR-2026,31-MAR-2026,789355281.0,623
AlphaQuest LLC,0001883897,0001140361-26-018158,30-APR-2026,31-MAR-2026,0.0,1
Groupe des Assurances du Credit Mutuel,0002056266,0002056266-26-000003,30-APR-2026,31-MAR-2026,202384441.0,5
"COMMONS CAPITAL, LLC",0001912835,0001951757-26-000761,30-APR-2026,31-MAR-2026,119599951.0,85
INCA Investments LLC,0001513137,0001420506-26-000774,30-APR-2026,31-MAR-2026,281787833.0,10
"Winch Advisory Services, LLC",0001585822,0001580642-26-002800,30-APR-2026,31-MAR-2026,438050135.0,530
"Ramsay, Stattman, Vela & Price, Inc.",0001541399,0001541399-26-000006,30-APR-2026,31-MAR-2026,506330602.0,79
" ALTOS VENTURES MANAGEMENT, INC.",0001881755,0001881755-26-000006,30-APR-2026,31-MAR-2026,0.0,1
Core Alternative Capital,0001776878,0001376474-26-000325,30-APR-2026,31-MAR-2026,338742241.0,205
ROBINSON SMITH WEALTH ADVISORS LLC,0002008554,0001941040-26-000286,30-APR-2026,31-MAR-2026,147812287.0,84
"Atlas Venture Advisors, Inc.",0001767432,0001104659-26-053643,01-MAY-2026,31-MAR-2026,121605310.0,3
"Blume Capital Management, Inc.",0001587192,0001587192-26-000002,01-MAY-2026,31-MAR-2026,587317035.0,336
University of Pittsburgh - Of the Commonwealth System of Higher Education,0001896071,0001896071-26-000005,01-MAY-2026,31-MAR-2026,134885201.0,1
"Mowery & Schoenfeld Wealth Management, LLC",0002019946,0002019946-26-000002,01-MAY-2026,31-MAR-2026,65454109.0,357
Climber Capital SA,0002011229,0002011229-26-000002,01-MAY-2026,31-MAR-2026,152641341.0,69
"Summit Financial Strategies, Inc.",0001625246,0001172661-26-001585,01-MAY-2026,31-MAR-2026,1268961153.0,169
CAPITAL CITY TRUST CO/FL,0001095836,0001062993-26-002258,01-MAY-2026,31-MAR-2026,437436873.0,114
Steadview Capital Management LLC,0001844008,0000945621-26-000621,01-MAY-2026,31-MAR-2026,226619666.0,12
"Concord Asset Management, LLC/VA",0002031885,0002031885-26-000002,01-MAY-2026,31-MAR-2026,591826186.0,117
FIFTH THIRD BANCORP,0000035527,0001193125-26-201378,01-MAY-2026,31-MAR-2026,54719956303.0,4300
GENERAL AMERICAN INVESTORS CO INC,0000040417,0000040417-26-000043,01-MAY-2026,31-MAR-2026,1512743450.0,68
Maj Invest Holding A/S,0001730525,0001730525-26-000004,01-MAY-2026,31-MAR-2026,2272151.0,38
"Triton Wealth Management, PLLC",0001791126,0001791126-26-000002,01-MAY-2026,31-MAR-2026,269535719.0,124
"EQ WEALTH ADVISORS, LLC",0002047572,0001986152-26-000052,01-MAY-2026,31-MAR-2026,171050029.0,54
Glass Wealth Management Co LLC,0002017692,0002017692-26-000002,01-MAY-2026,31-MAR-2026,258095896.0,67
American Trust,0001905128,0001905128-26-000004,01-MAY-2026,31-MAR-2026,1131818468.0,313
"Vantage Investment Partners, LLC",0001534561,0001534561-26-000003,01-MAY-2026,31-MAR-2026,1449405343.0,64
"VALINOR MANAGEMENT, L.P.",0001401388,0001172661-26-001586,01-MAY-2026,31-MAR-2026,0.0,1
Markel Group Inc.,0001096343,0001096343-26-000044,01-MAY-2026,31-MAR-2026,11938885174.0,129
IDG China Capital Fund GP III Associates Ltd.,0001649611,0001104659-26-053908,01-MAY-2026,31-MAR-2026,113183560.0,2
"180 WEALTH ADVISORS, LLC",0001730817,0001730817-26-000002,01-MAY-2026,31-MAR-2026,879778463.0,472
Pacific Life Fund Advisors LLC,0001499091,0001398344-26-008086,01-MAY-2026,31-MAR-2026,870523152.0,21
"Silver Oak Advisory Group, Inc.",0001906937,0001906937-26-000002,01-MAY-2026,31-MAR-2026,231847.0,80
Ativo Capital Management LLC,0001423065,0001423065-26-000005,01-MAY-2026,31-MAR-2026,114953422.0,55
IDG China Venture Capital Fund IV Associates L.P.,0001609021,0001104659-26-053900,01-MAY-2026,31-MAR-2026,219231745.0,4
"SAGE PRIVATE WEALTH GROUP, LLC",0001845635,0001765380-26-000132,01-MAY-2026,31-MAR-2026,198689043.0,97
Hills Bank & Trust Co,0001309148,0001309148-26-000011,01-MAY-2026,31-MAR-2026,2068702051.0,355
BCK CAPITAL MANAGEMENT LP,0001819275,0001819275-26-000002,01-MAY-2026,31-MAR-2026,22956591.0,21
"Clientfirst Wealth Management, LLC",0001915494,0001915494-26-000002,01-MAY-2026,31-MAR-2026,118486226.0,50
"Valmark Advisers, Inc.",0001380443,0001380443-26-000003,01-MAY-2026,31-MAR-2026,8415793020.0,675
Brown University,0001664741,0000904454-26-000246,01-MAY-2026,31-MAR-2026,101849782.0,11
CAMPBELL CAPITAL MANAGEMENT INC,0000826794,0000826794-26-000004,01-MAY-2026,31-MAR-2026,209147.0,31
"Mueller Wealth, LLC",0002110608,0002110608-26-000002,01-MAY-2026,31-MAR-2026,125394619.0,17
FINANCIAL COUNSELORS INC,0000949623,0000949623-26-000005,01-MAY-2026,31-MAR-2026,70859454.0,12
Mountain Hill Investment Partners Corp.,0002055557,0002055557-26-000002,01-MAY-2026,31-MAR-2026,168992625.0,205
"Granite Bay Wealth Management, LLC",0001911472,0001911472-26-000002,01-MAY-2026,31-MAR-2026,469922777.0,93
"Wildcat Capital Management, LLC",0001582384,0001999371-26-009738,01-MAY-2026,31-MAR-2026,106183289.0,2
"Guardian Wealth Advisors, LLC",0001858828,0001858828-26-000002,01-MAY-2026,31-MAR-2026,173922848.0,64
"Heronetta Management, L.P.",0001588225,0000922423-26-000014,01-MAY-2026,31-MAR-2026,109570600.0,16
"Warburton Capital Management, LLC",0002054795,0002054795-26-000002,01-MAY-2026,31-MAR-2026,205053.0,68
"Sachetta, LLC",0002010574,0001398344-26-008098,01-MAY-2026,31-MAR-2026,184420912.0,1074
"Castleview Partners, LLC",0001737088,0001737088-26-000004,01-MAY-2026,31-MAR-2026,195075071.0,200
"HANTZ FINANCIAL SERVICES, INC.",0001071061,0001071061-26-000005,01-MAY-2026,31-MAR-2026,6557904.0,2577
"Darwin Wealth Management, LLC",0001663224,0001663224-26-000002,01-MAY-2026,31-MAR-2026,321024658.0,604
"Ring Mountain Capital, LLC",0002051343,0002051343-26-000002,01-MAY-2026,31-MAR-2026,182835.0,94
Spectrum Financial Alliance Ltd LLC,0001566531,0001214659-26-005384,01-MAY-2026,31-MAR-2026,520306578.0,30
"Evolution Advisers, Inc.",0001906967,0001906967-26-000005,01-MAY-2026,31-MAR-2026,237264.0,162
Carnegie Investment Counsel,0001511506,0001511506-26-000004,01-MAY-2026,31-MAR-2026,5130490298.0,559
BLS CAPITAL FONDSMAEGLERSELSKAB A/S,0001670104,0001172661-26-001581,01-MAY-2026,31-MAR-2026,2937463664.0,11
"Slagle Financial, LLC",0001984918,0001984918-26-000005,01-MAY-2026,31-MAR-2026,302710611.0,121
Lester Murray Antman dba SimplyRich,0001725888,0001725888-26-000002,01-MAY-2026,31-MAR-2026,390927.0,233
"HOHIMER WEALTH MANAGEMENT, LLC",0001802533,0001802533-26-000003,01-MAY-2026,31-MAR-2026,818245413.0,367
"Anchor Investment Management, LLC",0001634149,0001634149-26-000002,01-MAY-2026,31-MAR-2026,1198680083.0,1067
MilWealth Group LLC,0001972750,0001972750-26-000004,01-MAY-2026,31-MAR-2026,420115398.0,81
"Capital Today Evergreen Fund, L.P.",0001625502,0001193125-26-201027,01-MAY-2026,31-MAR-2026,173010552.0,3
Riverview Trust Co,0001593600,0001593600-26-000002,01-MAY-2026,31-MAR-2026,81197775.0,202
MOKAN Wealth Management Inc.,0002053727,0002053727-26-000002,01-MAY-2026,31-MAR-2026,225927314.0,109
"Global Wealth Management Investment Advisory, Inc.",0001767855,0001767855-26-000002,01-MAY-2026,31-MAR-2026,638446887.0,158
Quantum Portfolio Management LLC,0002003672,0001172661-26-001580,01-MAY-2026,31-MAR-2026,229581523.0,254
ADVISORS MANAGEMENT GROUP INC /ADV,0000842766,0000842766-26-000003,01-MAY-2026,31-MAR-2026,548507.0,158
Midwest Trust Co,0002077080,0002077080-26-000009,01-MAY-2026,31-MAR-2026,8017724375.0,593
Citizens Business Bank,0001948632,0001948632-26-000002,01-MAY-2026,31-MAR-2026,610320088.0,135
"PATHWAY CAPITAL MANAGEMENT, LP",0001037353,0001214659-26-005375,01-MAY-2026,31-MAR-2026,4297300.0,2
"AF Advisors, Inc.",0001818044,0001818044-26-000002,01-MAY-2026,31-MAR-2026,180853116.0,26
"Lakeside Advisors, INC.",0001913467,0001398344-26-007982,01-MAY-2026,31-MAR-2026,149842826.0,65
YACKTMAN ASSET MANAGEMENT LP,0000905567,0000905567-26-000002,01-MAY-2026,31-MAR-2026,7499157453.0,76
"Symphony Financial, Ltd. Co.",0001800687,0001754960-26-000348,01-MAY-2026,31-MAR-2026,755031086.0,315
"Advisors Capital Management, LLC",0001345576,0002063364-26-000145,01-MAY-2026,31-MAR-2026,8581449970.0,566
"Farrow Financial, Inc.",0002010644,0002010644-26-000002,01-MAY-2026,31-MAR-2026,176083566.0,53
Rossmore Private Capital,0001733082,0001398344-26-008115,01-MAY-2026,31-MAR-2026,1134356017.0,329
"Liquid Strategies, LLC",0001774727,0001062993-26-002261,01-MAY-2026,31-MAR-2026,465478830.0,9
Strategic Wealth Advisors LLC,0002107449,0002107449-26-000002,01-MAY-2026,31-MAR-2026,124674.0,267
"BCR Wealth Strategies, LLC",0001908380,0001908380-26-000002,01-MAY-2026,31-MAR-2026,319088.0,36
IDG China Venture Capital Fund V Associates L.P.,0001709671,0001104659-26-053906,01-MAY-2026,31-MAR-2026,125692607.0,1
Lodestone Wealth Management LLC,0001950158,0001950158-26-000003,01-MAY-2026,31-MAR-2026,252333515.0,781
Merrithew & Thorsten Inc,0002107460,0002107460-26-000002,01-MAY-2026,31-MAR-2026,106044.0,122
Platt Wealth Management LLC,0002109497,0002109497-26-000002,01-MAY-2026,31-MAR-2026,102557.0,50
"Connecticut Wealth Management, LLC",0001689829,0001214659-26-005373,01-MAY-2026,31-MAR-2026,2386308451.0,327
ACCOUNT MANAGEMENT LLC,0000769954,0000769954-26-000003,01-MAY-2026,31-MAR-2026,91260170.0,23
"SECURIAN ASSET MANAGEMENT, INC",0001035350,0001104659-26-053425,01-MAY-2026,31-MAR-2026,2526276815.0,925
TSA Wealth Managment LLC,0001963669,0001963669-26-000002,01-MAY-2026,31-MAR-2026,309448975.0,105
"Wingate Wealth Advisors, Inc.",0002041800,0002041800-26-000002,01-MAY-2026,31-MAR-2026,187127583.0,121
Welch & Forbes LLC,0000105495,0000105495-26-000002,01-MAY-2026,31-MAR-2026,7734743701.0,368
"Kohmann Bosshard Financial Services, LLC",0001696615,0001696615-26-000003,01-MAY-2026,31-MAR-2026,1027547728.0,209
Greylock XIV GP LLC,0001660424,0001193125-26-201404,01-MAY-2026,31-MAR-2026,1235006516.0,1
Phocas Financial Corp.,0001356783,0001754960-26-000349,01-MAY-2026,31-MAR-2026,636860291.0,155
Vestment Financial LLC,0002056705,0002056705-26-000002,01-MAY-2026,31-MAR-2026,212330883.0,42
ROYAL LONDON ASSET MANAGEMENT LTD,0000863748,0000863748-26-000005,01-MAY-2026,31-MAR-2026,47684943061.0,688
"WealthShield Partners, LLC",0001729303,0001398344-26-008094,01-MAY-2026,31-MAR-2026,897526092.0,607
"Savoir Faire Capital Management, L.P.",0001710593,0001710593-26-000003,01-MAY-2026,31-MAR-2026,165610802.0,44
Brightwater Advisory LLC,0002034566,0002034566-26-000002,01-MAY-2026,31-MAR-2026,151190906.0,60
"ARQ WEALTH ADVISORS, LLC",0001811827,0001811827-26-000003,01-MAY-2026,31-MAR-2026,554790099.0,191
DROMS STRAUSS ADVISORS INC /MO/ /ADV,0001053292,0001053292-26-000004,01-MAY-2026,31-MAR-2026,382560175.0,77
"NATURAL INVESTMENTS, LLC",0001800245,0001800245-26-000002,01-MAY-2026,31-MAR-2026,405433.0,288
SAWGRASS ASSET MANAGEMENT LLC,0001105467,0001105467-26-000005,01-MAY-2026,31-MAR-2026,664158857.0,193
Avid Wealth Partners LLC,0001992344,0001992344-26-000005,01-MAY-2026,31-MAR-2026,211566346.0,71
Keener Financial Planning LLC,0002004495,0002004495-26-000002,01-MAY-2026,31-MAR-2026,237919.0,58
"Navigoe, LLC",0002056100,0002056100-26-000002,01-MAY-2026,31-MAR-2026,169324.0,228
"Strategic Financial Partners, Ltd.",0002027921,0002027921-26-000002,01-MAY-2026,31-MAR-2026,231502154.0,81
Supplemental Annuity Collective Trust of NJ,0001483065,0001483065-26-000002,01-MAY-2026,31-MAR-2026,354852511.0,297
UNIVEST FINANCIAL Corp,0000102212,0000102212-26-000029,01-MAY-2026,31-MAR-2026,1780741205.0,254
"CenterStar Asset Management, LLC",0001722053,0001722053-26-000003,01-MAY-2026,31-MAR-2026,103632190.0,87
Associated Banc-Corp,0000007789,0000007789-26-000144,01-MAY-2026,31-MAR-2026,3776924834.0,332
SFE Investment Counsel,0001317784,0001317784-26-000002,01-MAY-2026,31-MAR-2026,624231225.0,140
SoundView Advisors Inc.,0002054083,0002054083-26-000002,01-MAY-2026,31-MAR-2026,280957.0,31
"Cosner Financial Group, LLC",0001674627,0001674627-26-000003,01-MAY-2026,31-MAR-2026,182063092.0,34
"Spider Management Company, LLC",0001791621,0001791621-26-000002,01-MAY-2026,31-MAR-2026,350569178.0,5
ARIZONA STATE RETIREMENT SYSTEM,0001558481,0000897069-26-000996,01-MAY-2026,31-MAR-2026,17099776712.0,2051
Ball & Co Wealth Management Inc.,0002057075,0002057075-26-000004,01-MAY-2026,31-MAR-2026,119506.0,80
Compass Financial Services Inc,0002039088,0002072075-26-000006,01-MAY-2026,31-MAR-2026,230872708.0,56
Altium Capital Management LLC,0001746382,0001420506-26-000780,01-MAY-2026,31-MAR-2026,42020164.0,19
"Signature Resources Capital Management, LLC",0001940917,0001940917-26-000007,01-MAY-2026,31-MAR-2026,211050537.0,664
Premier Wealth Management W.L.L.,0002109952,0001104659-26-054232,01-MAY-2026,31-MAR-2026,0.0,1
Praxis Capital Management LLC,0001791253,0001791253-26-000002,01-MAY-2026,31-MAR-2026,42810707.0,39
"Heritage Investment Group, Inc.",0001876811,0001876811-26-000004,01-MAY-2026,31-MAR-2026,660807031.0,123
CV Advisors LLC,0001872254,0002085853-26-000544,01-MAY-2026,31-MAR-2026,366466592.0,46
"FINANCIAL ADVISORY PARTNERS, LLC",0001994252,0001994252-26-000002,01-MAY-2026,31-MAR-2026,353641122.0,66
46 Peaks LLC,0002112665,0001172661-26-001584,01-MAY-2026,31-MAR-2026,137332621.0,21
"NORTHCAPE WEALTH MANAGEMENT, LLC",0001902806,0001902806-26-000003,01-MAY-2026,31-MAR-2026,366835674.0,141
Towercrest Capital Management,0001633288,0001633288-26-000002,01-MAY-2026,31-MAR-2026,641775406.0,103
"Persium Advisors, LLC",0002033683,0002033683-26-000002,01-MAY-2026,31-MAR-2026,127027175.0,60
Seneca House Advisors,0001731359,0001731359-26-000002,01-MAY-2026,31-MAR-2026,251697725.0,96
Kassira Wealth Management LLC,0002095972,0002095972-26-000002,01-MAY-2026,31-MAR-2026,108874606.0,59
"R. W. Roge & Company, Inc.",0001800745,0001800745-26-000003,01-MAY-2026,31-MAR-2026,209659.0,65
IDG China Capital Fund III Associates L.P.,0001649614,0001104659-26-053912,01-MAY-2026,31-MAR-2026,868321583.0,2
One Degree Advisors Inc,0002005743,0002005743-26-000003,01-MAY-2026,31-MAR-2026,381248.0,72
"DUMAC, INC.",0001584258,0001584258-26-000007,01-MAY-2026,31-MAR-2026,820390919.0,10
"TLW Wealth Management, LLC",0001767217,0001767217-26-000002,01-MAY-2026,31-MAR-2026,170740051.0,16
U S GLOBAL INVESTORS INC,0000754811,0001437749-26-014398,01-MAY-2026,31-MAR-2026,857577723.0,135
"Monetary Solutions, Ltd",0002112370,0002112370-26-000002,01-MAY-2026,31-MAR-2026,103473166.0,318
"FOURPATH CAPITAL MANAGEMENT, LLC",0001894484,0001894484-26-000003,01-MAY-2026,31-MAR-2026,697002823.0,217
"Arlington Capital Management, Inc.",0001606507,0001606507-26-000003,01-MAY-2026,31-MAR-2026,177291955.0,111
"Rakuten Securities, Inc.",0002009539,0002009539-26-000004,01-MAY-2026,31-MAR-2026,240746865.0,879
"Summit Place Financial Advisors, LLC",0001801413,0001801413-26-000002,01-MAY-2026,31-MAR-2026,208244344.0,106
"Oakwell Private Wealth Management, LLC",0001844024,0001941040-26-000290,01-MAY-2026,31-MAR-2026,560202644.0,79
"DIVERSIFY WEALTH MANAGEMENT, LLC",0002030780,0002030780-26-000002,01-MAY-2026,31-MAR-2026,5603697921.0,1137
"First Fiduciary Investment Counsel, Inc.",0001072843,0001072843-26-000004,01-MAY-2026,31-MAR-2026,497142.0,66
JMAC ENTERPRISES LLC,0001907294,0001907294-26-000002,01-MAY-2026,31-MAR-2026,522098834.0,117
"Financial Alternatives, Inc",0001967227,0001967227-26-000002,01-MAY-2026,31-MAR-2026,185495467.0,79
CASTLE WEALTH MANAGEMENT LLC,0001936420,0001936420-26-000003,01-MAY-2026,31-MAR-2026,308554093.0,132
CULLINAN ASSOCIATES INC,0001161670,0001161670-26-000002,01-MAY-2026,31-MAR-2026,1236401866.0,207
"New Republic Capital, LLC",0001989988,0001398344-26-008065,01-MAY-2026,31-MAR-2026,296689597.0,312
PITTENGER & ANDERSON INC,0001034886,0001034886-26-000004,01-MAY-2026,31-MAR-2026,2512814105.0,522
CITIZENS FINANCIAL GROUP INC/RI,0000759944,0000759944-26-000099,01-MAY-2026,31-MAR-2026,7186090377.0,837
PineStone Asset Management Inc.,0001904893,0001172661-26-001582,01-MAY-2026,31-MAR-2026,14227239446.0,44
"Legacy Financial Strategies, LLC",0001723925,0001723925-26-000004,01-MAY-2026,31-MAR-2026,554172354.0,140
General Electric Co,0000040545,0000040545-26-000030,01-MAY-2026,31-MAR-2026,308242983.0,2
Torray Investment Partners LLC,0000098758,0001193125-26-200972,01-MAY-2026,31-MAR-2026,681685832.0,88
Martel Wealth Advisors LLC,0002039437,0001214659-26-005396,01-MAY-2026,31-MAR-2026,587477649.0,73
"Strategic Investment Solutions, Inc. /IL",0001960144,0001062993-26-002253,01-MAY-2026,31-MAR-2026,414021648.0,694
"Financial Connections Group, Inc.",0001907157,0001907157-26-000002,01-MAY-2026,31-MAR-2026,287606.0,251
"Sovran Advisors, LLC",0002051471,0002051471-26-000003,01-MAY-2026,31-MAR-2026,1274501659.0,578
S. R. Schill & Associates,0001616004,0001616004-26-000003,01-MAY-2026,31-MAR-2026,148034476.0,29
Kaizen Financial Strategies,0001842013,0001842013-26-000003,01-MAY-2026,31-MAR-2026,236175404.0,170
COMMONWEALTH OF PENNSYLVANIA PUBLIC SCHOOL EMPLS RETRMT SYS,0001083190,0001083190-26-000004,01-MAY-2026,31-MAR-2026,19627820173.0,1755
MH & ASSOCIATES SECURITIES MANAGEMENT CORP /ADV,0000354201,0000354201-26-000002,01-MAY-2026,31-MAR-2026,114597853.0,98
Avion Wealth,0001792704,0001792704-26-000002,01-MAY-2026,31-MAR-2026,483817.0,1553
"Smart Portfolios, LLC",0001513227,0001513227-26-000006,01-MAY-2026,31-MAR-2026,100287568.0,99
"FERGUSON WELLMAN CAPITAL MANAGEMENT, INC",0000869353,0000869353-26-000004,01-MAY-2026,31-MAR-2026,7316473310.0,406
PATTEN & PATTEN INC/TN,0001044905,0001044905-26-000003,01-MAY-2026,31-MAR-2026,1656620656.0,338
"FDx Advisors, Inc.",0001566601,0001566601-26-000003,01-MAY-2026,31-MAR-2026,313229.0,183
GABLES CAPITAL MANAGEMENT INC.,0001740839,0001740839-26-000002,01-MAY-2026,31-MAR-2026,236004157.0,472
"Elwood & Goetz Wealth Advisory Group, LLC",0001752758,0001752758-26-000003,01-MAY-2026,31-MAR-2026,589138120.0,138
"WASHBURN CAPITAL MANAGEMENT, INC.",0001793923,0001172661-26-001583,01-MAY-2026,31-MAR-2026,172138947.0,56
Retail Employees Superannuation Pty Ltd as trustee for Retail Employees Superannuation Trust,0002086998,0002086998-26-000006,01-MAY-2026,31-MAR-2026,672420325.0,27
"Kraft, Davis & Associates, LLC",0001919438,0001919438-26-000005,01-MAY-2026,31-MAR-2026,469325517.0,151
Luminvest Wealth Management LLC,0002036517,0002036517-26-000002,01-MAY-2026,31-MAR-2026,382465272.0,55
"MILLER WEALTH ADVISORS, LLC",0001908158,0001908158-26-000003,01-MAY-2026,31-MAR-2026,259728059.0,117
"INTERNATIONAL ASSETS INVESTMENT MANAGEMENT, LLC",0001818604,0001420506-26-000777,01-MAY-2026,31-MAR-2026,1440281273.0,2248
"Global Assets Advisory, LLC",0001942932,0001420506-26-000778,01-MAY-2026,31-MAR-2026,349384701.0,477
"Forvis Mazars Wealth Advisors, LLC",0001352864,0001352864-26-000002,01-MAY-2026,31-MAR-2026,5268115984.0,399
Lincoln Capital LLC,0001633862,0001633862-26-000002,01-MAY-2026,31-MAR-2026,527779515.0,135
"CMG Global Holdings, LLC",0001839445,0001839445-26-000002,01-MAY-2026,31-MAR-2026,209919462.0,96
Capital Squared Financial LLC,0002128691,0002128691-26-000004,01-MAY-2026,31-MAR-2026,130957877.0,85
"Seaside Wealth Management, Inc.",0001929977,0001929977-26-000002,01-MAY-2026,31-MAR-2026,355552595.0,65
"WIN ADVISORS, INC",0001897144,0001897144-26-000005,01-MAY-2026,31-MAR-2026,218625258.0,78
Osprey Private Wealth LLC,0002041805,0002041805-26-000006,01-MAY-2026,31-MAR-2026,345347696.0,77
"First Business Financial Services, Inc.",0001521951,0001140361-26-018481,01-MAY-2026,31-MAR-2026,1124729547.0,192
"BANYAN CAPITAL MANAGEMENT, INC.",0000846600,0000846600-26-000002,01-MAY-2026,31-MAR-2026,232055485.0,55
Concord Wealth Partners,0001814214,0001814214-26-000003,01-MAY-2026,31-MAR-2026,770499459.0,207
"Wealthspire Advisors, LLC",0001646247,0001646247-26-000003,01-MAY-2026,31-MAR-2026,12734101728.0,932
IDG-Accel China Capital GP II Associates Ltd.,0001846013,0001104659-26-053919,01-MAY-2026,31-MAR-2026,29773549.0,1
United Bank,0001697791,0001420506-26-000776,01-MAY-2026,31-MAR-2026,300643866.0,124
"HFM Investment Advisors, LLC",0002067972,0002067972-26-000004,01-MAY-2026,31-MAR-2026,260049991.0,1210
IDG-Accel China Capital II Associates L.P.,0001535769,0001104659-26-053915,01-MAY-2026,31-MAR-2026,667498951.0,1
Thrivent Financial for Lutherans,0000314984,0001193125-26-199781,01-MAY-2026,31-MAR-2026,52476004.0,2522
"Van Cleef Asset Management,Inc",0001482935,0001482935-26-000003,01-MAY-2026,31-MAR-2026,928658477.0,118
"Trifecta Capital Advisors, LLC",0001962615,0001962615-26-000002,01-MAY-2026,31-MAR-2026,646020125.0,274
Verbena Value LP,0002082932,0001214659-26-005488,04-MAY-2026,31-MAR-2026,610952723.0,26
"Summit Wealth Group, LLC",0001802865,0001802865-26-000003,04-MAY-2026,31-MAR-2026,435795032.0,126
ABC ARBITRAGE SA,0002049221,0000945621-26-000623,04-MAY-2026,31-MAR-2026,752921985.0,364
Consolidated Investment Group LLC,0001556168,0001104659-26-054583,04-MAY-2026,31-MAR-2026,921972383.0,77
LaFleur & Godfrey LLC,0001387458,0001387458-26-000004,04-MAY-2026,31-MAR-2026,803239636.0,141
J.Safra Asset Management Corp,0001535293,0001535293-26-000004,04-MAY-2026,31-MAR-2026,1856043549.0,615
FLC Capital Advisors,0001713697,0001713697-26-000003,04-MAY-2026,31-MAR-2026,551347889.0,214
Miller Financial Services LLC,0002022893,0002022893-26-000004,04-MAY-2026,31-MAR-2026,89737023.0,119
Burton Enright Welch,0002105919,0002105919-26-000019,04-MAY-2026,31-MAR-2026,735545814.0,134
Yahav Achim Ve Achayot - Provident Funds Management Co Ltd.,0001894044,0001894044-26-000003,04-MAY-2026,31-MAR-2026,53844389.0,26
"STERLING INVESTMENT MANAGEMENT, LLC",0001509873,0001509873-26-000003,04-MAY-2026,31-MAR-2026,166731562.0,65
Innovative Wealth Building LLC,0002062596,0002085853-26-000554,04-MAY-2026,31-MAR-2026,142162775.0,70
BANK HAPOALIM BM,0000902528,0001178913-26-002338,04-MAY-2026,31-MAR-2026,651868.0,114
"Beverly Hills Private Wealth, LLC",0001965710,0001085146-26-000375,04-MAY-2026,31-MAR-2026,599690600.0,343
Mint Tower Capital Management B.V.,0001666606,0001666606-26-000002,04-MAY-2026,31-MAR-2026,1081757.0,331
Arbejdsmarkedets Tillaegspension,0002105395,0002105395-26-000003,04-MAY-2026,31-MAR-2026,4019890212.0,169
"Coordinated Financial Services, Inc.",0002055532,0001986152-26-000055,04-MAY-2026,31-MAR-2026,173265122.0,175
"FPC INVESTMENT ADVISORY, INC.",0002021217,0001420506-26-000782,04-MAY-2026,31-MAR-2026,200548394.0,34
"Inlight Wealth Management, LLC",0001731795,0001731795-26-000002,04-MAY-2026,31-MAR-2026,270085054.0,50
"Paragon Advisors, LLC",0001799719,0001799719-26-000004,04-MAY-2026,31-MAR-2026,370805777.0,76
Redwood Park Advisors LLC,0002056274,0001999371-26-009852,04-MAY-2026,31-MAR-2026,135174922.0,326
NEW MEXICO EDUCATIONAL RETIREMENT BOARD,0000862469,0000862469-26-000002,04-MAY-2026,31-MAR-2026,3253333.0,907
Lynx1 Capital Management LP,0001910456,0001910456-26-000002,04-MAY-2026,31-MAR-2026,632718355.0,23
"ABOUND FINANCIAL, LLC",0002024264,0001420506-26-000784,04-MAY-2026,31-MAR-2026,228927370.0,283
"Mission Hills Financial Advisory, LLC",0002043220,0001986152-26-000053,04-MAY-2026,31-MAR-2026,195338969.0,54
Y.D. More Investments Ltd,0001870364,0001178913-26-002349,04-MAY-2026,31-MAR-2026,2553363406.0,474
NWF Advisory Services Inc.,0002045735,0002085853-26-000556,04-MAY-2026,31-MAR-2026,885456482.0,407
"GUARDSMAN PRIVATE CAPITAL MANAGEMENT, INC.",0002110760,0001420506-26-000786,04-MAY-2026,31-MAR-2026,127989975.0,42
"Bretton Capital Management, LLC",0002043671,0001162044-26-000418,04-MAY-2026,31-MAR-2026,109327882.0,18
"Pettee Investors, Inc.",0001596901,0001596901-26-000002,04-MAY-2026,31-MAR-2026,194201751.0,115
Two West Capital Advisors LLC,0002026617,0002026617-26-000005,04-MAY-2026,31-MAR-2026,188713631.0,96
CAPITAL MANAGEMENT ASSOCIATES /NY/,0000825293,0000825293-26-000002,04-MAY-2026,31-MAR-2026,60225511.0,36
MFF Capital Investments Ltd,0002104888,0002104888-26-000002,04-MAY-2026,31-MAR-2026,1519601541.0,19
"Prudent Man Investment Management, Inc.",0002054263,0002054263-26-000002,04-MAY-2026,31-MAR-2026,297252077.0,169
"MATTERN CAPITAL MANAGEMENT, LLC",0001803227,0001725547-26-000166,04-MAY-2026,31-MAR-2026,834888369.0,170
ELLERSON GROUP INC /ADV,0000935570,0000935570-26-000002,04-MAY-2026,31-MAR-2026,152587469.0,61
"Legacy Capital Group California, Inc.",0001977092,0001765380-26-000145,04-MAY-2026,31-MAR-2026,262766273.0,277
"Evergreen Wealth Management, LLC",0001965292,0002085853-26-000553,04-MAY-2026,31-MAR-2026,193740896.0,54
"KTF INVESTMENTS, LLC",0002099997,0002099997-26-000002,04-MAY-2026,31-MAR-2026,584235045.0,91
MY Wealth Management Inc.,0001827845,0001827845-26-000002,04-MAY-2026,31-MAR-2026,103338490.0,26
Titiun Yejiel,0002118914,0002118914-26-000006,04-MAY-2026,31-MAR-2026,98796846.0,55
BIRINYI ASSOCIATES INC,0001079738,0001079738-26-000006,04-MAY-2026,31-MAR-2026,367168.0,60
Integrity Wealth Solutions LLC,0002006918,0002006918-26-000002,04-MAY-2026,31-MAR-2026,254547995.0,130
FIRST FOUNDATION ADVISORS,0001086763,0001086763-26-000003,04-MAY-2026,31-MAR-2026,2481415980.0,334
"Element Wealth, LLC",0001802743,0001398344-26-008170,04-MAY-2026,31-MAR-2026,241445539.0,206
"Modus Advisors, LLC",0001799284,0001799284-26-000002,04-MAY-2026,31-MAR-2026,363276093.0,117
BOYUM WEALTH ARCHITECTS LLC,0002068635,0002068635-26-000002,04-MAY-2026,31-MAR-2026,239345953.0,73
"Retirement Planning Group, LLC",0001508195,0001508195-26-000002,04-MAY-2026,31-MAR-2026,3227427971.0,481
"HOURGLASS CAPITAL, LLC",0001442573,0001442573-26-000001,04-MAY-2026,31-MAR-2026,480499740.0,130
"Stack Financial Management, Inc",0001308685,0001308685-26-000005,04-MAY-2026,31-MAR-2026,1361472756.0,52
"Procyon Advisors, LLC",0001804329,0001951757-26-000765,04-MAY-2026,31-MAR-2026,2039413084.0,580
"Bryn Mawr Trust Advisors, LLC",0001700481,0001085146-26-000380,04-MAY-2026,31-MAR-2026,2060844638.0,438
Global View Capital Management LLC,0001994495,0001994495-26-000003,04-MAY-2026,31-MAR-2026,376695991.0,140
"Arena Capital Advisors, LLC- CA",0001833078,0001833078-26-000017,04-MAY-2026,31-MAR-2026,199651717.0,21
King Wealth Management Group,0001568235,0001568235-26-000005,04-MAY-2026,31-MAR-2026,799722.0,158
"FLYNN ZITO CAPITAL MANAGEMENT, LLC",0001857144,0001857144-26-000002,04-MAY-2026,31-MAR-2026,313027668.0,158
CHECK CAPITAL MANAGEMENT INC/CA,0001032814,0001032814-26-000004,04-MAY-2026,31-MAR-2026,1621934106.0,49
"NORTHLAND SECURITIES, INC.",0001006938,0001006938-26-000013,04-MAY-2026,31-MAR-2026,105047760.0,107
"Beckerman Institutional, LLC",0002043468,0002043468-26-000002,04-MAY-2026,31-MAR-2026,188222425.0,121
"NICHOLAS COMPANY, INC.",0000903949,0000903949-26-000003,04-MAY-2026,31-MAR-2026,5096282903.0,203
"Foundation Wealth Management, LLC",0001966351,0001172661-26-001593,04-MAY-2026,31-MAR-2026,148022800.0,44
"Auxano Advisors, LLC",0001811491,0001811491-26-000003,04-MAY-2026,31-MAR-2026,501255338.0,199
Crystal Rock Capital Management,0001510668,0001214659-26-005426,04-MAY-2026,31-MAR-2026,168441756.0,32
"Ruedi Wealth Management, Inc.",0001940678,0001940678-26-000002,04-MAY-2026,31-MAR-2026,388277654.0,58
Vantage Point Financial LLC,0002048892,0001986152-26-000059,04-MAY-2026,31-MAR-2026,284780145.0,175
RICHARDSON FINANCIAL SERVICES INC.,0002012303,0002012303-26-000002,04-MAY-2026,31-MAR-2026,159843695.0,613
"Diversify Advisory Services, LLC",0002021232,0002021232-26-000002,04-MAY-2026,31-MAR-2026,654995162.0,210
Credit Capital Investments LLC,0001631208,0001631208-26-000002,04-MAY-2026,31-MAR-2026,110165315.0,39
JOHNSON INVESTMENT COUNSEL INC,0000821197,0002085853-26-000551,04-MAY-2026,31-MAR-2026,12368730188.0,810
"Bosman Wealth Management, LLC",0002066260,0002085853-26-000549,04-MAY-2026,31-MAR-2026,113629841.0,52
"Essex Woodlands Management, Inc.",0001542339,0000908834-26-000206,04-MAY-2026,31-MAR-2026,250537988.0,5
"Leicht Financial Planning & Wealth Management, Inc.",0001710666,0001710666-26-000004,04-MAY-2026,31-MAR-2026,220482028.0,15
"CONSILIO WEALTH ADVISORS, LLC",0001908944,0001986152-26-000060,04-MAY-2026,31-MAR-2026,342287075.0,99
"DMKC Advisory Services, LLC",0001901337,0001901337-26-000003,04-MAY-2026,31-MAR-2026,240078534.0,84
WEALTHGARDEN F.S. LLC,0002023633,0002023633-26-000002,04-MAY-2026,31-MAR-2026,146520671.0,165
FELL CAPITAL MANAGEMENT /ADV,0000850601,0000850601-26-000004,04-MAY-2026,31-MAR-2026,104782221.0,91
"Headland Capital, LLC",0002056637,0001765380-26-000138,04-MAY-2026,31-MAR-2026,354925615.0,61
TrustBank,0002107256,0001140361-26-018802,04-MAY-2026,31-MAR-2026,257819981.0,154
"VISTA FINANCE, LLC",0001893809,0001172661-26-001594,04-MAY-2026,31-MAR-2026,125934863.0,55
"Pacific Asset Management, LLC",0002054012,0002085853-26-000547,04-MAY-2026,31-MAR-2026,179091302.0,70
"Riverpoint Wealth Management Holdings, LLC",0001682733,0001682733-26-000002,04-MAY-2026,31-MAR-2026,470002751.0,62
CFO CAPITAL MANAGEMENT LLC,0002114167,0002114167-26-000004,04-MAY-2026,31-MAR-2026,121465530.0,104
First National Bank of Hutchinson,0001313871,0001313871-26-000002,04-MAY-2026,31-MAR-2026,156584069.0,84
Members Trust Co,0001677560,0001677560-26-000006,04-MAY-2026,31-MAR-2026,3009401137.0,154
"CORDA Investment Management, LLC.",0001545812,0001545812-26-000003,04-MAY-2026,31-MAR-2026,1446326629.0,80
"Spectrum Asset Management, Inc.",0001318293,0001318293-26-000002,04-MAY-2026,31-MAR-2026,50045260.0,4
Glassman Wealth Services,0001642160,0001642160-26-000003,04-MAY-2026,31-MAR-2026,735542641.0,187
"Nadler Financial Group, Inc.",0001541787,0001541787-26-000006,04-MAY-2026,31-MAR-2026,1037495791.0,135
NWAM LLC,0001655006,0001655006-26-000004,04-MAY-2026,31-MAR-2026,1737815946.0,621
BRIDGES INVESTMENT MANAGEMENT INC,0001007295,0001007295-26-000004,04-MAY-2026,31-MAR-2026,7379993737.0,396
SCHWARTZ INVESTMENT COUNSEL INC,0000909151,0001398344-26-008174,04-MAY-2026,31-MAR-2026,2815006256.0,129
"Good Steward Wealth Advisors,LLC",0002060772,0001765380-26-000135,04-MAY-2026,31-MAR-2026,155522560.0,68
"Objective Capital Management, LLC",0001924152,0002085853-26-000557,04-MAY-2026,31-MAR-2026,99001700.0,94
"Wellington Shields & Co., LLC",0001506073,0001506073-26-000002,04-MAY-2026,31-MAR-2026,392383485.0,321
"Worth Financial Advisory Group, LLC",0001964358,0001964358-26-000002,04-MAY-2026,31-MAR-2026,228910806.0,50
TOEWS CORP /ADV,0000932000,0000932000-26-000003,04-MAY-2026,31-MAR-2026,259212630.0,6
Hillsdale Investment Management Inc.,0001368465,0001193125-26-204083,04-MAY-2026,31-MAR-2026,3675193826.0,655
Carrera Capital Advisors,0002035329,0002035329-26-000002,04-MAY-2026,31-MAR-2026,649141858.0,188
"Center for Financial Planning, Inc.",0001803557,0001803557-26-000003,04-MAY-2026,31-MAR-2026,958010186.0,658
Fundamenta Capital S.A.,0002088289,0002088289-26-000003,04-MAY-2026,31-MAR-2026,116423174.0,11
"FAGAN ASSOCIATES, INC.",0001607866,0001607866-26-000002,04-MAY-2026,31-MAR-2026,719235627.0,135
"RETIREMENT INCOME SOLUTIONS, INC",0001730386,0001730386-26-000003,04-MAY-2026,31-MAR-2026,585093349.0,173
"Sterling Group Wealth Management, LLC",0001852307,0001852307-26-000003,04-MAY-2026,31-MAR-2026,211415868.0,58
"Mill Capital Management, LLC",0001901166,0001398344-26-008209,04-MAY-2026,31-MAR-2026,1314730393.0,130
"Bedel Financial Consulting, Inc.",0001730511,0001765380-26-000143,04-MAY-2026,31-MAR-2026,869955210.0,293
CDKV HOLDINGS LLC,0002109928,0002109928-26-000002,04-MAY-2026,31-MAR-2026,113912261.0,275
Wealthspring Capital LLC,0001844495,0001085146-26-000376,04-MAY-2026,31-MAR-2026,421314818.0,195
"Bensler, LLC",0001965941,0002085853-26-000548,04-MAY-2026,31-MAR-2026,968856481.0,194
"Team Financial Group, LLC",0001845163,0001845163-26-000002,04-MAY-2026,31-MAR-2026,220306511.0,273
"United Wealth Management, LLC",0002055362,0002085853-26-000545,04-MAY-2026,31-MAR-2026,402262650.0,24
"Mutual Advisors, LLC",0001694080,0001986152-26-000054,04-MAY-2026,31-MAR-2026,4661941672.0,1309
Genus Capital Management Inc.,0001532385,0001532385-26-000002,04-MAY-2026,31-MAR-2026,872617709.0,189
"CLEAR INVESTMENT RESEARCH, LLC",0001635523,0001635523-26-000002,04-MAY-2026,31-MAR-2026,63891584.0,241
"Marks Wealth, LLC",0001838660,0002085853-26-000552,04-MAY-2026,31-MAR-2026,380078904.0,12
AMF Tjanstepension AB,0001553562,0001062993-26-002281,04-MAY-2026,31-MAR-2026,15083420610.0,117
Clarity Financial LLC,0001862145,0002085853-26-000550,04-MAY-2026,31-MAR-2026,919299345.0,118
"Tailwinds Wealth, LLC",0002109222,0002085853-26-000546,04-MAY-2026,31-MAR-2026,40772346.0,57
"TRIGLAV INVESTMENTS, D.O.O.",0002056690,0002056690-26-000002,04-MAY-2026,31-MAR-2026,1429164933.0,166
Peapod Lane Capital LLC,0002050979,0001941040-26-000291,04-MAY-2026,31-MAR-2026,121896727.0,62
Tevis Investment Management,0001940416,0001986152-26-000056,04-MAY-2026,31-MAR-2026,175598376.0,99
Texas Yale Capital Corp.,0001332342,0001420506-26-000789,04-MAY-2026,31-MAR-2026,3524282207.0,500
"MML INVESTORS SERVICES, LLC",0000701059,0000701059-26-000012,04-MAY-2026,31-MAR-2026,36058228958.0,2995
"UPTICK PARTNERS, LLC",0002005353,0001986152-26-000058,04-MAY-2026,31-MAR-2026,501354646.0,292
"SCHNIEDERS CAPITAL MANAGEMENT, LLC.",0002057056,0002057056-26-000002,04-MAY-2026,31-MAR-2026,629159570.0,206
LINCOLN NATIONAL CORP,0000059558,0000059558-26-000025,04-MAY-2026,31-MAR-2026,3453975945.0,19
"PARR MCKNIGHT WEALTH MANAGEMENT GROUP, LLC",0002026926,0001765380-26-000142,04-MAY-2026,31-MAR-2026,762905361.0,214
"TFR Capital, LLC.",0002059325,0001765380-26-000141,04-MAY-2026,31-MAR-2026,325824574.0,163
"Wellington Shields Capital Management, LLC",0001506071,0001506071-26-000002,04-MAY-2026,31-MAR-2026,666157927.0,325
"RAM Investment Partners, LLC",0001989672,0001989672-26-000002,04-MAY-2026,31-MAR-2026,569330657.0,121
"Sound Portfolio Advisors, LLC",0002109204,0001951757-26-000770,04-MAY-2026,31-MAR-2026,123105899.0,44
EMERALD MUTUAL FUND ADVISERS TRUST,0001352895,0001104659-26-054904,04-MAY-2026,31-MAR-2026,2061428783.0,199
ADELL HARRIMAN & CARPENTER INC,0001134152,0001134152-26-000006,04-MAY-2026,31-MAR-2026,1638970600.0,163
MTC Wealth Management LLC,0001821455,0001821455-26-000004,04-MAY-2026,31-MAR-2026,210518338.0,13
Mosaic Advisors LLC,0001808523,0001808523-26-000002,04-MAY-2026,31-MAR-2026,66585309.0,41
"University of Maryland Foundation, Inc.",0001624050,0001193125-26-203971,04-MAY-2026,31-MAR-2026,5101.0,2
Sigma Planning Corp,0001449126,0001420506-26-000793,04-MAY-2026,31-MAR-2026,3599434595.0,1302
"Paradiem, LLC",0001733356,0001951757-26-000768,04-MAY-2026,31-MAR-2026,453956261.0,70
GARRISON BRADFORD & ASSOCIATES INC,0001056488,0001056488-26-000002,04-MAY-2026,31-MAR-2026,88358799.0,38
Citizens National Bank Trust Department,0001806425,0001806425-26-000002,04-MAY-2026,31-MAR-2026,600591687.0,382
Milestones Private Investment Advisors LLC,0001726041,0001726041-26-000003,04-MAY-2026,31-MAR-2026,113507109.0,78
MATTHEWS INTERNATIONAL CAPITAL MANAGEMENT LLC,0001028074,0001398344-26-008181,04-MAY-2026,31-MAR-2026,246494264.0,37
"Financial Security Advisor, Inc.",0001997602,0001997602-26-000002,04-MAY-2026,31-MAR-2026,544450648.0,160
HBW ADVISORY SERVICES LLC,0001790525,0001790525-26-000002,04-MAY-2026,31-MAR-2026,948793207.0,444
"BARRETT & COMPANY, INC.",0000887602,0000887602-26-000003,04-MAY-2026,31-MAR-2026,290586933.0,651
"Gleason Group, Inc.",0001822632,0001376474-26-000329,04-MAY-2026,31-MAR-2026,1009516335.0,229
Hartford Funds Management Co LLC,0001546587,0001546587-26-000002,04-MAY-2026,31-MAR-2026,1151587259.0,96
IFC Advisors LLC,0002053348,0002053348-26-000003,04-MAY-2026,31-MAR-2026,698938612.0,158
1ST SOURCE BANK,0000356264,0000356264-26-000004,04-MAY-2026,31-MAR-2026,1938198408.0,286
Prodigy Asset Management LLC,0001956244,0001956244-26-000003,04-MAY-2026,31-MAR-2026,299508853.0,28
"Rodgers & Associates, LTD",0001846515,0001172661-26-001592,04-MAY-2026,31-MAR-2026,982206435.0,101
"SENTINEL WEALTH MANAGEMENT, INC.",0001929328,0001929328-26-000006,04-MAY-2026,31-MAR-2026,125009202.0,39
Foresight Group Ltd Liability Partnership,0001943441,0001172661-26-001596,04-MAY-2026,31-MAR-2026,566210116.0,59
"Tuttle Capital Management, LLC",0001581641,0001941040-26-000292,04-MAY-2026,31-MAR-2026,60821703.0,124
"INNEALTA CAPITAL, LLC",0001752579,0001752579-26-000004,04-MAY-2026,31-MAR-2026,160963297.0,75
"Illumine Investment Management, LLC",0002052970,0002052970-26-000002,04-MAY-2026,31-MAR-2026,130093539.0,92
ENVESTNET ASSET MANAGEMENT INC,0001407543,0001214659-26-005464,04-MAY-2026,31-MAR-2026,373578215836.0,4703
"Bleakley Financial Group, LLC",0001936953,0001936953-26-000003,04-MAY-2026,31-MAR-2026,6391593434.0,760
First Growth Capital LLC,0002112081,0001420506-26-000791,04-MAY-2026,31-MAR-2026,110146999.0,128
CAMDEN NATIONAL BANK,0001697855,0001697855-26-000007,04-MAY-2026,31-MAR-2026,739303381.0,164
"Moment Partners, LLC",0002055889,0001765380-26-000134,04-MAY-2026,31-MAR-2026,560528494.0,113
"Blake Schutter Theil Wealth Advisors, LLC",0002042011,0002042011-26-000002,04-MAY-2026,31-MAR-2026,122688730.0,111
"Applied Finance Capital Management, LLC",0001966007,0001398344-26-008142,04-MAY-2026,31-MAR-2026,1332103717.0,218
EQUITY INVESTMENT CORP,0001685771,0001685771-26-000004,04-MAY-2026,31-MAR-2026,5105974462.0,71
V2 Financial group LLC,0002022843,0002022843-26-000002,04-MAY-2026,31-MAR-2026,214703808.0,108
WOLVERINE ASSET MANAGEMENT LLC,0001279891,0001279891-26-000005,04-MAY-2026,31-MAR-2026,6412728487.0,1275
Maytree Asset Management Ltd,0001869683,0001869683-26-000004,04-MAY-2026,31-MAR-2026,141456048.0,20
"Fortress Financial Solutions, LLC",0002039501,0002039501-26-000005,04-MAY-2026,31-MAR-2026,95707588.0,56
"Del-Sette Capital Management, LLC",0001610580,0001951757-26-000766,04-MAY-2026,31-MAR-2026,167134996.0,44
RPS ADVISORY SOLUTIONS LLC,0002031671,0001765380-26-000139,04-MAY-2026,31-MAR-2026,176346804.0,108
"Gratus Wealth Advisors, LLC",0002022161,0001398344-26-008191,04-MAY-2026,31-MAR-2026,691356964.0,138
Copia Wealth Management,0002058771,0002058771-26-000002,04-MAY-2026,31-MAR-2026,145522678.0,532
One Wealth Map LLC,0001802635,0001802635-26-000002,04-MAY-2026,31-MAR-2026,205250092.0,84
AMG National Trust Bank,0001388829,0001388829-26-000002,04-MAY-2026,31-MAR-2026,4605465868.0,472
"Chapman Investment Management, LLC",0001751006,0001751006-26-000002,04-MAY-2026,31-MAR-2026,121191036.0,26
1 NORTH WEALTH SERVICES LLC,0001641761,0001641761-26-000002,04-MAY-2026,31-MAR-2026,276917091.0,270
"Tradewinds, LLC.",0001932342,0001932342-26-000002,04-MAY-2026,31-MAR-2026,310316965.0,153
STEGINSKY CAPITAL LLC,0001120048,0001120048-26-000002,04-MAY-2026,31-MAR-2026,605073.0,8
"Evernest Financial Advisors, LLC",0002009530,0002009530-26-000005,04-MAY-2026,31-MAR-2026,481407058.0,180
"HFR Wealth Management, LLC",0001877822,0001877822-26-000004,04-MAY-2026,31-MAR-2026,407350419.0,49
STATE OF MICHIGAN RETIREMENT SYSTEM,0000762152,0000762152-26-000009,04-MAY-2026,31-MAR-2026,18932550360.0,941
"Genesis Wealth Advisors, LLC",0001637241,0001951757-26-000772,04-MAY-2026,31-MAR-2026,149825544.0,64
"ABSHER WEALTH MANAGEMENT, LLC",0001802534,0001398344-26-008190,04-MAY-2026,31-MAR-2026,852907298.0,70
COOKE & BIELER LP,0000024386,0000024386-26-000005,04-MAY-2026,31-MAR-2026,8841610557.0,103
UCLA Foundation,0001735775,0001735775-26-000002,04-MAY-2026,31-MAR-2026,0.0,1
Lutz Financial Services LLC,0001737112,0001737112-26-000003,04-MAY-2026,31-MAR-2026,1487908153.0,100
"Mirae Asset Global Investments Co., Ltd.",0001569395,0000905148-26-002017,04-MAY-2026,31-MAR-2026,299330681074.0,1568
KEELER & NADLER FINANCIAL PLANNING & WEALTH MANAGEMENT,0002035883,0001214659-26-005467,04-MAY-2026,31-MAR-2026,294759202.0,82
PRINCIPAL FINANCIAL GROUP INC,0001126328,0001126328-26-000103,04-MAY-2026,31-MAR-2026,187242031356.0,2177
"GHE, LLC",0001910179,0001910179-26-000003,04-MAY-2026,31-MAR-2026,240674791.0,55
"Tributary Capital Management, LLC",0001441888,0001441888-26-000007,04-MAY-2026,31-MAR-2026,1030272261.0,164
Archer Investment Corp,0001803804,0001162044-26-000417,04-MAY-2026,31-MAR-2026,469163008.0,1247
Legacy Financial Group LLC,0001834011,0001765380-26-000140,04-MAY-2026,31-MAR-2026,795078685.0,121
Montaka Global Pty Ltd,0002104890,0002104890-26-000003,04-MAY-2026,31-MAR-2026,167298667.0,21
"Hibernia Wealth Partners, LLC",0001950637,0002085853-26-000555,04-MAY-2026,31-MAR-2026,338171038.0,122
Souders Financial Advisors,0001811240,0001811240-26-000002,04-MAY-2026,31-MAR-2026,876433949.0,216
"6th Street Advisors, LLC",0002102803,0002102803-26-000001,04-MAY-2026,31-MAR-2026,158928113.0,59
"SFAM, LLC",0001713286,0001713286-26-000002,04-MAY-2026,31-MAR-2026,107819764.0,269
NBZ Investment Advisors LLC,0001998018,0001398344-26-008218,04-MAY-2026,31-MAR-2026,228591082.0,67
"WP Advisors, LLC",0001697796,0001172661-26-001595,04-MAY-2026,31-MAR-2026,386545583.0,115
"Sterling Investment Advisors, Ltd.",0001701132,0001701132-26-000002,04-MAY-2026,31-MAR-2026,552357273.0,212
Purkiss Capital Advisors LLC,0002053150,0002053150-26-000002,04-MAY-2026,31-MAR-2026,227438210.0,168
WJ Financial Advisors LLC,0002095682,0002095682-26-000002,04-MAY-2026,31-MAR-2026,123835122.0,128
NEW WAVE WEALTH ADVISORS LLC,0002035324,0002035324-26-000002,04-MAY-2026,31-MAR-2026,285879763.0,186
"Cornerstone Advisory, LLC",0001668189,0001765380-26-000144,04-MAY-2026,31-MAR-2026,1055636032.0,258
"EMERALD ADVISERS, LLC",0001015083,0001104659-26-054901,04-MAY-2026,31-MAR-2026,3160186288.0,248
MAGNOLIA CAPITAL MANAGEMENT LTD,0001802361,0001802361-26-000002,04-MAY-2026,31-MAR-2026,148333.0,74
"ONE WEALTH CAPITAL MANAGEMENT, LLC",0002050308,0002050308-26-000002,04-MAY-2026,31-MAR-2026,228848970.0,120
"Avantax Planning Partners, Inc.",0001005441,0001005441-26-000002,04-MAY-2026,31-MAR-2026,3642405715.0,435
JLB & ASSOCIATES INC,0001085227,0001085227-26-000002,04-MAY-2026,31-MAR-2026,696446919.0,70
"Empirical Financial Services, LLC d.b.a. Empirical Wealth Management",0001510434,0001085146-26-000381,04-MAY-2026,31-MAR-2026,5754052431.0,984
SECURITY BENEFIT LIFE INSURANCE CO /KS/,0000869772,0000869772-26-000006,04-MAY-2026,31-MAR-2026,190328075.0,19
Calamos Wealth Management LLC,0001455258,0001455258-26-000002,04-MAY-2026,31-MAR-2026,2895451164.0,539
MCDONALD CAPITAL INVESTORS INC/CA,0001033225,0001033225-26-000003,04-MAY-2026,31-MAR-2026,1461320386.0,21
"Nicholson Wealth Management Group, LLC",0002035982,0001765380-26-000146,04-MAY-2026,31-MAR-2026,171153360.0,112
Brewster Financial Planning LLC,0001898145,0001898145-26-000002,04-MAY-2026,31-MAR-2026,165328016.0,26
"Broadview Financial Management, LLC",0001697024,0001697024-26-000002,04-MAY-2026,31-MAR-2026,146426934.0,40
"Lifeworks Advisors, LLC",0001882132,0001951757-26-000767,04-MAY-2026,31-MAR-2026,779182176.0,296
"Wealth Forward, LLC",0002012773,0002012773-26-000002,04-MAY-2026,31-MAR-2026,177223283.0,43
COGENT STRATEGIC WEALTH LLC,0002106852,0002106852-26-000002,04-MAY-2026,31-MAR-2026,97303687.0,56
TEACHERS RETIREMENT SYSTEM OF THE STATE OF KENTUCKY,0000714142,0000714142-26-000002,04-MAY-2026,31-MAR-2026,12890850.0,1677
Mendel Money Management,0001600585,0001600585-26-000003,04-MAY-2026,31-MAR-2026,239003493.0,137
ROBERTS GLORE & CO INC /IL/,0001017115,0001017115-26-000002,04-MAY-2026,31-MAR-2026,363935854.0,216
Syverson Strege & Co,0001682057,0001682057-26-000002,04-MAY-2026,31-MAR-2026,415605399.0,169
J. Safra Sarasin Holding AG,0001890222,0001890222-26-000003,04-MAY-2026,31-MAR-2026,5865168131.0,542
"STAGE HARBOR FINANCIAL, LLC",0001934721,0001951757-26-000769,04-MAY-2026,31-MAR-2026,150812683.0,61
Chicago Partners Investment Group LLC,0001563525,0001563525-26-000002,04-MAY-2026,31-MAR-2026,4472868699.0,1443
"Pacific Point Advisors, LLC",0002056976,0001951757-26-000771,04-MAY-2026,31-MAR-2026,189523810.0,133
"Westside Investment Management, Inc.",0001538383,0001538383-26-000002,04-MAY-2026,31-MAR-2026,652673362.0,1477
Calamos Advisors LLC,0001316507,0001316507-26-000002,04-MAY-2026,31-MAR-2026,25883433336.0,1144
"MB Generational Wealth, LLC",0002009056,0002009056-26-000002,04-MAY-2026,31-MAR-2026,180831970.0,66
Concentrum Wealth Management,0001765387,0001765380-26-000137,04-MAY-2026,31-MAR-2026,338625015.0,111
"RWWM, Inc.",0001507683,0001507683-26-000011,04-MAY-2026,31-MAR-2026,1369884432.0,34
"Brindle & Bay Financial Advisors, LLC",0002081139,0002081139-26-000003,04-MAY-2026,31-MAR-2026,162916887.0,67
Maryland State Retirement & Pension System,0001795552,0001795552-26-000003,04-MAY-2026,31-MAR-2026,4919656673.0,1352
"Savant Capital, LLC",0001482880,0001482880-26-000009,04-MAY-2026,31-MAR-2026,20694811025.0,1498
Brookwood Investment Group LLC,0002066812,0002066812-26-000002,04-MAY-2026,31-MAR-2026,784328238.0,492
"Conservest Capital Advisors, Inc.",0001705716,0001376474-26-000335,04-MAY-2026,31-MAR-2026,1103128169.0,127
"Stirlingshire Investments, Inc.",0001829271,0001172661-26-001591,04-MAY-2026,31-MAR-2026,114046800.0,196
"Autumn Glory Partners, LLC",0001911621,0001911621-26-000002,04-MAY-2026,31-MAR-2026,272291479.0,204
"Kellett Wealth Advisors, LLC",0001910381,0001910381-26-000003,04-MAY-2026,31-MAR-2026,184490582.0,79
"Checchi Capital Advisers, LLC",0001598186,0001598186-26-000002,04-MAY-2026,31-MAR-2026,1456406051.0,598
"Henderson Brothers Financial Partners, LLC",0002064329,0002064329-26-000003,04-MAY-2026,31-MAR-2026,394858192.0,105
"Arrow Investment Advisors, LLC",0001378410,0001378410-26-000002,04-MAY-2026,31-MAR-2026,93906814.0,59
Canal Insurance CO,0001313473,0001313473-26-000005,04-MAY-2026,31-MAR-2026,465401.0,76
State of New Jersey Common Pension Fund D,0001483066,0001483066-26-000002,05-MAY-2026,31-MAR-2026,25927076128.0,1549
GRITSTONE ASSET MANAGEMENT LLC,0001964236,0001705819-26-000034,05-MAY-2026,31-MAR-2026,93647792.0,154
"Journey Advisory Group, LLC",0001840085,0001765380-26-000165,05-MAY-2026,31-MAR-2026,1165939061.0,242
Howard Capital Management Inc.,0001733173,0001733173-26-000003,05-MAY-2026,31-MAR-2026,6114351579.0,332
"Nolet Wealth Management, LLC",0002056656,0002056656-26-000005,05-MAY-2026,31-MAR-2026,175735520.0,92
"SMITH, MOORE & CO.",0000200724,0000200724-26-000003,05-MAY-2026,31-MAR-2026,1374851389.0,558
"SKY-MOUNTAIN CAPITAL MANAGEMENT, INC.",0002065074,0002065074-26-000002,05-MAY-2026,31-MAR-2026,139381358.0,37
D.A. DAVIDSON & CO.,0001080107,0001080107-26-000003,05-MAY-2026,31-MAR-2026,16495044070.0,1552
Schwallier Wealth Management LLC,0001934951,0001934951-26-000002,05-MAY-2026,31-MAR-2026,136893199.0,58
MCDANIEL TERRY & CO,0001104366,0001104366-26-000004,05-MAY-2026,31-MAR-2026,1177174373.0,81
"Cullen/Frost Bankers, Inc.",0000039263,0000039263-26-000037,05-MAY-2026,31-MAR-2026,8805425248.0,1393
"truNorth Financial Services, Inc.",0002108201,0002000324-26-001807,05-MAY-2026,31-MAR-2026,96699694.0,49
"Wagner Wealth Management, Corp",0002109867,0001172661-26-001599,05-MAY-2026,31-MAR-2026,111399492.0,103
LOM Asset Management Ltd,0002077907,0002071844-26-000466,05-MAY-2026,31-MAR-2026,347852904.0,277
Mount Lucas Management LP,0001185072,0001140361-26-019022,05-MAY-2026,31-MAR-2026,270804449.0,165
Varma Mutual Pension Insurance Co,0001698484,0001140361-26-019052,05-MAY-2026,31-MAR-2026,16977469973.0,319
MCMORGAN & CO LLC,0001162695,0001162695-26-000002,05-MAY-2026,31-MAR-2026,618147696.0,40
WEST PACES ADVISORS INC.,0002004720,0001398344-26-008327,05-MAY-2026,31-MAR-2026,516178929.0,197
"Sandy Cove Advisors, LLC",0001908217,0001172661-26-001597,05-MAY-2026,31-MAR-2026,334069212.0,144
Burkett Asset Management Ltd,0002109360,0002109360-26-000002,05-MAY-2026,31-MAR-2026,101454706.0,61
Progressive Investment Management Corp,0001353318,0001398344-26-008241,05-MAY-2026,31-MAR-2026,378742730.0,58
DELTA FINANCIAL ADVISORS LLC,0001790295,0001172661-26-001606,05-MAY-2026,31-MAR-2026,383814887.0,149
"Quartz Partners, LLC",0001659978,0001062993-26-002318,05-MAY-2026,31-MAR-2026,258822921.0,168
"Total Wealth Planning & Management, Inc.",0002058383,0002085853-26-000563,05-MAY-2026,31-MAR-2026,126137591.0,175
"Prairie Wealth Advisors, Inc.",0002022783,0001214659-26-005604,05-MAY-2026,31-MAR-2026,230452510.0,149
"HC Advisors, LLC",0001803295,0001803295-26-000002,05-MAY-2026,31-MAR-2026,149412030.0,60
One Day In July LLC,0001823172,0001062993-26-002316,05-MAY-2026,31-MAR-2026,1249034263.0,153
Local Pensions Partnership Investment Ltd,0001698810,0001698810-26-000005,05-MAY-2026,31-MAR-2026,4628774910.0,32
"Grey Rock Energy Management, LLC",0002053459,0002053459-26-000002,05-MAY-2026,31-MAR-2026,324411232.0,1
Members Advisory Group LLC,0001908587,0001908587-26-000002,05-MAY-2026,31-MAR-2026,291515942.0,36
"BLUEDOOR PRIVATE WEALTH, LLC",0002110994,0002110994-26-000003,05-MAY-2026,31-MAR-2026,215863102.0,147
"Almanack Investment Partners, LLC.",0001680613,0001680613-26-000003,05-MAY-2026,31-MAR-2026,592397144.0,177
"Tortoise Investment Management, LLC",0001599511,0001599511-26-000002,05-MAY-2026,31-MAR-2026,1211107291.0,245
LeClair Wealth Partners LLC,0002056667,0001765380-26-000162,05-MAY-2026,31-MAR-2026,289384864.0,103
CenterBook Partners LP,0001872738,0001872738-26-000008,05-MAY-2026,31-MAR-2026,1861214227.0,628
Jackson Creek Investment Advisors LLC,0001831003,0001831003-26-000003,05-MAY-2026,31-MAR-2026,339522.0,293
"SteelPeak Wealth, LLC",0001801868,0001801868-26-000002,05-MAY-2026,31-MAR-2026,3190129280.0,527
Valtinson Bruner Financial Planning LLC,0001761450,0001761450-26-000002,05-MAY-2026,31-MAR-2026,364029252.0,171
"REIK & CO., LLC",0001388028,0001388028-26-000002,05-MAY-2026,31-MAR-2026,362506870.0,56
"Midwest Professional Planners, LTD.",0001730575,0001104659-26-055534,05-MAY-2026,31-MAR-2026,424529366.0,137
"Ackerman Capital Advisors, LLC",0001699506,0001699506-26-000002,05-MAY-2026,31-MAR-2026,487980076.0,114
MADDEN SECURITIES Corp,0001803566,0001754960-26-000350,05-MAY-2026,31-MAR-2026,332583438.0,113
Eukles Asset Management,0001632553,0001632553-26-000003,05-MAY-2026,31-MAR-2026,224316186.0,238
4J Wealth Management LLC,0001840775,0001754960-26-000353,05-MAY-2026,31-MAR-2026,175947039.0,101
"Westover Capital Advisors, LLC",0001483467,0001483467-26-000002,05-MAY-2026,31-MAR-2026,543406217.0,235
"CapWealth Advisors, LLC",0001531809,0001531809-26-000004,05-MAY-2026,31-MAR-2026,1347199834.0,118
"Blackhawk Capital Partners, LLC",0001582561,0001104659-26-055529,05-MAY-2026,31-MAR-2026,272529336.0,141
"Midwestern Financial, LLC /IA",0002083276,0002063364-26-000149,05-MAY-2026,31-MAR-2026,127120355.0,54
"Compass Financial Group, Inc.",0001666910,0001666910-26-000003,05-MAY-2026,31-MAR-2026,221766517.0,47
"Haven Private, LLC",0002053665,0001705819-26-000033,05-MAY-2026,31-MAR-2026,229628908.0,166
Aikya Investment Management Ltd,0002005403,0002005403-26-000003,05-MAY-2026,31-MAR-2026,344744432.0,4
"New Harbor Financial Group, LLC",0001548577,0001548577-26-000004,05-MAY-2026,31-MAR-2026,550973662.0,53
Mirabaud & Cie SA,0001869685,0001869685-26-000005,05-MAY-2026,31-MAR-2026,245690260.0,54
"Black Diamond Financial, LLC",0001759236,0001759236-26-000002,05-MAY-2026,31-MAR-2026,916473188.0,185
"Cannon Wealth Management Services, LLC",0002043725,0001765380-26-000161,05-MAY-2026,31-MAR-2026,147835187.0,85
"Ridgeline Wealth Planning, LLC",0002013788,0002085853-26-000568,05-MAY-2026,31-MAR-2026,136925736.0,51
"NerdWallet Wealth Partners, LLC",0002079593,0002079593-26-000004,05-MAY-2026,31-MAR-2026,229201171.0,59
FIDUCIARY COUNSELLING INC,0001270764,0001140361-26-019017,05-MAY-2026,31-MAR-2026,35949743.0,7
Zweig-DiMenna Associates LLC,0001533950,0001104659-26-055325,05-MAY-2026,31-MAR-2026,713048261.0,59
"Fisher Asset Management, LLC",0000850529,0000850529-26-000004,05-MAY-2026,31-MAR-2026,294892645875.0,1016
Milestone Investment Advisors LLC,0001967018,0001967018-26-000002,05-MAY-2026,31-MAR-2026,413999186.0,139
"Financial Concepts Unlimited, Inc.",0002112099,0002112099-26-000001,05-MAY-2026,31-MAR-2026,111591628.0,44
Golden Bell Financial Planning LLC,0002044309,0002044309-26-000004,05-MAY-2026,31-MAR-2026,125448005.0,37
"CPA Asset Management Group, LLC",0001963967,0001963967-26-000005,05-MAY-2026,31-MAR-2026,298160377.0,99
PSG Equity L.L.C.,0001865991,0001140361-26-019118,05-MAY-2026,31-MAR-2026,976859418.0,1
"Solutions 4 Wealth, Ltd",0002006405,0002006405-26-000003,05-MAY-2026,31-MAR-2026,66487808.0,55
Katamaran Capital LLP,0002025353,0002025353-26-000004,05-MAY-2026,31-MAR-2026,112336549.0,28
EXCALIBUR MANAGEMENT CORP,0001009003,0001009003-26-000003,05-MAY-2026,31-MAR-2026,278475794.0,160
Silphium Asset Management Ltd,0001758440,0000919574-26-002639,05-MAY-2026,31-MAR-2026,263981353.0,48
WASHINGTON STATE INVESTMENT BOARD,0000943712,0000943712-26-000003,05-MAY-2026,31-MAR-2026,251236423.0,2
Rockport Wealth LLC,0002022866,0002085853-26-000565,05-MAY-2026,31-MAR-2026,549260503.0,101
SHARPEPOINT LLC,0002046822,0002046822-26-000002,05-MAY-2026,31-MAR-2026,167708548.0,86
"Napier Financial, LLC",0002086579,0002086579-26-000003,05-MAY-2026,31-MAR-2026,436018518.0,609
"GENTRY PRIVATE WEALTH, LLC",0002022634,0001765380-26-000166,05-MAY-2026,31-MAR-2026,166025123.0,91
"Ashford Advisors, LLC",0001861158,0001861158-26-000003,05-MAY-2026,31-MAR-2026,429255538.0,23
LEGACY FINANCIAL INDEPENDENT ADVISORS LLC,0002131510,0002131510-26-000001,05-MAY-2026,31-MAR-2026,192231975.0,113
Settian Capital LP,0001911113,0001104659-26-055339,05-MAY-2026,31-MAR-2026,142809835.0,26
Western Standard LLC,0001517666,0001193125-26-205384,05-MAY-2026,31-MAR-2026,190157477.0,23
"Martin Capital Advisors, LLP",0001904126,0001398344-26-008332,05-MAY-2026,31-MAR-2026,158345201.0,73
"Portfolio Strategies, Inc.",0001753271,0001765380-26-000150,05-MAY-2026,31-MAR-2026,811090941.0,75
"Gilbert & Cook, Inc.",0001675762,0001675762-26-000003,05-MAY-2026,31-MAR-2026,774222835.0,221
Wealthfront Advisers LLC,0001763921,0002085853-26-000564,05-MAY-2026,31-MAR-2026,45560957730.0,1076
UBS Group AG,0001610520,0001610520-26-000057,05-MAY-2026,31-MAR-2026,563583760878.0,9112
GARDA CAPITAL PARTNERS LP,0001666905,0001666905-26-000004,05-MAY-2026,31-MAR-2026,38865674.0,3
Bastion Asset Management Inc.,0001977794,0001977794-26-000005,05-MAY-2026,31-MAR-2026,327959622.0,65
"WEST MICHIGAN ADVISORS, LLC",0001909879,0001765380-26-000163,05-MAY-2026,31-MAR-2026,455193226.0,298
Aware Super Pty Ltd as trustee of Aware Super,0002012816,0002012816-26-000003,05-MAY-2026,31-MAR-2026,6600875313.0,235
SAYBROOK CAPITAL /NC,0001044924,0001044924-26-000002,05-MAY-2026,31-MAR-2026,371372745.0,42
Collaborative Wealth Managment Inc.,0001896419,0001896419-26-000003,05-MAY-2026,31-MAR-2026,217089528.0,160
Privium Fund Management (UK) Ltd,0001845773,0001754960-26-000357,05-MAY-2026,31-MAR-2026,197371899.0,20
Ferguson Johnson Wealth Management Inc,0002109387,0002109387-26-000002,05-MAY-2026,31-MAR-2026,123229.0,34
"DUDLEY CAPITAL MANAGEMENT, LLC",0001965760,0001172661-26-001598,05-MAY-2026,31-MAR-2026,226722873.0,139
Enterprise Financial Services Corp,0001025835,0001025835-26-000112,05-MAY-2026,31-MAR-2026,197310837.0,167
"M3 Wealth Management, LLC",0002109365,0001765380-26-000148,05-MAY-2026,31-MAR-2026,129924680.0,35
"Adaptive Financial Consulting, LLC",0001804717,0001804717-26-000002,05-MAY-2026,31-MAR-2026,261125183.0,18
"Atria Investments, Inc",0001535865,0001535865-26-000005,05-MAY-2026,31-MAR-2026,8937171197.0,2028
TWIN CAPITAL MANAGEMENT INC,0001059187,0001059187-26-000005,05-MAY-2026,31-MAR-2026,775700663.0,271
Privium Fund Management B.V.,0001795097,0001754960-26-000356,05-MAY-2026,31-MAR-2026,480306781.0,60
"Three Seasons Wealth, LLC",0002044495,0001420506-26-000803,05-MAY-2026,31-MAR-2026,262015677.0,187
OFI INVEST ASSET MANAGEMENT,0001977602,0001977602-26-000004,05-MAY-2026,31-MAR-2026,7562479695.0,347
Advantage Trust Co,0002009346,0002009346-26-000002,05-MAY-2026,31-MAR-2026,223131387.0,123
Aisling Capital Management LP,0001766721,0001766721-26-000002,05-MAY-2026,31-MAR-2026,476288954.0,13
Zeit Capital LLC,0001808163,0001808163-26-000002,05-MAY-2026,31-MAR-2026,149418192.0,52
MJP ASSOCIATES INC /ADV,0000715113,0001765380-26-000155,05-MAY-2026,31-MAR-2026,823225018.0,228
"INVESTMENT PARTNERS, LTD.",0001050068,0001050068-26-000002,05-MAY-2026,31-MAR-2026,281095205.0,152
AMAZON COM INC,0001018724,0001104659-26-055638,05-MAY-2026,31-MAR-2026,2631514371.0,5
Bank of New York Mellon Corp,0001390777,0001390777-26-000061,05-MAY-2026,31-MAR-2026,543785471484.0,4175
"SOFI WEALTH, LLC",0001925582,0001398344-26-008352,05-MAY-2026,31-MAR-2026,2075433894.0,52
PENINSULA ASSET MANAGEMENT INC,0001091923,0001091923-26-000002,05-MAY-2026,31-MAR-2026,195828456.0,53
"Financial Harvest, LLC",0002052933,0001705819-26-000035,05-MAY-2026,31-MAR-2026,169805977.0,57
"Frisch Financial Group, Inc.",0001767730,0001767730-26-000003,05-MAY-2026,31-MAR-2026,478344247.0,167
"Williams Jones Wealth Management, LLC.",0001788587,0001104659-26-055404,05-MAY-2026,31-MAR-2026,8138375130.0,514
"Price Capital Management, Inc.",0001633624,0001633624-26-000002,05-MAY-2026,31-MAR-2026,7046800.0,2
Illinois Municipal Retirement Fund,0001541910,0001541910-26-000007,05-MAY-2026,31-MAR-2026,7859285301.0,1127
REGIONS FINANCIAL CORP,0001281761,0001281761-26-000033,05-MAY-2026,31-MAR-2026,15400884427.0,860
EnRich Financial Partners LLC,0001955091,0001955091-26-000003,05-MAY-2026,31-MAR-2026,377074770.0,64
Truxt Investmentos Ltda.,0001721168,0001721168-26-000004,05-MAY-2026,31-MAR-2026,155739914.0,23
"Beacon Bridge Wealth Partners, LLC",0001965468,0001765380-26-000151,05-MAY-2026,31-MAR-2026,298759154.0,101
"BCM ADVISORS, LLC",0001373017,0001373017-26-000005,05-MAY-2026,31-MAR-2026,506899367.0,78
"Beaumont Financial Advisors, LLC",0001957394,0001957394-26-000004,05-MAY-2026,31-MAR-2026,1455127053.0,369
STOREBRAND ASSET MANAGEMENT AS,0001685676,0001685676-26-000002,05-MAY-2026,31-MAR-2026,34792008948.0,773
"KICKSTAND VENTURES, LLC.",0002000355,0001765380-26-000160,05-MAY-2026,31-MAR-2026,475014414.0,130
"Gallagher Capital Advisors, LLC",0002034519,0002085853-26-000566,05-MAY-2026,31-MAR-2026,148381704.0,65
"Rollins Financial Advisors, LLC",0001884018,0001765380-26-000159,05-MAY-2026,31-MAR-2026,632364347.0,158
"Freedom Day Solutions, LLC",0001467517,0001467517-26-000002,05-MAY-2026,31-MAR-2026,372672559.0,96
"Plante Moran Financial Advisors, LLC",0001424717,0001424717-26-000005,05-MAY-2026,31-MAR-2026,1546040904.0,718
"Bank Julius Baer & Co. Ltd, Zurich",0001544599,0001544599-26-000005,05-MAY-2026,31-MAR-2026,33153163575.0,678
"PRAIRIEVIEW WEALTH PARTNERS, LLC",0002011194,0001765380-26-000149,05-MAY-2026,31-MAR-2026,121983058.0,30
LANE BROTHERS & CO INC,0001177416,0001177416-26-000008,05-MAY-2026,31-MAR-2026,137219792.0,83
"Legacy CG, LLC",0001904825,0001904825-26-000003,05-MAY-2026,31-MAR-2026,360049329.0,45
PFG Advisors,0001694435,0001694435-26-000002,05-MAY-2026,31-MAR-2026,2053983392.0,788
"Evergreen Advisors, LLC",0001762294,0001762294-26-000003,05-MAY-2026,31-MAR-2026,425788848.0,168
"Advisors Preferred, LLC",0001598841,0001598841-26-000002,05-MAY-2026,31-MAR-2026,678989847.0,215
"Eos Management, L.P.",0001548882,0002048251-26-003716,05-MAY-2026,31-MAR-2026,232792554.0,41
FACTORY MUTUAL INSURANCE CO,0000887818,0000887818-26-000002,05-MAY-2026,31-MAR-2026,8888636542.0,196
"Advisory Advocates, LLC",0002111697,0002111697-26-000002,05-MAY-2026,31-MAR-2026,97926583.0,160
N.E.W. Advisory Services LLC,0001803456,0001803456-26-000002,05-MAY-2026,31-MAR-2026,1337203139.0,914
Longitude (Cayman) Ltd.,0001664999,0001664999-26-000006,05-MAY-2026,31-MAR-2026,114589326.0,29
Providence First Trust Co,0001713735,0001713735-26-000004,05-MAY-2026,31-MAR-2026,284404423.0,179
Geneos Wealth Management Inc.,0001764754,0001764754-26-000004,05-MAY-2026,31-MAR-2026,4310329700.0,2465
MASTERINVEST Kapitalanlage GmbH,0002075029,0002075029-26-000002,05-MAY-2026,31-MAR-2026,962485055.0,292
True Light Capital Pte. Ltd.,0002107386,0002107386-26-000002,05-MAY-2026,31-MAR-2026,197853582.0,8
"Livforsakringsbolaget Skandia, Omsesidigt",0001547926,0001193125-26-205068,05-MAY-2026,31-MAR-2026,2576825974.0,459
"Oasis Advisors, LLC",0002124777,0002085853-26-000560,05-MAY-2026,31-MAR-2026,508665957.0,210
"Flaharty Asset Management, LLC",0001697882,0001420506-26-000797,05-MAY-2026,31-MAR-2026,805532473.0,133
Plato Investment Management Ltd,0001984475,0001984475-26-000003,05-MAY-2026,31-MAR-2026,1488984626.0,516
"Mass General Brigham, Inc",0001678378,0001214659-26-005558,05-MAY-2026,31-MAR-2026,468920924.0,6
"Duncan Williams Asset Management, LLC",0002011771,0001765380-26-000158,05-MAY-2026,31-MAR-2026,360684738.0,154
"Versant Venture Management, LLC",0001560009,0001193125-26-206555,05-MAY-2026,31-MAR-2026,141410507.0,8
Yong Rong (HK) Asset Management Ltd,0001738071,0001738071-26-000006,05-MAY-2026,31-MAR-2026,218519.0,8
Willis Investment Counsel,0001310929,0001310929-26-000003,05-MAY-2026,31-MAR-2026,1831288166.0,123
Holistic Financial Partners,0001729304,0001729304-26-000003,05-MAY-2026,31-MAR-2026,269034831.0,146
WEDGEWOOD INVESTORS INC /PA/,0001125243,0001125243-26-000002,05-MAY-2026,31-MAR-2026,87211298.0,99
Cedarwood Wealth LLC,0002114448,0002114448-26-000002,05-MAY-2026,31-MAR-2026,99002563.0,81
"Torrey-Payne Wealth Management, LLC",0002112151,0002112151-26-000002,05-MAY-2026,31-MAR-2026,109026417.0,40
"Good Harbor Advisors, Inc.",0002133484,0002133484-26-000002,05-MAY-2026,31-MAR-2026,91590084.0,82
"Landing Point Financial Group, LLC",0002025964,0001765380-26-000156,05-MAY-2026,31-MAR-2026,206064209.0,93
Gaddis Premier Wealth Advisors LLC,0002087873,0001765380-26-000168,05-MAY-2026,31-MAR-2026,135272918.0,84
HARMONY ASSET MANAGEMENT LLC,0002002815,0001104659-26-055537,05-MAY-2026,31-MAR-2026,327245707.0,195
W.G. Shaheen & Associates DBA Whitney & Co,0001577001,0001577001-26-000003,05-MAY-2026,31-MAR-2026,1201082986.0,175
"Seros Financial, LLC",0002039918,0001104659-26-055527,05-MAY-2026,31-MAR-2026,157114633.0,58
"OPINICUS CAPITAL, INC.",0002009743,0001420506-26-000801,05-MAY-2026,31-MAR-2026,141819330.0,98
WOODMONT INVESTMENT COUNSEL LLC,0001133653,0001398344-26-008329,05-MAY-2026,31-MAR-2026,1622195933.0,263
Generali Asset Management SPA SGR,0002046751,0001123292-26-000597,05-MAY-2026,31-MAR-2026,4794229524.0,484
"Clear Harbor Asset Management, LLC",0001511857,0001172661-26-001602,05-MAY-2026,31-MAR-2026,1443541436.0,438
"Prosperity Consulting Group, LLC",0001910398,0001437749-26-014862,05-MAY-2026,31-MAR-2026,2246427294.0,519
Avanda Investment Management Pte. Ltd.,0001650258,0001650258-26-000004,05-MAY-2026,31-MAR-2026,63135536.0,24
"Clarity Asset Management, Inc.",0001756759,0001756759-26-000003,05-MAY-2026,31-MAR-2026,197513031.0,290
"Ethos Financial Group, LLC",0001954242,0001954242-26-000003,05-MAY-2026,31-MAR-2026,1368646661.0,540
"ROGCO, LP",0001998892,0001140361-26-018939,05-MAY-2026,31-MAR-2026,299521630.0,205
"John A. Wolfe & Associates, Inc.",0002118722,0002118722-26-000004,05-MAY-2026,31-MAR-2026,65114389.0,42
Hexagon Capital Partners LLC,0001831542,0001831542-26-000002,05-MAY-2026,31-MAR-2026,683412023.0,252
NFSG Corp,0001879757,0001879757-26-000005,05-MAY-2026,31-MAR-2026,608256428.0,1182
Alta Wealth Advisors LLC,0001843826,0002085853-26-000558,05-MAY-2026,31-MAR-2026,307954678.0,161
"Sanctuary Advisors, LLC",0001777271,0001777271-26-000006,05-MAY-2026,31-MAR-2026,18499350169.0,2522
NAN FUNG TRINITY (HK) LTD,0001781880,0001420506-26-000799,05-MAY-2026,31-MAR-2026,910617337.0,62
"Greenspring Advisors, LLC",0001922200,0002085853-26-000561,05-MAY-2026,31-MAR-2026,1641004918.0,318
Vienna Powszechne Towarzystwo Emerytalne S.A. Vienna Insurance Group,0002033881,0002033881-26-000003,05-MAY-2026,31-MAR-2026,262336281.0,28
Harel Insurance Investments & Financial Services Ltd.,0001429390,0001178913-26-002381,05-MAY-2026,31-MAR-2026,14745120.0,509
Aubrey Capital Management Ltd,0001730754,0001730754-26-000004,05-MAY-2026,31-MAR-2026,186141592.0,50
BlueChip Wealth Advisors LLC,0002015578,0002015578-26-000004,05-MAY-2026,31-MAR-2026,227817992.0,147
"LUTS & GREENLEIGH GROUP, INC.",0001967844,0001951757-26-000774,05-MAY-2026,31-MAR-2026,126268544.0,89
Mandatum Life Insurance Co Ltd,0001664324,0001664324-26-000003,05-MAY-2026,31-MAR-2026,444770782.0,84
"LJI Wealth Management, LLC",0001988563,0002085853-26-000559,05-MAY-2026,31-MAR-2026,625106745.0,191
Hudson Canyon Capital Management,0001978883,0001214659-26-005556,05-MAY-2026,31-MAR-2026,163355508.0,52
"SIGNET FINANCIAL MANAGEMENT, LLC",0001600307,0001951757-26-000775,05-MAY-2026,31-MAR-2026,891965814.0,299
"Entelevest, LLC",0002109595,0002085853-26-000562,05-MAY-2026,31-MAR-2026,97205218.0,107
"Northstar Financial Companies, Inc.",0002059828,0001765380-26-000147,05-MAY-2026,31-MAR-2026,125754474.0,112
SouthState Bank Corp,0000764038,0001104659-26-055307,05-MAY-2026,31-MAR-2026,2142900403.0,1278
Northcape Capital Pty Ltd,0001686776,0001686776-26-000004,05-MAY-2026,31-MAR-2026,866683391.0,8
LFA - Lugano Financial Advisors SA,0001737871,0001737871-26-000002,05-MAY-2026,31-MAR-2026,196601517.0,223
ARCH CAPITAL GROUP LTD.,0000947484,0000947484-26-000059,05-MAY-2026,31-MAR-2026,290387.0,4
"5th Street Advisors, LLC",0001911026,0001437749-26-014695,05-MAY-2026,31-MAR-2026,230645557.0,51
"Fusion Family Wealth, LLC",0001696209,0001951757-26-000773,05-MAY-2026,31-MAR-2026,1339200512.0,47
OPTIMA CAPITAL LLC,0002070972,0002070972-26-000002,05-MAY-2026,31-MAR-2026,215374399.0,159
HELIOS CAPITAL MANAGEMENT PTE. LTD,0001727612,0001012975-26-000398,05-MAY-2026,31-MAR-2026,95066173.0,21
"Minneapolis Portfolio Management Group, LLC",0001317253,0001437749-26-014698,05-MAY-2026,31-MAR-2026,941722453.0,33
Brickley Wealth Management,0001712533,0001712533-26-000005,05-MAY-2026,31-MAR-2026,583072960.0,60
FIRETRAIL INVESTMENTS PTY LTD,0001943822,0001943822-26-000003,05-MAY-2026,31-MAR-2026,293065574.0,28
THEORY FINANCIAL LLC,0001899158,0001899158-26-000002,05-MAY-2026,31-MAR-2026,284939313.0,94
KESTREL INVESTMENT MANAGEMENT CORP,0000917579,0000917579-26-000003,05-MAY-2026,31-MAR-2026,167465990.0,39
JENSEN INVESTMENT MANAGEMENT INC,0001106129,0001171200-26-000007,05-MAY-2026,31-MAR-2026,5072800848.0,84
"Altman Advisors, Inc.",0001731671,0001731671-26-000002,05-MAY-2026,31-MAR-2026,241266636.0,77
SHAKER INVESTMENTS LLC/OH,0001009005,0001009005-26-000002,05-MAY-2026,31-MAR-2026,219737923.0,82
"Frazier Financial Advisors, LLC",0002002745,0002002745-26-000003,05-MAY-2026,31-MAR-2026,180611342.0,836
Park Avenue Institutional Advisers LLC,0001640801,0001193125-26-206517,05-MAY-2026,31-MAR-2026,199215911.0,5
Regency Capital Management Inc.\DE,0001863894,0001863894-26-000002,05-MAY-2026,31-MAR-2026,223503828.0,60
SALZHAUER MICHAEL,0001059543,0001059543-26-000002,05-MAY-2026,31-MAR-2026,212174728.0,75
Coquina Private Wealth LLC,0002103792,0002063364-26-000147,05-MAY-2026,31-MAR-2026,124325174.0,96
Altrius Capital Management Inc,0001940646,0001940646-26-000004,05-MAY-2026,31-MAR-2026,502508819.0,87
"Generations Wealth, LLC",0002070529,0002070529-26-000005,05-MAY-2026,31-MAR-2026,102992681.0,29
"SFI Advisors, LLC",0001911308,0001172661-26-001600,05-MAY-2026,31-MAR-2026,95233229.0,48
"Robinson Value Management, Ltd.",0001694283,0001694283-26-000003,05-MAY-2026,31-MAR-2026,179651859.0,73
FLPUTNAM INVESTMENT MANAGEMENT CO,0001140334,0001140334-26-000003,05-MAY-2026,31-MAR-2026,6713700607.0,569
"KEYVANTAGE WEALTH, LLC",0002050555,0001765380-26-000153,05-MAY-2026,31-MAR-2026,226963270.0,91
"Crestwood Advisors Group, LLC",0001426853,0001426853-26-000002,05-MAY-2026,31-MAR-2026,5944239823.0,765
"Gruss & Co., LLC",0001103738,0001103738-26-000002,05-MAY-2026,31-MAR-2026,42810226.0,35
"Sherman Asset Management, Inc.",0001736535,0001736535-26-000003,05-MAY-2026,31-MAR-2026,108696949.0,154
"STRATEGIC INVESTMENT MANAGEMENT, LLC",0000846633,0000846633-26-000010,05-MAY-2026,31-MAR-2026,239458266.0,14
"RFG - Bristol Wealth Advisors, LLC",0002055104,0002055104-26-000002,05-MAY-2026,31-MAR-2026,370622786.0,180
"IMC-Chicago, LLC",0001452861,0001452861-26-000005,05-MAY-2026,31-MAR-2026,6599568399.0,1290
Net Worth Advisory Group,0001791998,0001754960-26-000355,05-MAY-2026,31-MAR-2026,482356370.0,436
"Birchwood Financial Partners, Inc.",0002110062,0002110062-26-000004,05-MAY-2026,31-MAR-2026,103715721.0,348
"Bay Colony Advisory Group, Inc d/b/a Bay Colony Advisors",0001748861,0001754960-26-000354,05-MAY-2026,31-MAR-2026,818281429.0,489
"Goehring & Rozencwajg Associates, LLC",0001863154,0001863154-26-000003,05-MAY-2026,31-MAR-2026,1861025819.0,43
"Cherry Tree Wealth Management, LLC",0001985414,0001985414-26-000003,05-MAY-2026,31-MAR-2026,472723168.0,582
DAHRING | CUSMANO LLC,0002053669,0002053669-26-000003,05-MAY-2026,31-MAR-2026,162657282.0,58
"Bancreek Capital Management, LP",0001852042,0001852042-26-000004,05-MAY-2026,31-MAR-2026,23113281.0,12
WINSLOW ASSET MANAGEMENT INC,0001286534,0001286534-26-000002,05-MAY-2026,31-MAR-2026,514698.0,80
"Legacy Advisors, LLC",0001720969,0001720969-26-000003,05-MAY-2026,31-MAR-2026,848217703.0,279
"Allspring Global Investments Holdings, LLC",0001890906,0001890906-26-000040,05-MAY-2026,31-MAR-2026,59676613503.0,1755
"Leo Wealth, LLC",0001912202,0001754960-26-000352,05-MAY-2026,31-MAR-2026,1377120463.0,452
MARINER INVESTMENT GROUP LLC,0001096978,0001096978-26-000005,05-MAY-2026,31-MAR-2026,329885088.0,55
Helium Advisors LLC,0002056653,0002056653-26-000003,05-MAY-2026,31-MAR-2026,104758013.0,92
Altium Investment Strategies LLC,0002131949,0001754960-26-000358,05-MAY-2026,31-MAR-2026,34012387.0,13
"Navigation Group, LLC",0002132497,0002132497-26-000002,05-MAY-2026,31-MAR-2026,427272362.0,113
"GuidedMoney, LLC",0002112951,0002112951-26-000002,05-MAY-2026,31-MAR-2026,190476114.0,29
Blue Water Asset Management,0002033384,0001765380-26-000157,05-MAY-2026,31-MAR-2026,289384864.0,103
Rayburn West Financial Services LLC,0002107467,0002107467-26-000002,05-MAY-2026,31-MAR-2026,169798565.0,82
"93 Financial Group, LLC",0002112320,0002112320-26-000002,05-MAY-2026,31-MAR-2026,224267731.0,9
"Providence Wealth Advisors, LLC",0001744955,0001104659-26-055545,05-MAY-2026,31-MAR-2026,157332502.0,80
Covestor Ltd,0001909846,0001909846-26-000007,05-MAY-2026,31-MAR-2026,144341.0,2835
TOWERVIEW LLC,0001166573,0001140361-26-019095,05-MAY-2026,31-MAR-2026,154822267.0,15
"Vectors Research Management, LLC",0001750557,0002085853-26-000567,05-MAY-2026,31-MAR-2026,342358838.0,142
"Mraz, Amerine & Associates, Inc.",0001542324,0001214659-26-005580,05-MAY-2026,31-MAR-2026,678245399.0,190
CORRECT CAPITAL WEALTH MANAGEMENT,0001844835,0001844835-26-000002,05-MAY-2026,31-MAR-2026,535685088.0,109
"Thayer Partners, LLC / MA",0002010185,0001765380-26-000164,05-MAY-2026,31-MAR-2026,210052396.0,94
"Capital Investment Advisory Services, LLC",0001659203,0001398344-26-008261,05-MAY-2026,31-MAR-2026,1371140948.0,1206
NOESIS CAPITAL MANGEMENT CORP,0001262677,0001262677-26-000002,05-MAY-2026,31-MAR-2026,676391054.0,125
"HighTower Advisors, LLC",0001462245,0001085146-26-000383,05-MAY-2026,31-MAR-2026,94216347096.0,3790
Pacific Wealth Management,0001852338,0001852338-26-000002,05-MAY-2026,31-MAR-2026,185920233.0,20
Linden Rose Investment LLC,0001833819,0001833819-26-000004,05-MAY-2026,31-MAR-2026,76197331.0,6
Alta Fundamental Advisers LLC,0001641604,0001214659-26-005568,05-MAY-2026,31-MAR-2026,254062559.0,21
"Seafarer Capital Partners, LLC",0001697721,0001697721-26-000004,05-MAY-2026,31-MAR-2026,435807143.0,9
MERIDIAN MANAGEMENT CO,0000806097,0000806097-26-000003,05-MAY-2026,31-MAR-2026,401922521.0,81
"Oder Investment Management, LLC",0001845109,0001845109-26-000002,05-MAY-2026,31-MAR-2026,130184175.0,102
"Aspiring Ventures, LLC",0001738640,0001765380-26-000152,05-MAY-2026,31-MAR-2026,302412492.0,78
"Donalies Financial Planning, LLC",0002111587,0002111587-26-000002,05-MAY-2026,31-MAR-2026,117318243.0,74
ANTIPODES PARTNERS Ltd,0001652442,0001652442-26-000004,05-MAY-2026,31-MAR-2026,5193419800.0,126
"Trail Ridge Investment Advisors, LLC",0001911013,0001754960-26-000351,05-MAY-2026,31-MAR-2026,230063525.0,99
"BCGM Wealth Management, LLC",0001830467,0001765380-26-000167,05-MAY-2026,31-MAR-2026,398108480.0,178
Soundwatch Capital LLC,0001803253,0001214659-26-005588,05-MAY-2026,31-MAR-2026,793229309.0,47
"Marks Group Wealth Management, Inc",0001802473,0001802473-26-000003,05-MAY-2026,31-MAR-2026,1037086853.0,337
"Alan B Lancz & Associates, Inc.",0001897835,0001765380-26-000154,05-MAY-2026,31-MAR-2026,103046171.0,129
Smart Money Group LLC,0001728866,0001728866-26-000004,05-MAY-2026,31-MAR-2026,343713089.0,84
"FinDec Wealth Services, Inc.",0001916066,0001172661-26-001601,05-MAY-2026,31-MAR-2026,81781962.0,30
"Philadelphia Investment Partners, LLC",0002131511,0001162044-26-000425,05-MAY-2026,31-MAR-2026,146992013.0,185
B&I Capital AG,0001843527,0001843527-26-000002,06-MAY-2026,31-MAR-2026,294073024.0,24
"M. Kulyk & Associates, LLC",0001842370,0001842370-26-000002,06-MAY-2026,31-MAR-2026,535799974.0,119
Rothschild Wealth LLC,0001811345,0001104659-26-055991,06-MAY-2026,31-MAR-2026,1106511436.0,596
"Clearstead Trust, LLC",0001708001,0001708001-26-000002,06-MAY-2026,31-MAR-2026,613411357.0,981
"Intentional Wealth Strategies, LLC",0002119881,0001754960-26-000364,06-MAY-2026,31-MAR-2026,107380331.0,942
Shared Vision Wealth Group LLC,0002008178,0002008178-26-000002,06-MAY-2026,31-MAR-2026,245155573.0,95
Prime Capital Management Co Ltd,0001448793,0001448793-26-000004,06-MAY-2026,31-MAR-2026,891048304.0,7
AXS Investments LLC,0001801467,0001801467-26-000004,06-MAY-2026,31-MAR-2026,247643940.0,189
PeakShares LLC,0002113507,0001398344-26-008442,06-MAY-2026,31-MAR-2026,108945468.0,116
SHEPHERD WEALTH MANAGEMENT Ltd LIABILITY Co,0002016209,0001754960-26-000361,06-MAY-2026,31-MAR-2026,133511272.0,52
Florin Court Capital LLP,0001696263,0001172661-26-001607,06-MAY-2026,31-MAR-2026,26499125.0,19
"TopTier Wealth Management, LLC",0002109367,0001754960-26-000365,06-MAY-2026,31-MAR-2026,162660122.0,795
WIT Partners Advisory Pte. Ltd.,0002000043,0002000043-26-000003,06-MAY-2026,31-MAR-2026,342123153.0,16
Aflac Inc,0000004977,0001628280-26-030936,06-MAY-2026,31-MAR-2026,94756867.0,4
Premier Financial Group,0001989061,0001989061-26-000002,06-MAY-2026,31-MAR-2026,587261201.0,44
"TCFG Investment Advisors, LLC",0002121836,0001754960-26-000366,06-MAY-2026,31-MAR-2026,267470940.0,274
Graphene Investments SAS,0001965776,0001965776-26-000002,06-MAY-2026,31-MAR-2026,148999453.0,44
C WorldWide Group Holding A/S,0001625244,0001625244-26-000004,06-MAY-2026,31-MAR-2026,4658947.0,97
"Cedar Point Capital Partners, LLC",0001954337,0001172661-26-001611,06-MAY-2026,31-MAR-2026,153958088.0,71
"Quadrant Private Wealth Management, LLC",0001727454,0001725547-26-000168,06-MAY-2026,31-MAR-2026,646296059.0,282
JENNISON ASSOCIATES LLC,0000053417,0000053417-26-000040,06-MAY-2026,31-MAR-2026,145414174219.0,562
Summit Creek Advisors LLC,0001333709,0001333709-26-000005,06-MAY-2026,31-MAR-2026,486782533.0,65
"WealthTrust Asset Management, LLC",0001867894,0002085853-26-000570,06-MAY-2026,31-MAR-2026,167492595.0,98
Kranot Hishtalmut Le Morim Tichoniim Havera Menahelet LTD,0001639754,0001178913-26-002411,06-MAY-2026,31-MAR-2026,505590128.0,57
"Roubaix Capital, LLC",0001769700,0001769700-26-000003,06-MAY-2026,31-MAR-2026,214277479.0,43
"Patrick Mauro Investment Advisor, INC.",0001953787,0001104659-26-055990,06-MAY-2026,31-MAR-2026,198935029.0,40
TOWNSEND ASSET MANAGEMENT CORP /NC/ /ADV,0000709089,0001398344-26-008550,06-MAY-2026,31-MAR-2026,276711783.0,187
Lightrock Netherlands B.V.,0002041485,0002041485-26-000003,06-MAY-2026,31-MAR-2026,468071880.0,38
"Mercuria Capital Strategies, LLC",0002048079,0002048079-26-000014,06-MAY-2026,31-MAR-2026,261630585.0,31
HighMark Wealth Management LLC,0001802451,0001802451-26-000002,06-MAY-2026,31-MAR-2026,245589188.0,555
Trailhead Planners LLC,0002109534,0002109534-26-000002,06-MAY-2026,31-MAR-2026,104192722.0,49
INTRUST BANK NA,0001034771,0001062993-26-002342,06-MAY-2026,31-MAR-2026,1227346811.0,407
"VSM Wealth Advisory, LLC",0002050660,0002050660-26-000002,06-MAY-2026,31-MAR-2026,334834908.0,505
Fort Sheridan Advisors LLC,0001606666,0001104659-26-055984,06-MAY-2026,31-MAR-2026,827634377.0,282
"Main Street Group, LTD",0001965796,0001965796-26-000003,06-MAY-2026,31-MAR-2026,340437099.0,865
"Bauman Advisory Group, LLC",0002111802,0001765380-26-000169,06-MAY-2026,31-MAR-2026,142681733.0,63
"Prospect Hill Management, LLC",0001837320,0001837320-26-000002,06-MAY-2026,31-MAR-2026,224370514.0,14
"Meixler Investment Management, Ltd.",0001911615,0001911615-26-000002,06-MAY-2026,31-MAR-2026,185804643.0,88
"My Portfolio Guide, LLC",0002132204,0001754960-26-000362,06-MAY-2026,31-MAR-2026,180815716.0,166
"Broyhill Asset Management, LLC",0001966057,0001140361-26-019234,06-MAY-2026,31-MAR-2026,101858984.0,73
"KITCHING PARTNERS, LLC",0002010145,0002010145-26-000002,06-MAY-2026,31-MAR-2026,108687381.0,40
"Hurley Capital, LLC",0001632844,0001632844-26-000002,06-MAY-2026,31-MAR-2026,186428402.0,627
STONERIDGE INVESTMENT PARTNERS LLC,0001108831,0001108831-26-000007,06-MAY-2026,31-MAR-2026,138271.0,128
Avalon Trust Co,0001798150,0001798150-26-000002,06-MAY-2026,31-MAR-2026,1451460768.0,460
GOULD ASSET MANAGEMENT LLC /CA/,0001091961,0001437749-26-014972,06-MAY-2026,31-MAR-2026,575715544.0,171
"JAG CAPITAL MANAGEMENT, LLC",0001080374,0001080374-26-000004,06-MAY-2026,31-MAR-2026,886587034.0,137
Brummer Multi-Strategy AB,0002003159,0002003159-26-000004,06-MAY-2026,31-MAR-2026,24019549.0,8
Financiere des Professionnels - Fonds d'investissement inc.,0001996846,0001996846-26-000006,06-MAY-2026,31-MAR-2026,1705858164.0,343
Cryder Capital Partners LLP,0001633969,0001633969-26-000003,06-MAY-2026,31-MAR-2026,1531097190.0,10
"Sherry Group, Inc.",0002107738,0002107738-26-000002,06-MAY-2026,31-MAR-2026,91583054.0,41
"Paradigm Capital Management, LLC/NV",0001910312,0001910312-26-000002,06-MAY-2026,31-MAR-2026,109127.0,59
"Wall Street Financial Group, Inc.",0002019337,0001754960-26-000363,06-MAY-2026,31-MAR-2026,168869856.0,667
Drummond Knight Asset Management Pty Ltd,0001808029,0001808029-26-000004,06-MAY-2026,31-MAR-2026,282719298.0,14
Gallacher Capital Management LLC,0001960749,0001960749-26-000002,06-MAY-2026,31-MAR-2026,260704847.0,299
"Fiscal Wisdom Wealth Management, LLC",0002053757,0002053757-26-000004,06-MAY-2026,31-MAR-2026,104156216.0,90
BESSEMER GROUP INC,0001054074,0000930413-26-001498,06-MAY-2026,31-MAR-2026,63619159.0,2532
"DecisionPoint Financial, LLC",0001938514,0001938514-26-000002,06-MAY-2026,31-MAR-2026,463889843.0,679
FountainVest China Capital Partners GP3 Ltd.,0001795487,0001193125-26-208005,06-MAY-2026,31-MAR-2026,1200520.0,2
"Private Wealth Asset Management, LLC",0001883006,0001883006-26-000005,06-MAY-2026,31-MAR-2026,935387805.0,923
HANSEATIC MANAGEMENT SERVICES INC,0001128074,0001128074-26-000003,06-MAY-2026,31-MAR-2026,104467015.0,80
Orland Properties Ltd,0001550093,0001193125-26-208940,06-MAY-2026,31-MAR-2026,266799631.0,10
White & Co Financial Planning Inc,0002039300,0002039300-26-000004,06-MAY-2026,31-MAR-2026,142228285.0,20
Tyche Wealth Partners LLC,0002004818,0001951757-26-000781,06-MAY-2026,31-MAR-2026,648467784.0,347
"Arcus Capital Partners, LLC",0001651960,0001651960-26-000003,06-MAY-2026,31-MAR-2026,278246869.0,121
"Gray Private Wealth, LLC",0001928877,0001928877-26-000005,06-MAY-2026,31-MAR-2026,198832976.0,50
HWG Holdings LP,0001599390,0001599390-26-000002,06-MAY-2026,31-MAR-2026,379120864.0,53
Heartland Bank & Trust Co,0001866040,0001866040-26-000004,06-MAY-2026,31-MAR-2026,442367337.0,206
"Frontier Asset Management, LLC",0001910146,0001420506-26-000810,06-MAY-2026,31-MAR-2026,476985083.0,91
California Public Employees Retirement System,0000919079,0000919079-26-000006,06-MAY-2026,31-MAR-2026,162486869017.0,1064
Arjuna Capital,0001703208,0001398344-26-008584,06-MAY-2026,31-MAR-2026,393273506.0,109
Finhabits Advisors LLC,0002106949,0002106949-26-000003,06-MAY-2026,31-MAR-2026,108377519.0,15
MORGAN DEMPSEY CAPITAL MANAGEMENT LLC,0001050463,0001941040-26-000296,06-MAY-2026,31-MAR-2026,219382338.0,123
"Forty-three Eighteen Advisors, LLC",0002116323,0002116323-26-000002,06-MAY-2026,31-MAR-2026,132792858.0,75
HEARTLAND ADVISORS INC,0000937394,0000892712-26-000226,06-MAY-2026,31-MAR-2026,1960472856.0,244
Centennial Bank/AR/,0001994744,0001994744-26-000003,06-MAY-2026,31-MAR-2026,278666897.0,323
"Crescent Grove Advisors, LLC",0001713520,0000892712-26-000230,06-MAY-2026,31-MAR-2026,1009237275.0,300
Gryphon Financial Partners LLC,0001729094,0001765380-26-000176,06-MAY-2026,31-MAR-2026,954307614.0,360
"Audent Global Asset Management, LLC",0001834874,0002085853-26-000571,06-MAY-2026,31-MAR-2026,100190380.0,51
"Brio Consultants, LLC",0001747799,0001765380-26-000174,06-MAY-2026,31-MAR-2026,817995733.0,152
Mediolanum International Funds Ltd,0002022028,0000897069-26-001034,06-MAY-2026,31-MAR-2026,9421547920.0,431
Future Fund LLC,0001911970,0001420506-26-000808,06-MAY-2026,31-MAR-2026,284363618.0,127
"Westchester Capital Management, Inc.",0001390063,0001104659-26-056078,06-MAY-2026,31-MAR-2026,496531004.0,45
Gerald Baker Financial Group LLC,0002133489,0001214659-26-005637,06-MAY-2026,31-MAR-2026,315735888.0,114
Astra Wealth Partners LLC,0002054825,0002054825-26-000002,06-MAY-2026,31-MAR-2026,158516634.0,85
Alteri Wealth LLC,0002054980,0001765380-26-000172,06-MAY-2026,31-MAR-2026,308629783.0,292
"Annis Gardner Whiting Capital Advisors, LLC",0001998414,0001998414-26-000002,06-MAY-2026,31-MAR-2026,624519414.0,1330
"Hamilton Point Investment Advisors, LLC",0001599746,0001398344-26-008553,06-MAY-2026,31-MAR-2026,649140164.0,185
"FSA Advisors, Inc.",0001905627,0001905627-26-000002,06-MAY-2026,31-MAR-2026,151706221.0,192
Galileo (PTC) Ltd,0001740858,0001193125-26-208996,06-MAY-2026,31-MAR-2026,1020263876.0,3
"Legacy Wealth Advisors, LLC",0002111463,0002111463-26-000003,06-MAY-2026,31-MAR-2026,195964583.0,109
"AIRE ADVISORS, LLC",0001908177,0001908177-26-000005,06-MAY-2026,31-MAR-2026,546648041.0,167
"NovaPoint Capital, LLC",0001815025,0001815025-26-000002,06-MAY-2026,31-MAR-2026,398594784.0,79
"Euro Pacific Asset Management, LLC",0001796651,0001796651-26-000003,06-MAY-2026,31-MAR-2026,1009147.0,96
DEUTSCHE BANK AG\,0000948046,0000948046-26-000023,06-MAY-2026,31-MAR-2026,302501285752.0,3574
Kranot Hishtalmut Le Morim Ve Gananot Havera Menahelet LTD,0001639753,0001178913-26-002413,06-MAY-2026,31-MAR-2026,1526173913.0,55
"GS Investments, Inc.",0001714590,0001420506-26-000812,06-MAY-2026,31-MAR-2026,174597960.0,134
"DURANTE & WATERS, LLC",0001666582,0001666582-26-000002,06-MAY-2026,31-MAR-2026,138156752.0,31
 STILWELL VALUE LLC,0001397076,0001397076-26-000006,06-MAY-2026,31-MAR-2026,166855554.0,25
"Kelsey Financial, LLC",0002022609,0002022609-26-000002,06-MAY-2026,31-MAR-2026,114350478.0,63
"FIDELIS CAPITAL PARTNERS, LLC",0001962755,0001962755-26-000002,06-MAY-2026,31-MAR-2026,1402823032.0,502
Zhang Financial LLC,0001776290,0001776290-26-000004,06-MAY-2026,31-MAR-2026,2892186546.0,367
"WORLD EQUITY GROUP, INC.",0000878770,0000878770-26-000005,06-MAY-2026,31-MAR-2026,386103586.0,368
BARTLETT & CO. WEALTH MANAGEMENT LLC,0002010186,0002010186-26-000002,06-MAY-2026,31-MAR-2026,7822739584.0,1278
"Meridian Wealth Management, LLC",0001697300,0001697300-26-000004,06-MAY-2026,31-MAR-2026,2818924706.0,762
"Precision Wealth Strategies, LLC",0001844197,0001765380-26-000175,06-MAY-2026,31-MAR-2026,301449745.0,156
Windward Private Wealth Management Inc.,0001835866,0001835866-26-000004,06-MAY-2026,31-MAR-2026,289282380.0,44
Aurora Investment Counsel,0001316397,0001316397-26-000003,06-MAY-2026,31-MAR-2026,180316957.0,106
MUHLENKAMP & CO INC,0001133219,0001133219-26-000002,06-MAY-2026,31-MAR-2026,379789142.0,29
"PACES FERRY WEALTH ADVISORS, LLC",0001819919,0001819919-26-000002,06-MAY-2026,31-MAR-2026,239977587.0,127
High Ground Investment Management LLP,0001828180,0001828180-26-000003,06-MAY-2026,31-MAR-2026,538628310.0,5
Catalyst Capital Advisors LLC,0001549275,0001580642-26-002983,06-MAY-2026,31-MAR-2026,5367375581.0,365
"Patriot Financial Partners GP II, L.P.",0002061817,0001104659-26-056150,06-MAY-2026,31-MAR-2026,388326607.0,12
Freemont Management S.A.,0001609120,0001104659-26-056347,06-MAY-2026,31-MAR-2026,535285640.0,119
Goodman Financial Corp,0001382303,0001382303-26-000001,06-MAY-2026,31-MAR-2026,581901471.0,77
ANB BANK,0002067126,0002067126-26-000002,06-MAY-2026,31-MAR-2026,247263738.0,128
"Clearstead Advisors, LLC",0000842775,0000842775-26-000003,06-MAY-2026,31-MAR-2026,10940930182.0,2232
Independent Order of Foresters,0001538037,0001193125-26-208422,06-MAY-2026,31-MAR-2026,101868860.0,2
Three Arch Wealth Management LLC,0002109462,0001951757-26-000784,06-MAY-2026,31-MAR-2026,556127105.0,61
Sparta 24 Ltd.,0001967706,0001213900-26-052793,06-MAY-2026,31-MAR-2026,87480838.0,10
McAlvany Wealth Management LLC,0002123857,0002123857-26-000003,06-MAY-2026,31-MAR-2026,148479594.0,41
Eurizon SLJ Capital Ltd,0002107309,0002107309-26-000002,06-MAY-2026,31-MAR-2026,210298292.0,167
"Cornerstone Financial Group, LLC /NE/",0002056783,0001765380-26-000173,06-MAY-2026,31-MAR-2026,155805232.0,73
AIA Group Ltd,0001522877,0001104659-26-056107,06-MAY-2026,31-MAR-2026,6879224539.0,325
"Quest 10 Wealth Builders, Inc.",0002035215,0001437749-26-015097,06-MAY-2026,31-MAR-2026,114084206.0,763
Juno Financial Group LLC,0002106874,0001398344-26-008547,06-MAY-2026,31-MAR-2026,255081560.0,70
"BENNINGFIELD FINANCIAL ADVISORS, LLC",0002053653,0002053653-26-000003,06-MAY-2026,31-MAR-2026,126730103.0,18
"OXFORD FINANCIAL GROUP, LTD. LLC",0001245862,0001398344-26-008494,06-MAY-2026,31-MAR-2026,1857042749.0,302
CLIFFORD SWAN INVESTMENT COUNSEL LLC,0001034642,0001034642-26-000002,06-MAY-2026,31-MAR-2026,2938335751.0,332
SPX Gestao de Recursos Ltda,0001589176,0001589176-26-000002,06-MAY-2026,31-MAR-2026,1200230894.0,73
"Watershed Asset Management, L.L.C.",0001315926,0000935836-26-000228,06-MAY-2026,31-MAR-2026,96497563.0,118
Sun Group Wealth Partners,0002111007,0001172661-26-001608,06-MAY-2026,31-MAR-2026,127185587.0,73
"Ascent Wealth Partners, LLC",0001546865,0001546865-26-000004,06-MAY-2026,31-MAR-2026,860327659.0,188
"Kesler, Norman & Wride, LLC",0001840455,0002085853-26-000572,06-MAY-2026,31-MAR-2026,580741247.0,245
"Modera Wealth Management, LLC",0001542143,0001398344-26-008552,06-MAY-2026,31-MAR-2026,8344887848.0,635
Mawer Investment Management Ltd.,0001538449,0000945621-26-000636,06-MAY-2026,31-MAR-2026,15445748560.0,126
"SEVEN GRAND MANAGERS, LLC",0001909126,0001420506-26-000805,06-MAY-2026,31-MAR-2026,1496553830.0,167
"Storgate, LLC",0002110835,0001951757-26-000783,06-MAY-2026,31-MAR-2026,127466912.0,170
"ECLIPSE OPERATIONS, LLC",0001908066,0001104659-26-056374,06-MAY-2026,31-MAR-2026,39582292.0,1
"May Hill Capital, LLC",0002056340,0001951757-26-000778,06-MAY-2026,31-MAR-2026,398237117.0,223
"Cabot-Wellington, LLC",0001353198,0001062993-26-002363,06-MAY-2026,31-MAR-2026,338068251.0,5
"Pavion Blue Capital, LLC",0001792565,0001792565-26-000002,06-MAY-2026,31-MAR-2026,230202339.0,108
"VALLEY WEALTH MANAGERS, INC.",0000924166,0000924166-26-000004,06-MAY-2026,31-MAR-2026,1552966685.0,316
Spartan Wealth Advisory Services LLC,0002075193,0001765380-26-000177,06-MAY-2026,31-MAR-2026,1144614802.0,310
Aspetuck Financial Management LLC,0002048608,0002048608-26-000002,06-MAY-2026,31-MAR-2026,145959922.0,75
Cornerstone Planning Group LLC,0001822587,0001822587-26-000002,06-MAY-2026,31-MAR-2026,749242129.0,1818
"IMA Advisory Services, Inc.",0001455495,0001455495-26-000006,06-MAY-2026,31-MAR-2026,1024291902.0,1033
"Dunhill Financial, LLC",0001948904,0001948904-26-000002,06-MAY-2026,31-MAR-2026,424397963.0,1857
"MTM Investment Management, LLC",0001831416,0001398344-26-008606,06-MAY-2026,31-MAR-2026,315651326.0,709
"Spectrum Wealth Advisory Group, LLC",0001776821,0001776821-26-000002,06-MAY-2026,31-MAR-2026,268945948.0,58
Dorsey Wright & Associates,0001376772,0001376772-26-000003,06-MAY-2026,31-MAR-2026,806962232.0,158
CNB Bank,0001732074,0001193125-26-207989,06-MAY-2026,31-MAR-2026,237667891.0,522
Berbice Capital Management LLC,0002051605,0002051605-26-000002,06-MAY-2026,31-MAR-2026,152872136.0,159
Keystone Financial Services,0001865158,0001986152-26-000061,06-MAY-2026,31-MAR-2026,340743375.0,119
Ranch Capital Advisors Inc.,0001793269,0001793269-26-000002,06-MAY-2026,31-MAR-2026,273523731.0,153
Pekao Towarzystwo Funduszy Inwestycyjnych S.A.,0002104543,0002104543-26-000003,06-MAY-2026,31-MAR-2026,134263819.0,80
"True Wind Capital Management, L.P.",0001824827,0001193125-26-209228,06-MAY-2026,31-MAR-2026,200436106.0,2
"Copeland Capital Management, LLC",0001541743,0001580642-26-002984,06-MAY-2026,31-MAR-2026,4496753573.0,257
LPL Financial LLC,0001403438,0001403438-26-000002,06-MAY-2026,31-MAR-2026,376173162503.0,5772
"Morling Financial Advisors, LLC",0001905198,0001398344-26-008544,06-MAY-2026,31-MAR-2026,324442985.0,107
Mechanics Financial Corp,0001821336,0001193125-26-208381,06-MAY-2026,31-MAR-2026,238703038.0,232
WASHINGTON UNIVERSITY,0000903603,0000903603-26-000003,06-MAY-2026,31-MAR-2026,160228681.0,2
"SIMON QUICK ADVISORS, LLC",0001692038,0001692038-26-000003,06-MAY-2026,31-MAR-2026,2185616096.0,378
"SK Wealth Management, LLC",0001867958,0001867958-26-000005,06-MAY-2026,31-MAR-2026,360467239.0,77
" ONCE CAPITAL MANAGEMENT, LLC",0001712892,0001712892-26-000004,06-MAY-2026,31-MAR-2026,373613122.0,22
"Hershey Financial Advisers, LLC",0002034214,0002034214-26-000002,06-MAY-2026,31-MAR-2026,115799771.0,80
"ASSETMARK, INC",0001344551,0001344551-26-000005,06-MAY-2026,31-MAR-2026,49039977671.0,3443
"Redmond Asset Management, LLC",0001567890,0001567890-26-000002,06-MAY-2026,31-MAR-2026,366262623.0,197
POSTROCK PARTNERS LLC,0002053668,0001951757-26-000777,06-MAY-2026,31-MAR-2026,216164832.0,82
"PALLADIEM, LLC",0001629271,0001629271-26-000002,06-MAY-2026,31-MAR-2026,104792752.0,158
"Saber Capital Managment, LLC",0001911378,0001398344-26-008483,06-MAY-2026,31-MAR-2026,128970553.0,29
AKUNA SECURITIES LLC,0001529090,0001529090-26-000006,06-MAY-2026,31-MAR-2026,199153213.0,12
Sullivan Wood Capital Management LLC,0002077718,0002077718-26-000002,06-MAY-2026,31-MAR-2026,57122739.0,21
Trust Co of Kansas,0001803988,0001803988-26-000002,06-MAY-2026,31-MAR-2026,181144.0,56
"Aviance Capital Partners, LLC",0001542383,0001542383-26-000003,06-MAY-2026,31-MAR-2026,853968110.0,368
Prospect Financial Group LLC,0002021762,0002021762-26-000002,06-MAY-2026,31-MAR-2026,108308240.0,63
USCF Advisers LLC,0001633971,0002071876-26-000137,06-MAY-2026,31-MAR-2026,176928.0,1
Tandem Wealth Advisors LLC,0001842557,0001842557-26-000002,06-MAY-2026,31-MAR-2026,224295085.0,47
JOHN G ULLMAN & ASSOCIATES INC,0000919530,0000919530-26-000002,06-MAY-2026,31-MAR-2026,754289032.0,174
WoodTrust Financial Corp,0001725247,0001725247-26-000003,06-MAY-2026,31-MAR-2026,774796.0,174
"Templeton & Phillips Capital Management, LLC",0001961304,0001398344-26-008482,06-MAY-2026,31-MAR-2026,122707271.0,55
"GERMAN AMERICAN BANCORP, INC.",0000714395,0000714395-26-000025,06-MAY-2026,31-MAR-2026,1163103122.0,148
"LEUTHOLD GROUP, LLC",0001170152,0000897069-26-001031,06-MAY-2026,31-MAR-2026,938748734.0,211
NORTH STAR ASSET MANAGEMENT INC,0001056559,0001056559-26-000002,06-MAY-2026,31-MAR-2026,2305231883.0,356
"Kinsale Capital Group, Inc.",0001669162,0001669162-26-000033,06-MAY-2026,31-MAR-2026,623868244.0,41
NEW YORK STATE COMMON RETIREMENT FUND,0000810265,0000810265-26-000003,06-MAY-2026,31-MAR-2026,71577517831.0,3132
Laidlaw Wealth Management LLC,0001800608,0001800608-26-000002,06-MAY-2026,31-MAR-2026,28808529.0,47
AMERICAN FINANCIAL & TAX STRATEGIES INC,0000911927,0000911927-26-000002,06-MAY-2026,31-MAR-2026,205760881.0,97
"TenCore Partners, LP",0001755784,0001755784-26-000003,06-MAY-2026,31-MAR-2026,128719325.0,14
Drystone LLC,0001910462,0001376474-26-000346,06-MAY-2026,31-MAR-2026,110938669.0,18
"Pacer Advisors, Inc.",0001616667,0000894189-26-014545,06-MAY-2026,31-MAR-2026,38092817818.0,2509
"GatePass Capital, LLC",0002087399,0002087399-26-000002,06-MAY-2026,31-MAR-2026,205684798.0,170
"Tweedy, Browne Co LLC",0000732905,0001193125-26-208439,06-MAY-2026,31-MAR-2026,1258817374.0,93
"J.P. Marvel Investment Advisors, LLC",0001426755,0001172661-26-001610,06-MAY-2026,31-MAR-2026,705157049.0,60
GENEVA CAPITAL MANAGEMENT LLC,0001009232,0001009232-26-000006,06-MAY-2026,31-MAR-2026,4705787901.0,120
"Kera Capital Partners, Inc.",0002040353,0001986152-26-000062,06-MAY-2026,31-MAR-2026,814703048.0,569
"ADVISORTRUST PARTNERS, LLC",0002115523,0001398344-26-008546,06-MAY-2026,31-MAR-2026,240437926.0,255
"Revere Asset Management, Inc",0001849529,0001849529-26-000011,06-MAY-2026,31-MAR-2026,195220940.0,27
BROOKTREE CAPITAL MANAGEMENT,0001021296,0000905729-26-000096,06-MAY-2026,31-MAR-2026,126122644.0,44
Lexington Partners L.P.,0001621157,0001193125-26-209410,06-MAY-2026,31-MAR-2026,366402054.0,3
Value Base Ltd.,0001992355,0001178913-26-002415,06-MAY-2026,31-MAR-2026,126874603.0,7
"CEERA INVESTMENTS, LLC",0001860698,0001860698-26-000002,06-MAY-2026,31-MAR-2026,227984026.0,93
"Kiker Wealth Management, LLC",0002042502,0001398344-26-008468,06-MAY-2026,31-MAR-2026,209439761.0,132
"Elyxium Wealth, LLC",0002043538,0002043538-26-000002,06-MAY-2026,31-MAR-2026,311826949.0,165
Brown Shipley& Co Ltd,0001912970,0001912970-26-000002,06-MAY-2026,31-MAR-2026,166517473.0,78
"Performa Ltd (US), LLC",0001650303,0001650303-26-000003,06-MAY-2026,31-MAR-2026,441950125.0,47
Renesas Electronics America Inc.,0000703361,0000703361-26-000002,06-MAY-2026,31-MAR-2026,275030711.0,1
O'Brien Greene & Co. Inc,0001768635,0001768635-26-000002,06-MAY-2026,31-MAR-2026,353315326.0,133
BOCHK Asset Management Ltd,0002010854,0001213900-26-052721,06-MAY-2026,31-MAR-2026,483268803.0,117
"Sound View Wealth Advisors Group, LLC",0001784777,0001784777-26-000002,06-MAY-2026,31-MAR-2026,1470087544.0,422
"Great Lakes Retirement, Inc.",0001801667,0001801667-26-000002,06-MAY-2026,31-MAR-2026,966738775.0,219
"BML Capital Management, LLC",0001616824,0001754960-26-000359,06-MAY-2026,31-MAR-2026,155436571.0,15
BARINGS LLC,0000009015,0000009015-26-000012,06-MAY-2026,31-MAR-2026,6193205713.0,179
"Diversified Portfolios, Inc.",0001634212,0000905729-26-000095,06-MAY-2026,31-MAR-2026,1216946536.0,174
Windmill Hill Asset Management Ltd,0001831132,0001831132-26-000002,06-MAY-2026,31-MAR-2026,320686606.0,23
"Anthracite Investment Company, Inc.",0001809930,0001213900-26-052376,06-MAY-2026,31-MAR-2026,0.0,1
71 West Capital Partners,0002111530,0002111530-26-000002,06-MAY-2026,31-MAR-2026,2273634142.0,313
"Heritage Wealth Management, Inc./Texas",0001966400,0001966400-26-000002,06-MAY-2026,31-MAR-2026,233992471.0,41
"VISTA CAPITAL PARTNERS, INC.",0001486946,0001486946-26-000003,06-MAY-2026,31-MAR-2026,994149469.0,156
"Sterling Financial Planning, Inc.",0001844278,0001844278-26-000003,06-MAY-2026,31-MAR-2026,337262733.0,117
"ANGELES WEALTH MANAGEMENT, LLC",0001929170,0001398344-26-008459,06-MAY-2026,31-MAR-2026,1838131112.0,524
HughesLittle Investment Management Ltd.,0002106035,0001493152-26-021344,06-MAY-2026,31-MAR-2026,510815515.0,14
EQ LLC,0001757605,0001757605-26-000002,06-MAY-2026,31-MAR-2026,354974763.0,74
"Aventura Private Wealth, LLC",0002074418,0002074418-26-000006,06-MAY-2026,31-MAR-2026,273492748.0,904
AMICA MUTUAL INSURANCE CO,0000857508,0000857508-26-000002,06-MAY-2026,31-MAR-2026,1164167.0,144
PROFFITT & GOODSON INC,0001123812,0001123812-26-000004,06-MAY-2026,31-MAR-2026,648791879.0,283
Munro Partners,0001768744,0001768744-26-000006,06-MAY-2026,31-MAR-2026,2951026742.0,59
THOMAS STORY & SON LLC,0001505207,0001505207-26-000002,06-MAY-2026,31-MAR-2026,260532955.0,51
Ritter Daniher Financial Advisory LLC / DE,0001936603,0001936603-26-000002,06-MAY-2026,31-MAR-2026,589407017.0,590
" CALDWELL SUTTER CAPITAL, INC.",0000702007,0000702007-26-000007,06-MAY-2026,31-MAR-2026,245896270.0,894
"Kingstone Capital Partners Texas, LLC",0002057208,0001754960-26-000360,06-MAY-2026,31-MAR-2026,162415000.0,57
"Pekin Hardy Strauss, Inc.",0001020317,0001020317-26-000002,07-MAY-2026,31-MAR-2026,957038446.0,478
"LEGACY CAPITAL WEALTH MANAGEMENT, LLC",0002071183,0001986152-26-000065,07-MAY-2026,31-MAR-2026,171051922.0,61
"TimesSquare Capital Management, LLC",0001313816,0001193125-26-210169,07-MAY-2026,31-MAR-2026,5894177958.0,151
Everest Management Corp.,0002056683,0001951757-26-000786,07-MAY-2026,31-MAR-2026,197416766.0,72
Missouri Education Pension Trust,0002093346,0002093346-26-000002,07-MAY-2026,31-MAR-2026,293530866.0,2
DIAMOND HILL CAPITAL MANAGEMENT INC,0001217541,0001217541-26-000005,07-MAY-2026,31-MAR-2026,15988087836.0,187
"Ballast Asset Management, LP",0001998389,0001998389-26-000002,07-MAY-2026,31-MAR-2026,224720178.0,52
"Beck Bode, LLC",0001790548,0001420506-26-000825,07-MAY-2026,31-MAR-2026,590615885.0,92
"Nelson Capital Management, LLC",0001512611,0001512611-26-000002,07-MAY-2026,31-MAR-2026,819221817.0,108
Robeco Schweiz AG,0001418427,0001418427-26-000002,07-MAY-2026,31-MAR-2026,4728551952.0,126
"D'Orazio & Associates, Inc.",0001646821,0001646821-26-000002,07-MAY-2026,31-MAR-2026,772071072.0,298
Principle Wealth Partners LLC,0001743413,0001951757-26-000791,07-MAY-2026,31-MAR-2026,1749803464.0,380
"Lisanti Capital Growth, LLC",0001424467,0001424467-26-000002,07-MAY-2026,31-MAR-2026,396835812.0,103
"Alexander Randolph Advisory, Inc.",0000874816,0000874816-26-000003,07-MAY-2026,31-MAR-2026,115996053.0,54
WT Asset Management Ltd,0001780365,0001780365-26-000003,07-MAY-2026,31-MAR-2026,4773107012.0,32
"Tandem Investment Advisors, Inc.",0001694284,0001694284-26-000005,07-MAY-2026,31-MAR-2026,2039879808.0,83
"T3 Companies, LLC",0002052441,0002052441-26-000002,07-MAY-2026,31-MAR-2026,73288594.0,104
Triodos Investment Management BV,0001748729,0001748729-26-000009,07-MAY-2026,31-MAR-2026,1322436264.0,49
ROTHSCHILD INVESTMENT LLC,0000085338,0001104659-26-056790,07-MAY-2026,31-MAR-2026,1913369733.0,3605
"CONWAY CAPITAL MANAGEMENT, INC.",0002044929,0001214659-26-005692,07-MAY-2026,31-MAR-2026,213712010.0,45
"MorganRosel Wealth Management, LLC",0001753218,0001986152-26-000063,07-MAY-2026,31-MAR-2026,253524394.0,103
Tacita Capital Inc,0001846287,0001846287-26-000002,07-MAY-2026,31-MAR-2026,168908513.0,238
Swiss National Bank,0001582202,0001582202-26-000004,07-MAY-2026,31-MAR-2026,173794645390.0,2301
Crewe Advisors LLC,0001730033,0001730033-26-000002,07-MAY-2026,31-MAR-2026,1171736275.0,1038
"Z3 Capital Partners, LLC",0002127787,0002127787-26-000002,07-MAY-2026,31-MAR-2026,394864087.0,187
"PATRICK M SWEENEY & ASSOCIATES, INC",0002010453,0002010453-26-000002,07-MAY-2026,31-MAR-2026,155993964.0,164
Bonfire Financial,0001762539,0001762539-26-000003,07-MAY-2026,31-MAR-2026,132892077.0,57
First National Trust Co,0001277303,0001193125-26-210882,07-MAY-2026,31-MAR-2026,2934984667.0,407
"ProVise Management Group, LLC",0001305707,0001305707-26-000002,07-MAY-2026,31-MAR-2026,1390491215.0,261
"BEARING POINT CAPITAL, LLC",0002052916,0001765380-26-000180,07-MAY-2026,31-MAR-2026,638373556.0,166
Regents Gate Capital LLP,0002020935,0002020935-26-000003,07-MAY-2026,31-MAR-2026,469010798.0,36
Warberg Asset Management LLC,0001597506,0001597506-26-000002,07-MAY-2026,31-MAR-2026,342716627.0,166
AustralianSuper Pty Ltd,0001694164,0001694164-26-000004,07-MAY-2026,31-MAR-2026,19185515546.0,277
EULAV Asset Management,0001540826,0001540826-26-000004,07-MAY-2026,31-MAR-2026,3124194368.0,133
FINANCIAL DISCOVERY GROUP INC,0001024431,0001024431-26-000005,07-MAY-2026,31-MAR-2026,42796111.0,16
All-Stars Investment Ltd,0001633603,0001633603-26-000002,07-MAY-2026,31-MAR-2026,206085511.0,4
KBC Group NV,0001411133,0001193125-26-210340,07-MAY-2026,31-MAR-2026,39867109.0,1855
"OFC FINANCIAL PLANNING, LLC",0002052590,0002052590-26-000002,07-MAY-2026,31-MAR-2026,101747582.0,55
"Richard Young Associates, Ltd.",0002107563,0002107563-26-000002,07-MAY-2026,31-MAR-2026,131701948.0,25
DRAVO BAY LLC,0001910389,0001951757-26-000790,07-MAY-2026,31-MAR-2026,246145710.0,54
"Terril Brothers, Inc.",0000314169,0001376474-26-000354,07-MAY-2026,31-MAR-2026,365816841.0,75
"XXI WEALTH, LLC",0002047463,0002047463-26-000003,07-MAY-2026,31-MAR-2026,176526942.0,209
"Koss-Olinger Consulting, LLC",0001861163,0001861163-26-000006,07-MAY-2026,31-MAR-2026,1192985319.0,254
"INSIGHT 2811, INC.",0001334952,0001334952-26-000005,07-MAY-2026,31-MAR-2026,230010179.0,98
"LYELL WEALTH MANAGEMENT, LP",0001686444,0001104659-26-056835,07-MAY-2026,31-MAR-2026,1360780626.0,216
Mayar Capital Ltd.,0001858699,0001858699-26-000002,07-MAY-2026,31-MAR-2026,83879036.0,16
FORSTA AP-FONDEN,0001603328,0001603328-26-000002,07-MAY-2026,31-MAR-2026,0.0,1
"Tidemark, LLC",0002009591,0002009591-26-000004,07-MAY-2026,31-MAR-2026,393473995.0,901
"Penn Capital Management Company, LLC",0001158202,0001420506-26-000814,07-MAY-2026,31-MAR-2026,1290414276.0,172
"Momentum Wealth Planning, LLC",0002087652,0001765380-26-000179,07-MAY-2026,31-MAR-2026,110580270.0,33
"Malaga Cove Capital, LLC",0001603001,0001420506-26-000831,07-MAY-2026,31-MAR-2026,278287587.0,192
SP Asset Management LLC,0001962086,0001962086-26-000004,07-MAY-2026,31-MAR-2026,1133539254.0,119
"Key Capital Management, INC",0002107249,0002107249-26-000004,07-MAY-2026,31-MAR-2026,151429904.0,687
"Vision Retirement, LLC",0002069023,0002069023-26-000001,07-MAY-2026,31-MAR-2026,351561739.0,649
"Topel & Distasi Wealth Management, LLC",0001880087,0001880087-26-000003,07-MAY-2026,31-MAR-2026,193474854.0,58
Eurizon Asset Management Hungary Ltd.,0002110593,0002110593-26-000002,07-MAY-2026,31-MAR-2026,93136151.0,20
"Lakeshore Financial Planning, Inc.",0002000571,0001172661-26-001621,07-MAY-2026,31-MAR-2026,275847888.0,85
LIBERTY SQUARE WEALTH PARTNERS LLC,0002057655,0001951757-26-000787,07-MAY-2026,31-MAR-2026,358427739.0,141
Marshall & Sterling Wealth Advisors Inc.,0002056315,0002056315-26-000002,07-MAY-2026,31-MAR-2026,152839123.0,344
"Eurizon Asset Management Slovakia, sprav. spol., a.s.",0002109333,0002109333-26-000002,07-MAY-2026,31-MAR-2026,3402406.0,5
Trivest Advisors Ltd,0001555623,0000929638-26-001775,07-MAY-2026,31-MAR-2026,1388315602.0,29
"Santori & Peters, Inc.",0001730959,0001730959-26-000002,07-MAY-2026,31-MAR-2026,321254336.0,79
"RATIONAL ADVISORS, INC.",0001143565,0001580642-26-003009,07-MAY-2026,31-MAR-2026,979909095.0,179
"STEEL GROVE CAPITAL ADVISORS, LLC",0001166308,0001214659-26-005702,07-MAY-2026,31-MAR-2026,947794938.0,218
TAIYO LIFE INSURANCE CO,0001254890,0001254890-26-000002,07-MAY-2026,31-MAR-2026,906257.0,10
"Mullooly Asset Management, Inc.",0001950591,0001950591-26-000003,07-MAY-2026,31-MAR-2026,270964932.0,51
SUMMITPOINT CAPITAL MANAGEMENT,0002108283,0001986152-26-000066,07-MAY-2026,31-MAR-2026,78766120.0,35
"Authentikos Wealth Advisory, LLC",0001967054,0001967054-26-000005,07-MAY-2026,31-MAR-2026,148114449.0,70
"Fi3 FINANCIAL ADVISORS, LLC",0001862427,0001765380-26-000182,07-MAY-2026,31-MAR-2026,346442282.0,218
WILKINS INVESTMENT COUNSEL INC,0001276853,0001276853-26-000006,07-MAY-2026,31-MAR-2026,698182626.0,119
"CFG Wealth Management Services, Inc.",0002133547,0002133547-26-000002,07-MAY-2026,31-MAR-2026,110188675.0,152
"INTEGRATED CAPITAL MANAGEMENT, INC.",0001608826,0001608826-26-000006,07-MAY-2026,31-MAR-2026,150402608.0,56
SOUND SHORE MANAGEMENT INC /CT/,0000820124,0001193125-26-211648,07-MAY-2026,31-MAR-2026,2984059912.0,40
Dakota Wealth Management,0001631353,0001951757-26-000795,07-MAY-2026,31-MAR-2026,4614418002.0,761
"Pacific Wealth Strategies Group, Inc.",0001766571,0001766571-26-000003,07-MAY-2026,31-MAR-2026,160230469.0,62
"Meeder Advisory Services, Inc.",0001792167,0001398344-26-008708,07-MAY-2026,31-MAR-2026,2390351158.0,690
HAHN CAPITAL MANAGEMENT LLC,0001171592,0001420506-26-000839,07-MAY-2026,31-MAR-2026,159158946.0,31
"EARNED WEALTH ADVISORS, LLC",0001905663,0001905663-26-000005,07-MAY-2026,31-MAR-2026,1495681250.0,466
Cassaday & Co Wealth Management LLC,0001963612,0001963612-26-000002,07-MAY-2026,31-MAR-2026,4694270658.0,1361
"Resolute Wealth Strategies, LLC",0001973981,0001765380-26-000188,07-MAY-2026,31-MAR-2026,231755454.0,114
Arsenal Capital Advisors LLC,0002109474,0002109474-26-000002,07-MAY-2026,31-MAR-2026,137718101.0,98
"OEP CAPITAL ADVISORS, L.P.",0001817681,0001817681-26-000003,07-MAY-2026,31-MAR-2026,194121106.0,1
"Nordwand Advisors, LLC",0001962713,0001962713-26-000003,07-MAY-2026,31-MAR-2026,571741312.0,150
"Scarborough Advisors, LLC",0001815355,0001815355-26-000005,07-MAY-2026,31-MAR-2026,913579892.0,761
"Paul R. Ried Financial Group, LLC",0002033053,0002033053-26-000005,07-MAY-2026,31-MAR-2026,215102618.0,41
"Balefire, LLC",0001750924,0001750924-26-000002,07-MAY-2026,31-MAR-2026,530717884.0,439
Ridgepath Capital Management LLC,0001943071,0002085853-26-000573,07-MAY-2026,31-MAR-2026,201182693.0,51
CUTLER INVESTMENT COUNSEL LLC,0001285973,0002085853-26-000576,07-MAY-2026,31-MAR-2026,971118052.0,146
"Boston Common Asset Management, LLC",0001409427,0001409427-26-000004,07-MAY-2026,31-MAR-2026,1552814018.0,186
"Argyle Capital Partners, LLC",0002079995,0002079995-26-000002,07-MAY-2026,31-MAR-2026,138849026.0,160
"SEGRA CAPITAL MANAGEMENT, LLC",0001607512,0001607512-26-000004,07-MAY-2026,31-MAR-2026,128447868.0,6
"Bucket List Wealth Management, LLC",0002133435,0002133435-26-000002,07-MAY-2026,31-MAR-2026,166084409.0,57
IvyRock Asset Management (HK) Ltd,0001809525,0001809525-26-000003,07-MAY-2026,31-MAR-2026,177929211.0,25
Robert Bosch GmbH,0001882360,0000950142-26-001314,07-MAY-2026,31-MAR-2026,160356805.0,3
Next Capital Management LLC,0001752762,0001437749-26-015365,07-MAY-2026,31-MAR-2026,330186588.0,134
VISA FOUNDATION,0001709478,0001709478-26-000004,07-MAY-2026,31-MAR-2026,131662958.0,1
"TRV GP VI, LLC",0001990716,0001193125-26-212009,07-MAY-2026,31-MAR-2026,135595117.0,3
Leith Wheeler Investment Counsel Ltd.,0001353651,0001193125-26-212232,07-MAY-2026,31-MAR-2026,1209636520.0,84
UNIVERSITY OF TEXAS/TEXAS AM INVESTMENT MANAGEMENT CO,0001019231,0001019231-26-000016,07-MAY-2026,31-MAR-2026,687488424.0,301
"Legacy Wealth Managment, LLC/ID",0002045082,0002045082-26-000002,07-MAY-2026,31-MAR-2026,200811404.0,1038
HANOVER ADVISORS INC,0000914973,0000914973-26-000003,07-MAY-2026,31-MAR-2026,246059026.0,118
"JMG Financial Group, Ltd.",0001314404,0001314404-26-000003,07-MAY-2026,31-MAR-2026,3633288235.0,127
"360 Financial, Inc.",0001802324,0001802324-26-000003,07-MAY-2026,31-MAR-2026,331819618.0,80
"SEIZERT CAPITAL PARTNERS, LLC",0001134283,0001134283-26-000005,07-MAY-2026,31-MAR-2026,2173065379.0,170
"Convergence Investment Partners, LLC",0001456133,0001580642-26-003061,07-MAY-2026,31-MAR-2026,610680627.0,235
"Facet Wealth, Inc.",0001748271,0001748271-26-000003,07-MAY-2026,31-MAR-2026,5772385206.0,349
"Liberty Street Advisors, Inc.",0001489178,0002071844-26-000492,07-MAY-2026,31-MAR-2026,41430523.0,4
DILLON & ASSOCIATES INC,0001054425,0001054425-26-000002,07-MAY-2026,31-MAR-2026,726420.0,75
"Winthrop Partners - WNY, LLC",0001734109,0001376474-26-000359,07-MAY-2026,31-MAR-2026,187680837.0,87
Broderick Brian C,0001314376,0001314376-26-000002,07-MAY-2026,31-MAR-2026,542346545.0,95
"First Command Advisory Services, Inc.",0001727336,0001727336-26-000006,07-MAY-2026,31-MAR-2026,14847749515.0,1152
"Richard C. Young & CO., LTD.",0001387304,0001387304-26-000003,07-MAY-2026,31-MAR-2026,1207224285.0,93
"MIDLAND WEALTH ADVISORS, LLC",0001990058,0001951757-26-000794,07-MAY-2026,31-MAR-2026,1940063354.0,160
DOHENY ASSET MANAGEMENT /CA,0000936936,0000936936-26-000002,07-MAY-2026,31-MAR-2026,153403.0,60
SECTOR GAMMA AS,0001475373,0000945621-26-000644,07-MAY-2026,31-MAR-2026,423489426.0,42
"BlueStem Wealth Partners, LLC",0001977465,0001765380-26-000181,07-MAY-2026,31-MAR-2026,899867340.0,124
"Blind Man Capital, LLC",0002111811,0002111811-26-000005,07-MAY-2026,31-MAR-2026,0.0,1
"PL Capital Advisors, LLC",0001569147,0000897069-26-001056,07-MAY-2026,31-MAR-2026,331625006.0,30
LITTLE HOUSE CAPITAL LLC,0001748814,0001951757-26-000788,07-MAY-2026,31-MAR-2026,387351672.0,112
Eaton-Cambridge Inc.,0002011052,0002011052-26-000002,07-MAY-2026,31-MAR-2026,319559489.0,56
swisspartners Advisors Ltd,0001805754,0001805754-26-000002,07-MAY-2026,31-MAR-2026,159177315.0,24
SAGE FINANCIAL GROUP INC,0000882119,0000882119-26-000005,07-MAY-2026,31-MAR-2026,1537100494.0,107
NAVELLIER & ASSOCIATES INC,0000872163,0001104659-26-056800,07-MAY-2026,31-MAR-2026,959530505.0,326
SEB Asset Management AB,0002127509,0002127509-26-000002,07-MAY-2026,31-MAR-2026,23396065976.0,680
MA Private Wealth,0001767474,0001765380-26-000186,07-MAY-2026,31-MAR-2026,591369890.0,86
GREENWOOD GEARHART LLC,0001084683,0001084683-26-000002,07-MAY-2026,31-MAR-2026,1849085616.0,134
"WAYCROSS PARTNERS, LLC",0001844873,0001844873-26-000005,07-MAY-2026,31-MAR-2026,1046894825.0,76
S&CO INC,0001082461,0001082461-26-000002,07-MAY-2026,31-MAR-2026,1611868.0,218
HARBOR ADVISORY CORP /MA/,0001100710,0001765380-26-000184,07-MAY-2026,31-MAR-2026,332774480.0,79
SENTINEL TRUST CO LBA,0001114739,0001114739-26-000003,07-MAY-2026,31-MAR-2026,1006674.0,135
"Madison Asset Management, LLC",0001299351,0001954889-26-000018,07-MAY-2026,31-MAR-2026,8063597901.0,349
"Hoya Capital Real Estate, LLC",0001756985,0000894189-26-014568,07-MAY-2026,31-MAR-2026,5538114.0,9
BRUNI J V & CO /CO,0001078841,0001078841-26-000003,07-MAY-2026,31-MAR-2026,957756329.0,31
LOCKHEED MARTIN INVESTMENT MANAGEMENT CO,0000897599,0001420506-26-000816,07-MAY-2026,31-MAR-2026,2732118439.0,111
"New England Research & Management, Inc.",0001596077,0001951757-26-000789,07-MAY-2026,31-MAR-2026,236625302.0,143
EPG Wealth Management LLC,0001803058,0001398344-26-008638,07-MAY-2026,31-MAR-2026,368701069.0,320
Lazard Freres Gestion S.A.S.,0001426748,0001426748-26-000002,07-MAY-2026,31-MAR-2026,5071148.0,123
"Fiduciary Wealth Partners, LLC",0001666504,0001376474-26-000350,07-MAY-2026,31-MAR-2026,152795003.0,60
"True North Advisors, LLC",0001634556,0001172661-26-001614,07-MAY-2026,31-MAR-2026,877262003.0,245
Groupe Bruxelles Lambert,0001179313,0001193125-26-209790,07-MAY-2026,31-MAR-2026,240047529.0,1
Forum Finance Group S.A.,0002133354,0002133354-26-000001,07-MAY-2026,31-MAR-2026,184447.0,321
"Metis Global Partners, LLC",0001594916,0001941040-26-000298,07-MAY-2026,31-MAR-2026,4072864094.0,724
"Samara Investment Management, LLC",0002110507,0001986152-26-000067,07-MAY-2026,31-MAR-2026,96463152.0,72
CLARK FINANCIAL SERVICES GROUP INC                      /BD,0001001011,0001001011-26-000005,07-MAY-2026,31-MAR-2026,181294177.0,110
"ACTION POINT FINANCIAL PLANNING, LLC",0002116119,0001420506-26-000829,07-MAY-2026,31-MAR-2026,112097117.0,69
Intellus Advisors LLC,0002055137,0001765380-26-000185,07-MAY-2026,31-MAR-2026,731807044.0,125
"Qsemble Capital Management, LP",0001766159,0001766159-26-000004,07-MAY-2026,31-MAR-2026,1308952122.0,430
"Paradigm, Strategies in Wealth Management, LLC",0001859579,0001172661-26-001615,07-MAY-2026,31-MAR-2026,147407415.0,55
"AMARA FINANCIAL, LLC.",0001934965,0001934965-26-000002,07-MAY-2026,31-MAR-2026,145069790.0,45
"Truffle Hound Capital, LLC",0001595862,0001595862-26-000002,07-MAY-2026,31-MAR-2026,163202123.0,43
CONQUIS FINANCIAL LLC,0002052436,0002052436-26-000002,07-MAY-2026,31-MAR-2026,120648795.0,54
NYL Investors LLC,0001606720,0001606720-26-000002,07-MAY-2026,31-MAR-2026,264657212.0,31
"Amova Asset Management Americas, Inc.",0001480751,0001140361-26-019540,07-MAY-2026,31-MAR-2026,7070004157.0,186
"Rachor Investment Advisory Services, LLC",0002008792,0000905729-26-000097,07-MAY-2026,31-MAR-2026,190315334.0,464
"Fox Financial, Inc",0002004131,0002085853-26-000575,07-MAY-2026,31-MAR-2026,122529084.0,11
PUZO MICHAEL J,0001053914,0001053914-26-000002,07-MAY-2026,31-MAR-2026,343430259.0,67
AlphaCentric Advisors LLC,0001913464,0001580642-26-003040,07-MAY-2026,31-MAR-2026,100111293.0,252
"Confluence Wealth Services, Inc.",0001910411,0001910411-26-000003,07-MAY-2026,31-MAR-2026,2579261214.0,365
"Grant Street Asset Management, Inc.",0001740642,0001398344-26-008700,07-MAY-2026,31-MAR-2026,519046467.0,96
HALLSTATT ADVISORS L.P.,0002040638,0001214659-26-005718,07-MAY-2026,31-MAR-2026,126406781.0,15
"HF Capital, LLC",0002063476,0002063476-26-000002,07-MAY-2026,31-MAR-2026,239211902.0,5
ADVENT CAPITAL MANAGEMENT /DE/,0001097278,0001140361-26-019477,07-MAY-2026,31-MAR-2026,3383459181.0,203
"Alchemi Wealth, LLC",0002110606,0002110606-26-000003,07-MAY-2026,31-MAR-2026,180210420.0,155
"CONTINUUM WEALTH ADVISORS, LLC",0001966482,0001966482-26-000002,07-MAY-2026,31-MAR-2026,241012301.0,70
Royal Palms Capital LLC,0002107886,0002107886-26-000002,07-MAY-2026,31-MAR-2026,100958437.0,50
"TCTC Holdings, LLC",0001483870,0001483870-26-000002,07-MAY-2026,31-MAR-2026,3513767524.0,220
MAIMON WEALTH MANAGEMENT LTD.,0001760401,0001951757-26-000801,07-MAY-2026,31-MAR-2026,113960998.0,77
PLANNING ALTERNATIVES LTD /ADV,0000712011,0001765380-26-000187,07-MAY-2026,31-MAR-2026,774751355.0,111
"Wharton Business Group, LLC",0001513126,0001513126-26-000002,07-MAY-2026,31-MAR-2026,2647117367.0,141
"ESL Trust Services, LLC",0001785545,0001785545-26-000005,07-MAY-2026,31-MAR-2026,523619924.0,258
"Prescott Group Capital Management, L.L.C.",0001166152,0001140361-26-019480,07-MAY-2026,31-MAR-2026,1003178671.0,263
"Hopwood Financial Services, Inc.",0002023166,0001705819-26-000036,07-MAY-2026,31-MAR-2026,148410810.0,83
"JSF Financial, LLC",0001802224,0001802224-26-000006,07-MAY-2026,31-MAR-2026,510079489.0,126
CVS HEALTH Corp,0000064803,0000064803-26-000054,07-MAY-2026,31-MAR-2026,212255190.0,33
"Flavin Financial Services, Inc.",0002052798,0002052798-26-000006,07-MAY-2026,31-MAR-2026,148610087.0,72
Grandview Asset Management LLC,0001766791,0001766791-26-000003,07-MAY-2026,31-MAR-2026,341665205.0,137
LOWE BROCKENBROUGH & CO INC,0000022657,0001398344-26-008674,07-MAY-2026,31-MAR-2026,2005536130.0,329
PRENTISS SMITH & CO INC,0001134687,0001134687-26-000003,07-MAY-2026,31-MAR-2026,172243958.0,65
"TRV GP V, LLC",0001990717,0001193125-26-212010,07-MAY-2026,31-MAR-2026,401003473.0,3
NICOLA WEALTH MANAGEMENT LTD.,0001734493,0001734493-26-000004,07-MAY-2026,31-MAR-2026,833039315.0,62
"CORNERSTONE ADVISORS ASSET MANAGEMENT, LLC",0002044324,0002044324-26-000004,07-MAY-2026,31-MAR-2026,648013439.0,134
"TRV GP IV, LLC",0001688325,0001193125-26-212011,07-MAY-2026,31-MAR-2026,266903734.0,2
"LOUNTZIS ASSET MANAGEMENT, LLC",0001821168,0001821168-26-000003,07-MAY-2026,31-MAR-2026,272643484.0,52
"GRANDFIELD & DODD, LLC",0001308016,0001308016-26-000002,07-MAY-2026,31-MAR-2026,1771143291.0,209
Hemenway Trust Co LLC,0001494234,0001494234-26-000003,07-MAY-2026,31-MAR-2026,1242907117.0,135
Resolute Advisors LLC,0001800217,0001800217-26-000003,07-MAY-2026,31-MAR-2026,241806546.0,87
"Swan Global Investments, LLC",0001591505,0001591505-26-000003,07-MAY-2026,31-MAR-2026,1862860106.0,64
"Context Capital Management, LLC",0001301396,0001420506-26-000841,07-MAY-2026,31-MAR-2026,4326799400.0,392
New York Life Investment Management LLC,0001133639,0001133639-26-000002,07-MAY-2026,31-MAR-2026,11818514851.0,781
MEEDER ASSET MANAGEMENT INC,0000809443,0001398344-26-008710,07-MAY-2026,31-MAR-2026,1745595069.0,890
Wealthquest Corp,0001632968,0001632968-26-000002,07-MAY-2026,31-MAR-2026,1324265173.0,148
MISHPACHA HOLDINGS CORP,0002111655,0001140361-26-019528,07-MAY-2026,31-MAR-2026,123054057.0,3
"Symphony Financial Services, Inc.",0002031979,0002031979-26-000002,07-MAY-2026,31-MAR-2026,194788293.0,99
"One Charles Private Wealth Services, LLC",0001800938,0001765380-26-000189,07-MAY-2026,31-MAR-2026,399181254.0,158
WELCH CAPITAL PARTNERS LLC/NY,0001042063,0001042063-26-000007,07-MAY-2026,31-MAR-2026,444181.0,26
"Beta Wealth Group, Inc.",0001594417,0001594417-26-000002,07-MAY-2026,31-MAR-2026,241681797.0,112
Eagle Point Credit Management LLC,0001607203,0001104659-26-057078,07-MAY-2026,31-MAR-2026,76477688.0,14
"Permit Capital, LLC",0001313978,0001193125-26-211746,07-MAY-2026,31-MAR-2026,294394143.0,19
COMMERZBANK AKTIENGESELLSCHAFT /FI,0000852933,0001683168-26-003561,07-MAY-2026,31-MAR-2026,4783330.0,354
NEW YORK LIFE INSURANCE CO,0000071633,0000071633-26-000005,07-MAY-2026,31-MAR-2026,490552941.0,6
"Aldebaran Capital, LLC",0001448430,0001376474-26-000360,07-MAY-2026,31-MAR-2026,130816018.0,43
Disciplina Capital Management LLC,0001993404,0001398344-26-008658,07-MAY-2026,31-MAR-2026,943624095.0,68
"Carl P. Sherr & Co., LLC",0001818535,0001818535-26-000003,07-MAY-2026,31-MAR-2026,212822322.0,124
"Compound Global Advisors, LLC",0001962450,0001962450-26-000003,07-MAY-2026,31-MAR-2026,3222752.0,31
UNIVERSITY OF CHICAGO,0000314957,0001104659-26-056991,07-MAY-2026,31-MAR-2026,323405870.0,13
"FLORIDA FINANCIAL ADVISORS, LLC",0002050972,0002050972-26-000004,07-MAY-2026,31-MAR-2026,418011679.0,317
Alpha Zero LLC,0002079032,0002085853-26-000574,07-MAY-2026,31-MAR-2026,197574370.0,79
MUTUAL OF AMERICA CAPITAL MANAGEMENT LLC,0000922127,0000922127-26-000004,07-MAY-2026,31-MAR-2026,8797479722.0,1363
Human Investing LLC,0001767513,0001767513-26-000002,07-MAY-2026,31-MAR-2026,686572293.0,96
"Parallel Advisors, LLC",0001690010,0001690010-26-000003,07-MAY-2026,31-MAR-2026,5558548762.0,3799
DIMENSIONAL FUND ADVISORS LP,0000354204,0000354204-26-000581,07-MAY-2026,31-MAR-2026,481393484929.0,3215
"Francis Financial, Inc.",0001727514,0001727514-26-000002,07-MAY-2026,31-MAR-2026,538447913.0,112
Washington Trust Bank,0000861787,0000861787-26-000004,07-MAY-2026,31-MAR-2026,1355797071.0,207
Renaissance Capital LLC,0001535058,0001580642-26-003054,07-MAY-2026,31-MAR-2026,138034294.0,47
Board of Trustees of The Leland Stanford Junior University,0001315828,0001062993-26-002393,07-MAY-2026,31-MAR-2026,848722294.0,22
Alta Advisers Ltd,0001536114,0000904454-26-000252,07-MAY-2026,31-MAR-2026,276375929.0,206
"Avidian Wealth Enterprises, LLC",0001471474,0001471474-26-000005,07-MAY-2026,31-MAR-2026,3153541003.0,662
Cantillon Capital Management LLC,0001279936,0001279936-26-000004,07-MAY-2026,31-MAR-2026,15050978966.0,38
VAN STRUM & TOWNE INC.,0001080173,0001080173-26-000004,07-MAY-2026,31-MAR-2026,342526905.0,111
Advisor Resource Council,0001820879,0001820879-26-000002,07-MAY-2026,31-MAR-2026,252941486.0,228
Vericrest Private Wealth,0001912300,0001912300-26-000004,07-MAY-2026,31-MAR-2026,111487175.0,39
"AlTi Global, Inc.",0001838615,0001838615-26-000003,07-MAY-2026,31-MAR-2026,4599841351.0,437
HOLLENCREST CAPITAL MANAGEMENT,0001161722,0001161722-26-000004,07-MAY-2026,31-MAR-2026,2687336425.0,1169
Danmarks Nationalbank,0002110543,0002110543-26-000002,07-MAY-2026,31-MAR-2026,1204571636.0,1
"ALLIUM FINANCIAL ADVISORS, LLC",0002067277,0001420506-26-000827,07-MAY-2026,31-MAR-2026,124709776.0,79
"Berkeley Capital Partners, LLC",0001667694,0001376474-26-000352,07-MAY-2026,31-MAR-2026,431271649.0,184
Mizuho Securities Co. Ltd.,0001520309,0001520309-26-000002,07-MAY-2026,31-MAR-2026,7679553.0,16
"FourThought Financial Partners, LLC",0001956790,0001765380-26-000183,07-MAY-2026,31-MAR-2026,1158909055.0,384
Applied Capital LLC/FL,0001965393,0001172661-26-001622,07-MAY-2026,31-MAR-2026,137452309.0,91
"REGIMEN WEALTH, LLC",0001963863,0001765380-26-000178,07-MAY-2026,31-MAR-2026,342236650.0,70
Milestone Resources Group Ltd,0001708139,0001708139-26-000007,07-MAY-2026,31-MAR-2026,1635289.0,9
"Centerpoint Advisors, LLC",0001733788,0001733788-26-000003,07-MAY-2026,31-MAR-2026,307338.0,414
OPTIMAS CAPITAL Ltd,0001750585,0001750585-26-000004,07-MAY-2026,31-MAR-2026,44537699.0,11
TANDEMGROWTH FINANCIAL ADVISORS LLC,0002110449,0002110449-26-000002,07-MAY-2026,31-MAR-2026,106162981.0,22
"one8zero8, LLC",0002053138,0001398344-26-008631,07-MAY-2026,31-MAR-2026,448874781.0,259
CHESAPEAKE CAPITAL CORP /IL/,0001093908,0001093908-26-000002,07-MAY-2026,31-MAR-2026,138698864.0,156
"WULFF, HANSEN & CO.",0000108634,0000108634-26-000013,07-MAY-2026,31-MAR-2026,97908772.0,98
CKW FINANCIAL GROUP,0001600403,0001600403-26-000003,07-MAY-2026,31-MAR-2026,916976.0,166
"Cordgrass Capital Advisors, LLC",0001912040,0001398344-26-008630,07-MAY-2026,31-MAR-2026,427042085.0,276
REAVES W H & CO INC,0000740913,0000740913-26-000006,07-MAY-2026,31-MAR-2026,6026161784.0,90
"SAGESPRING WEALTH PARTNERS, LLC",0002056425,0002056425-26-000002,07-MAY-2026,31-MAR-2026,5485842341.0,791
AMERICAN ASSET MANAGEMENT INC.,0001569454,0001172661-26-001613,07-MAY-2026,31-MAR-2026,115226410.0,31
Gerber Kawasaki Wealth & Investment Management,0001666736,0001666736-26-000005,07-MAY-2026,31-MAR-2026,3140152193.0,350
"Jefferson Bridge Capital, LLC",0002102009,0001398344-26-008636,07-MAY-2026,31-MAR-2026,100706244.0,53
"Sage Advisory Services, Ltd.Co.",0001534378,0001214659-26-005700,07-MAY-2026,31-MAR-2026,182581000.0,42
BAHL & GAYNOR INC,0000872259,0000872259-26-000007,07-MAY-2026,31-MAR-2026,19829955637.0,327
Virtus Family Office LLC,0001913482,0001214659-26-005687,07-MAY-2026,31-MAR-2026,117202659.0,73
"Magnolia Wealth Management, LLC",0001908732,0001754960-26-000367,07-MAY-2026,31-MAR-2026,171625369.0,212
"Virtue Capital Management, LLC",0001729985,0001104659-26-056825,07-MAY-2026,31-MAR-2026,657239909.0,322
"Transce3nd, LLC",0002023570,0002023570-26-000002,07-MAY-2026,31-MAR-2026,11263864.0,171
Davis Selected Advisers,0001036325,0001036325-26-000016,07-MAY-2026,31-MAR-2026,21781443023.0,112
Atlatl Advisers LLC,0002023168,0002023168-26-000003,07-MAY-2026,31-MAR-2026,134756214.0,95
NORTHWESTERN MUTUAL WEALTH MANAGEMENT CO,0001141802,0001085146-26-000398,07-MAY-2026,31-MAR-2026,162425866743.0,4113
Sanofi,0001121404,0001193125-26-210525,07-MAY-2026,31-MAR-2026,335959155.0,9
Fidato Wealth LLC,0001711360,0001711360-26-000003,07-MAY-2026,31-MAR-2026,154021036.0,15
"Pillar Financial Advisors, LLC",0002054958,0001398344-26-008635,07-MAY-2026,31-MAR-2026,171122761.0,106
"BINGHAM PRIVATE WEALTH, LLC",0002063211,0001951757-26-000793,07-MAY-2026,31-MAR-2026,126003089.0,164
Premier Private Wealth Management LLC,0002056550,0002056550-26-000005,07-MAY-2026,31-MAR-2026,94814906.0,53
"Cannon Capital Management, Inc.",0002100130,0002100130-26-000003,07-MAY-2026,31-MAR-2026,123075788.0,28
Gladius Capital Management LP,0001540656,0001540656-26-000007,07-MAY-2026,31-MAR-2026,130683489.0,35
"MASON STREET ADVISORS, LLC",0001167711,0001167711-26-000004,07-MAY-2026,31-MAR-2026,1023197016.0,15
"J.H. Whitney Equity Partners VII, LLC",0001567459,0001193125-26-211713,07-MAY-2026,31-MAR-2026,233402544.0,1
BANTA ASSET MANAGEMENT LP,0001426960,0001426960-26-000006,07-MAY-2026,31-MAR-2026,99470802.0,20
"ELEMENT POINTE ADVISORS, LLC",0001764059,0001764059-26-000003,07-MAY-2026,31-MAR-2026,529960853.0,86
"Rice Partnership, LLC",0001736736,0001398344-26-008699,07-MAY-2026,31-MAR-2026,731812407.0,178
"HAMEL ASSOCIATES, INC.",0001599760,0001420506-26-000833,07-MAY-2026,31-MAR-2026,350523370.0,81
ALLEN OPERATIONS LLC,0001389544,0001214659-26-005741,07-MAY-2026,31-MAR-2026,669748897.0,35
Symetra Investment Management Co,0001811513,0001811513-26-000010,07-MAY-2026,31-MAR-2026,1154419.0,6
TITAN GLOBAL CAPITAL MANAGEMENT USA LLC,0001845930,0001062993-26-002399,07-MAY-2026,31-MAR-2026,671132248.0,59
"NWK Group, Inc.",0001803054,0001398344-26-008685,07-MAY-2026,31-MAR-2026,260586843.0,66
Wells Financial Advisors INC,0001844454,0001844454-26-000003,07-MAY-2026,31-MAR-2026,21982778.0,54
"Commonwealth Financial Services, LLC",0001536755,0001536755-26-000005,07-MAY-2026,31-MAR-2026,631693208.0,278
Summit Global Investments,0001697953,0001697953-26-000005,07-MAY-2026,31-MAR-2026,1694932.0,483
"Ironwood Investment Counsel, LLC",0001330463,0001330463-26-000002,07-MAY-2026,31-MAR-2026,694150757.0,263
"Allen Investment Management, LLC",0001326234,0001214659-26-005739,07-MAY-2026,31-MAR-2026,8088445200.0,221
"West Family Investments, Inc.",0001568303,0001568303-26-000005,07-MAY-2026,31-MAR-2026,285248517.0,259
"Omnia Family Wealth, LLC",0001696136,0001951757-26-000792,07-MAY-2026,31-MAR-2026,317358647.0,90
Basepoint Wealth LLC,0002088236,0002088236-26-000002,07-MAY-2026,31-MAR-2026,174794787.0,643
"Greykasell Wealth Strategies, Inc.",0002041220,0002041220-26-000002,07-MAY-2026,31-MAR-2026,248037414.0,567
"Latigo Investments, LLC",0001914668,0001754960-26-000368,07-MAY-2026,31-MAR-2026,200746810.0,14
Hiddenite Capital Partners LP,0001823823,0001420506-26-000821,07-MAY-2026,31-MAR-2026,171414753.0,14
Decker Wealth Management LLC,0002129751,0002129751-26-000001,07-MAY-2026,31-MAR-2026,440426622.0,104
"Tull Financial Group, Inc.",0001769060,0001769060-26-000003,07-MAY-2026,31-MAR-2026,223993746.0,31
ZEVIN ASSET MANAGEMENT LLC,0001394096,0001394096-26-000002,07-MAY-2026,31-MAR-2026,722995843.0,93
Carson Advisory Inc.,0001909304,0001909304-26-000003,07-MAY-2026,31-MAR-2026,192893529.0,188
"Johnson Financial Group, Inc.",0001477024,0000892712-26-000234,07-MAY-2026,31-MAR-2026,2762044866.0,891
INVESTMENT MANAGEMENT ASSOCIATES INC /ADV,0000052024,0000052024-26-000002,07-MAY-2026,31-MAR-2026,368978536.0,27
ALLEN HOLDING INC /NY,0000919489,0001214659-26-005738,07-MAY-2026,31-MAR-2026,1007773543.0,9
"MANAGED ASSET PORTFOLIOS, LLC",0001600999,0001600999-26-000006,07-MAY-2026,31-MAR-2026,834419053.0,51
"WCM INVESTMENT MANAGEMENT, LLC",0001061186,0001062993-26-002395,07-MAY-2026,31-MAR-2026,43812770555.0,263
AGF MANAGEMENT LTD,0001003518,0000945621-26-000646,07-MAY-2026,31-MAR-2026,22313220221.0,636
"TrustWell Financial Advisors, LLC",0002133429,0002133429-26-000002,07-MAY-2026,31-MAR-2026,106307857.0,70
Kapitalo Investimentos Ltda,0001798686,0001798686-26-000003,07-MAY-2026,31-MAR-2026,530906402.0,48
Harbor Advisors LLC,0001687156,0001214659-26-005743,07-MAY-2026,31-MAR-2026,692178004.0,197
VCU Investment Management Co,0001673588,0001673588-26-000006,07-MAY-2026,31-MAR-2026,67160112.0,1
DekaBank Deutsche Girozentrale,0001456228,0001456228-26-000002,07-MAY-2026,31-MAR-2026,60550857.0,1101
SOMERVILLE KURT F,0001215208,0001215208-26-000002,08-MAY-2026,31-MAR-2026,379074999.0,91
WOODLEY FARRA MANION PORTFOLIO MANAGEMENT INC,0001165805,0001165805-26-000002,08-MAY-2026,31-MAR-2026,2054991164.0,122
AMALGAMATED BANK,0000919192,0000919192-26-000003,08-MAY-2026,31-MAR-2026,13067577.0,1618
Glenview Trust Co,0001691827,0001193125-26-213495,08-MAY-2026,31-MAR-2026,6366947294.0,500
"Valley Brook Capital Group, Inc.",0001851418,0001172661-26-001628,08-MAY-2026,31-MAR-2026,149157922.0,112
"HFG Advisors, Inc.",0001911087,0001951757-26-000810,08-MAY-2026,31-MAR-2026,142091908.0,117
"Financial Gravity Asset Management, Inc.",0001741736,0001683168-26-003579,08-MAY-2026,31-MAR-2026,561968950.0,973
PRINCETON CAPITAL MANAGEMENT LLC,0001167026,0001167026-26-000004,08-MAY-2026,31-MAR-2026,366605723.0,139
"EagleClaw Capital Managment, LLC",0001607636,0001607636-26-000002,08-MAY-2026,31-MAR-2026,714132152.0,145
Greenwoods Asset Management Hong Kong Ltd.,0001848138,0001848138-26-000008,08-MAY-2026,31-MAR-2026,3878030259.0,25
AIHC Capital Management Ltd,0002103725,0001172661-26-001629,08-MAY-2026,31-MAR-2026,119668111.0,5
Villanova Investment Management Co LLC,0001872130,0001872130-26-000005,08-MAY-2026,31-MAR-2026,97592198.0,56
JGP Global Gestao de Recursos Ltda.,0001536562,0001536562-26-000003,08-MAY-2026,31-MAR-2026,22280702.0,23
"Financial Strategies Group, Inc.",0001774343,0001986152-26-000075,08-MAY-2026,31-MAR-2026,597755696.0,101
Vanguard National Trust Co,0001984256,0001984256-26-000004,08-MAY-2026,31-MAR-2026,1587361247.0,751
Evergreen Wealth Partners LLC,0002101006,0001951757-26-000804,08-MAY-2026,31-MAR-2026,130939996.0,84
"Fortis Group Advisors, LLC",0001815183,0001815183-26-000002,08-MAY-2026,31-MAR-2026,604728098.0,582
M1 Capital Management LLC,0001976157,0001976157-26-000002,08-MAY-2026,31-MAR-2026,216987633.0,111
SUMMIT PARTNERS L P,0000830588,0001172661-26-001623,08-MAY-2026,31-MAR-2026,670154351.0,7
"Moors & Cabot, Inc.",0001607239,0001607239-26-000002,08-MAY-2026,31-MAR-2026,2335894412.0,923
"ZIONS BANCORPORATION, NATIONAL ASSOCIATION /UT/",0000109380,0000109380-26-000085,08-MAY-2026,31-MAR-2026,1551100385.0,1529
"Miller Investment Management, LP",0001407382,0001407382-26-000005,08-MAY-2026,31-MAR-2026,1006966776.0,86
Belfer Management LLC,0001481957,0001140361-26-019974,08-MAY-2026,31-MAR-2026,5978821.0,15
Eurizon Capital SGR S.p.A.,0002107286,0002107286-26-000002,08-MAY-2026,31-MAR-2026,32015152806.0,1193
"Jackson, Grant Investment Advisers, Inc.",0001650300,0001104659-26-057733,08-MAY-2026,31-MAR-2026,299511054.0,398
Cornerstone Financial Management LLC,0002110329,0002110329-26-000002,08-MAY-2026,31-MAR-2026,109018079.0,1311
"BCI SECURITIES, INC.",0001577928,0001214659-26-005775,08-MAY-2026,31-MAR-2026,10149831.0,16
Matisse Capital,0001668256,0001668256-26-000003,08-MAY-2026,31-MAR-2026,233636404.0,163
LOS ANGELES CAPITAL MANAGEMENT LLC,0001177206,0001177206-26-000005,08-MAY-2026,31-MAR-2026,25379006021.0,2374
Crestmont Private Wealth LLC,0001873372,0001986152-26-000069,08-MAY-2026,31-MAR-2026,317309918.0,105
SYM FINANCIAL Corp,0000764739,0001398344-26-008744,08-MAY-2026,31-MAR-2026,1000831406.0,414
Pacific Heights Asset Management LLC,0001323414,0001193125-26-214483,08-MAY-2026,31-MAR-2026,2988204090.0,77
Act Two Investors LLC,0001766907,0001214659-26-005757,08-MAY-2026,31-MAR-2026,453176179.0,36
Darden Wealth Group Inc,0002011221,0002011221-26-000002,08-MAY-2026,31-MAR-2026,196232632.0,150
SPROTT INC.,0001512920,0001512920-26-000012,08-MAY-2026,31-MAR-2026,3294564225.0,228
"Strategic Financial Services, Inc.",0001432539,0001432539-26-000003,08-MAY-2026,31-MAR-2026,2099586152.0,150
"Dodds Wealth, LLC",0001973728,0001973728-26-000003,08-MAY-2026,31-MAR-2026,407397577.0,51
Oslo Pensjonsforsikring AS,0001828808,0001828808-26-000021,08-MAY-2026,31-MAR-2026,642577184.0,451
BURKE & HERBERT BANK & TRUST CO,0001101250,0001140361-26-019959,08-MAY-2026,31-MAR-2026,361895013.0,235
"Hestia Capital Management, LLC",0001815344,0001941040-26-000305,08-MAY-2026,31-MAR-2026,96295496.0,4
Leisure Capital Management,0001631507,0001631507-26-000003,08-MAY-2026,31-MAR-2026,285720869.0,154
"Bristlecone Value Partners, LLC",0001313998,0001313998-26-000007,08-MAY-2026,31-MAR-2026,113644623.0,68
Japan Science & Technology Agency,0001948391,0001948391-26-000003,08-MAY-2026,31-MAR-2026,4811650254.0,12
Wilkerson Advisory Group LLC,0002079661,0002079661-26-000002,08-MAY-2026,31-MAR-2026,290960412.0,617
Maia Wealth LLC,0002010858,0002010858-26-000004,08-MAY-2026,31-MAR-2026,591071509.0,346
"Millington Financial Advisors, LLC",0001924615,0001986152-26-000071,08-MAY-2026,31-MAR-2026,237435393.0,119
"MOSAIC FINANCIAL GROUP, LLC",0002011050,0002011050-26-000005,08-MAY-2026,31-MAR-2026,140872.0,126
BCV Asset Management Inc.,0002110721,0002110721-26-000003,08-MAY-2026,31-MAR-2026,2907276027.0,120
Minot DeBlois Advisors LLC,0001475933,0001475933-26-000002,08-MAY-2026,31-MAR-2026,110225076.0,226
NCP Inc.,0002023709,0002023709-26-000003,08-MAY-2026,31-MAR-2026,60108227.0,76
"Capco Asset Management, LLC",0001698068,0001698068-26-000005,08-MAY-2026,31-MAR-2026,366625178.0,27
"Jackson Hole Capital Partners, LLC",0001767049,0001398344-26-008733,08-MAY-2026,31-MAR-2026,603807307.0,312
BAILLIE GIFFORD & CO,0001088875,0001088875-26-000037,08-MAY-2026,31-MAR-2026,97893043995.0,271
Andra AP-fonden,0001535452,0001535452-26-000004,08-MAY-2026,31-MAR-2026,8393634912.0,396
"Empery Asset Management, LP",0001469336,0000902664-26-002332,08-MAY-2026,31-MAR-2026,83015714.0,32
SW Investment Management LLC,0001824821,0001420506-26-000875,08-MAY-2026,31-MAR-2026,450752025.0,8
Burk Holdings LLC,0002079815,0002079815-26-000002,08-MAY-2026,31-MAR-2026,233305608.0,674
Melia Wealth LLC,0001964047,0001986152-26-000070,08-MAY-2026,31-MAR-2026,206613732.0,22
STATE BOARD OF ADMINISTRATION OF FLORIDA RETIREMENT SYSTEM,0000938076,0000938076-26-000005,08-MAY-2026,31-MAR-2026,53395137532.0,2063
Accel Leaders 4 Associates L.P.,0001923783,0001104659-26-058021,08-MAY-2026,31-MAR-2026,475319580.0,1
Highview Capital Management LLC/DE/,0001903786,0001903786-26-000002,08-MAY-2026,31-MAR-2026,275070964.0,101
Paralel Advisors LLC,0001895911,0001895911-26-000006,08-MAY-2026,31-MAR-2026,2405953599.0,107
"Technology Crossover Management VIII, Ltd.",0001626282,0001104659-26-057878,08-MAY-2026,31-MAR-2026,298421856.0,5
"REICON WEALTH ADVISORS, LLC",0001888847,0001398344-26-008791,08-MAY-2026,31-MAR-2026,130282997.0,71
"Sands Capital Alternatives, LLC",0001846444,0001846444-26-000005,08-MAY-2026,31-MAR-2026,421198307.0,21
COMPASS CAPITAL CORP /MA/ /ADV,0000749763,0001376474-26-000361,08-MAY-2026,31-MAR-2026,279252522.0,202
BloombergSen Inc.,0001484047,0000945621-26-000656,08-MAY-2026,31-MAR-2026,892776399.0,27
"LaSalle St. Investment Advisors, LLC",0001966193,0001966193-26-000002,08-MAY-2026,31-MAR-2026,709962999.0,411
"Hardworking Capital Advisors, LLC",0002098583,0002098583-26-000005,08-MAY-2026,31-MAR-2026,106837620.0,83
North Horizon Holdings Inc.,0001891936,0001891936-26-000004,08-MAY-2026,31-MAR-2026,117526987.0,1
"Peachtree Investment Partners, LLC",0001743863,0001398344-26-008727,08-MAY-2026,31-MAR-2026,262411072.0,129
"WATERFALL ASSET MANAGEMENT, LLC",0001570717,0001570717-26-000004,08-MAY-2026,31-MAR-2026,178814295.0,20
Addison Advisors LLC,0001843745,0001843745-26-000002,08-MAY-2026,31-MAR-2026,452446536.0,980
"Technology Crossover Management XI, Ltd.",0001977402,0001104659-26-057893,08-MAY-2026,31-MAR-2026,581657930.0,2
DAVIDSON INVESTMENT ADVISORS,0001140771,0001140771-26-000004,08-MAY-2026,31-MAR-2026,2317979064.0,126
"Fund Evaluation Group, LLC",0001356249,0001420506-26-000854,08-MAY-2026,31-MAR-2026,3254797058.0,73
Smithfield Trust Co,0001019754,0001019754-26-000002,08-MAY-2026,31-MAR-2026,2296148.0,1086
ENGLISH CAPITAL MANAGEMENT LLC,0002010442,0001420506-26-000879,08-MAY-2026,31-MAR-2026,169810412.0,35
"AMERICAN INTERNATIONAL GROUP, INC.",0000005272,0000005272-26-000058,08-MAY-2026,31-MAR-2026,609190825.0,2
TRB Advisors LP,0001513300,0001193125-26-213194,08-MAY-2026,31-MAR-2026,145876855.0,5
"TFO Wealth Partners, LLC",0001698750,0001698750-26-000002,08-MAY-2026,31-MAR-2026,735385487.0,72
"Perissos Private Wealth Management, LLC",0002023071,0002023071-26-000002,08-MAY-2026,31-MAR-2026,115214537.0,71
AlpInvest Partners B.V.,0001512910,0000898432-26-000340,08-MAY-2026,31-MAR-2026,49716989.0,13
"Coastwise Capital Group, LLC",0001934500,0001934500-26-000006,08-MAY-2026,31-MAR-2026,180090100.0,128
Schrum Private Wealth Management LLC,0001914987,0001914987-26-000002,08-MAY-2026,31-MAR-2026,131098649.0,126
Core Wealth Partners LLC,0001965078,0001965078-26-000002,08-MAY-2026,31-MAR-2026,215017926.0,176
VANGUARD MARKETING CORPORATION,0000217448,0000217448-26-000012,08-MAY-2026,31-MAR-2026,39060000.0,1
Westview Management dba Westview Investment Advisors,0002073768,0002073768-26-000002,08-MAY-2026,31-MAR-2026,192183513.0,70
MARCO INVESTMENT MANAGEMENT LLC,0001080493,0001080493-26-000002,08-MAY-2026,31-MAR-2026,1325093996.0,232
"Atlantic Private Wealth, LLC",0001893143,0001893143-26-000002,08-MAY-2026,31-MAR-2026,152970579.0,313
Accel Leaders 3 Associates L.P.,0001832690,0001104659-26-058013,08-MAY-2026,31-MAR-2026,233657663.0,1
"Clarion Wealth Managment Partners, LLC",0002081211,0002081211-26-000002,08-MAY-2026,31-MAR-2026,110373628.0,84
SENTRY INVESTMENT MANAGEMENT LLC,0000089014,0000089014-26-000007,08-MAY-2026,31-MAR-2026,145741.0,1
"PB INVESTMENT PARTNERS, L.P.",0001910391,0001420506-26-000872,08-MAY-2026,31-MAR-2026,127060072.0,10
"ATLANTIC FAMILY WEALTH, LLC",0002012511,0002012511-26-000002,08-MAY-2026,31-MAR-2026,138426163.0,59
Power Alpha Investment Ltd,0002014593,0002014593-26-000004,08-MAY-2026,31-MAR-2026,874239843.0,5
TMT General Partner Ltd,0001847582,0001847582-26-000002,08-MAY-2026,31-MAR-2026,249852810.0,3
"Amplify Investments, LLC",0001632494,0001632494-26-000008,08-MAY-2026,31-MAR-2026,5578972.0,26
"VELA Investment Management, LLC",0001895612,0001895612-26-000004,08-MAY-2026,31-MAR-2026,394288112.0,136
Cypress Capital Management LLC (WY),0001633896,0001633896-26-000002,08-MAY-2026,31-MAR-2026,108129093.0,205
Riverwater Partners LLC,0001882572,0001941040-26-000302,08-MAY-2026,31-MAR-2026,299965084.0,213
New Insight Wealth Advisors,0002022328,0002022328-26-000002,08-MAY-2026,31-MAR-2026,278884091.0,107
"Emeth Value Capital, LLC",0002053013,0002053013-26-000003,08-MAY-2026,31-MAR-2026,65973637.0,4
Mitsubishi UFJ Asset Management (UK) Ltd.,0001694895,0001694895-26-000002,08-MAY-2026,31-MAR-2026,193487.0,96
CM WEALTH ADVISORS LLC,0001764581,0001764581-26-000002,08-MAY-2026,31-MAR-2026,469542369.0,146
Walmart Inc.,0000104169,0001123292-26-000641,08-MAY-2026,31-MAR-2026,840355500.0,3
"GILEAD SCIENCES, INC.",0000882095,0001123292-26-000642,08-MAY-2026,31-MAR-2026,2117784504.0,6
Paulson Wealth Management Inc.,0001731878,0001172661-26-001633,08-MAY-2026,31-MAR-2026,426713053.0,137
"ARTHUR M. COHEN & ASSOCIATES, LLC",0001692252,0001692252-26-000002,08-MAY-2026,31-MAR-2026,562552155.0,127
Stone Wealth Partners,0001813454,0001754960-26-000370,08-MAY-2026,31-MAR-2026,111354915.0,59
"Campbell Deegan Wealth Management, LLC",0002059743,0001765380-26-000193,08-MAY-2026,31-MAR-2026,124455421.0,49
CMC Financial Group,0001770940,0001770940-26-000002,08-MAY-2026,31-MAR-2026,49352837.0,34
"HORAN Wealth, LLC",0002072569,0002072569-26-000003,08-MAY-2026,31-MAR-2026,1052324446.0,196
"Comprehensive Financial Consultants Institutional, Inc.",0001915714,0001172661-26-001625,08-MAY-2026,31-MAR-2026,336585539.0,193
"GRAND WEALTH MANAGEMENT, LLC",0001939443,0001398344-26-008767,08-MAY-2026,31-MAR-2026,212487407.0,87
DUTCH ASSET Corp,0002115141,0001420506-26-000846,08-MAY-2026,31-MAR-2026,148840266.0,95
GOANNA CAPITAL MANAGEMENT LLC,0002130895,0001104659-26-057823,08-MAY-2026,31-MAR-2026,6729218.0,3
AMJ Financial Wealth Management,0001801585,0001986152-26-000068,08-MAY-2026,31-MAR-2026,422234441.0,83
"Tower Wealth Partners, Inc.",0001852808,0001951757-26-000806,08-MAY-2026,31-MAR-2026,180938478.0,87
"MidAtlantic Capital Management, Inc.",0002042068,0002042068-26-000002,08-MAY-2026,31-MAR-2026,144961750.0,84
REDW Wealth LLC,0001688931,0001688931-26-000005,08-MAY-2026,31-MAR-2026,250728756.0,99
Lorne Steinberg Wealth Management Inc.,0001851362,0001851362-26-000002,08-MAY-2026,31-MAR-2026,422111215.0,68
BARD ASSOCIATES INC,0001105907,0001105907-26-000009,08-MAY-2026,31-MAR-2026,398469472.0,292
"Advisor OS, LLC",0001767580,0001085146-26-000400,08-MAY-2026,31-MAR-2026,1381191247.0,571
Alphabet Inc.,0001652044,0001652044-26-000051,08-MAY-2026,31-MAR-2026,4015568781.0,26
"INTEGRATED WEALTHCARE, LLC",0001962105,0001951757-26-000809,08-MAY-2026,31-MAR-2026,119523379.0,28
Carlyle Group Inc.,0001527166,0000898432-26-000339,08-MAY-2026,31-MAR-2026,10619090498.0,20
"Fore Capital, LLC",0001714672,0001714672-26-000002,08-MAY-2026,31-MAR-2026,42884703.0,24
RedJay Asset Management Inc.,0002057370,0002057370-26-000003,08-MAY-2026,31-MAR-2026,0.0,1
"Horizon Family Wealth, Inc.",0001910660,0001910660-26-000002,08-MAY-2026,31-MAR-2026,189272717.0,88
"Evolution Wealth Advisors, LLC",0001763121,0001763121-26-000004,08-MAY-2026,31-MAR-2026,981499778.0,176
"Maple Capital Management, Inc.",0001313893,0001313893-26-000004,08-MAY-2026,31-MAR-2026,1493997386.0,119
Freedom Together Foundation,0002002798,0000902664-26-002327,08-MAY-2026,31-MAR-2026,762210116.0,2
Bluebird Wealth Management LLC,0002104503,0002104503-26-000002,08-MAY-2026,31-MAR-2026,97671103.0,77
"SBI Holdings USA, Inc.",0002107413,0001213900-26-054020,08-MAY-2026,31-MAR-2026,153991740.0,1
MARVIN & PALMER ASSOCIATES INC,0000860645,0002080880-26-000009,08-MAY-2026,31-MAR-2026,83534800.0,21
B. Metzler seel. Sohn & Co. AG,0001847838,0000947871-26-000503,08-MAY-2026,31-MAR-2026,10773003092.0,712
"Glassy Mountain Advisors, Inc.",0001914617,0001398344-26-008784,08-MAY-2026,31-MAR-2026,321982944.0,77
NewGen Asset Management Ltd,0001845012,0001845012-26-000002,08-MAY-2026,31-MAR-2026,164492200.0,26
"Cetera Trust Company, N.A",0002005547,0002005547-26-000003,08-MAY-2026,31-MAR-2026,176888896.0,351
MACROVIEW INVESTMENT MANAGEMENT LLC,0001551727,0001214659-26-005774,08-MAY-2026,31-MAR-2026,143214844.0,98
"AJU IB Investment Co., Ltd.",0001710065,0001140361-26-019665,08-MAY-2026,31-MAR-2026,30523310.0,6
"JW Asset Management, LLC",0001549738,0001104659-26-057888,08-MAY-2026,31-MAR-2026,243507417.0,19
Triad Investment Management,0001615717,0001615717-26-000004,08-MAY-2026,31-MAR-2026,84687023.0,36
Idaho Trust Co,0001568069,0001568069-26-000004,08-MAY-2026,31-MAR-2026,307609553.0,97
Goldenstone Wealth Management LLC,0002109094,0002109094-26-000003,08-MAY-2026,31-MAR-2026,137468459.0,89
"DBA TRADING, LLC",0002067608,0001420506-26-000848,08-MAY-2026,31-MAR-2026,201325899.0,39
KAHN BROTHERS GROUP INC,0001039565,0001039565-26-000002,08-MAY-2026,31-MAR-2026,564065307.0,48
Firestone Capital Management,0001799964,0001799964-26-000003,08-MAY-2026,31-MAR-2026,480251535.0,160
Andar Capital Management HK Ltd,0001805591,0001805591-26-000005,08-MAY-2026,31-MAR-2026,116940057.0,13
Fire Capital Management LLC,0002059571,0001172661-26-001627,08-MAY-2026,31-MAR-2026,213514649.0,108
"JACKSON HILL ADVISORS, LLC",0001911159,0001420506-26-000877,08-MAY-2026,31-MAR-2026,193406337.0,13
"Mystic Asset Management, Inc.",0001912460,0001172661-26-001635,08-MAY-2026,31-MAR-2026,431373823.0,218
"Palatine Hill Wealth Management, LLC",0002107248,0002107248-26-000003,08-MAY-2026,31-MAR-2026,114872096.0,48
Legal & General Group Plc,0000764068,0000764068-26-000011,08-MAY-2026,31-MAR-2026,432387351077.0,3362
"Sound Financial Strategies Group, LLC",0001800620,0001398344-26-008764,08-MAY-2026,31-MAR-2026,146530353.0,111
Freemont Capital Pte Ltd,0001796107,0001104659-26-057941,08-MAY-2026,31-MAR-2026,4908284735.0,4
"Compass Financial Group, Inc. (Ohio)",0002115210,0002115210-26-000011,08-MAY-2026,31-MAR-2026,136639506.0,45
"Curtis Advisory Group, LLC",0001664656,0001664656-26-000003,08-MAY-2026,31-MAR-2026,463954283.0,118
"PNC FINANCIAL SERVICES GROUP, INC.",0000713676,0001193125-26-213236,08-MAY-2026,31-MAR-2026,173208242438.0,5160
NewSquare Capital LLC,0001546989,0001546989-26-000002,08-MAY-2026,31-MAR-2026,1148023678.0,202
Simcoe Capital LLC,0002109203,0002109203-26-000002,08-MAY-2026,31-MAR-2026,109000336.0,31
Tillman Hartley LLC,0001966355,0001966355-26-000002,08-MAY-2026,31-MAR-2026,398300500.0,88
DENALI ADVISORS LLC,0001142941,0001398344-26-008814,08-MAY-2026,31-MAR-2026,899707650.0,307
"Zinnia Wealth Advisory, LLC",0002073676,0002073676-26-000002,08-MAY-2026,31-MAR-2026,89345602.0,96
AVISO WEALTH MANAGEMENT,0002011802,0002011802-26-000002,08-MAY-2026,31-MAR-2026,221863179.0,140
Rothschild & Co Wealth Management UK Ltd,0001784260,0001172661-26-001626,08-MAY-2026,31-MAR-2026,6534071253.0,25
"MPS Loria Financial Planners, LLC",0001716180,0001172661-26-001631,08-MAY-2026,31-MAR-2026,379001917.0,89
"Long Road Investment Counsel, LLC",0001620081,0000905729-26-000098,08-MAY-2026,31-MAR-2026,255028870.0,78
CYBER HORNET ETFs LLC,0001818014,0001818014-26-000001,08-MAY-2026,31-MAR-2026,154917572.0,507
"RIK SAYLOR FINANCIAL, INC.",0002045268,0001986152-26-000078,08-MAY-2026,31-MAR-2026,131664518.0,85
Vontobel Holding Ltd.,0001588340,0001588340-26-000002,08-MAY-2026,31-MAR-2026,29089084749.0,1188
Joseph Group Capital Management,0001910383,0001910383-26-000002,08-MAY-2026,31-MAR-2026,400363179.0,379
Dale Q Rice Investment Management Ltd,0002041427,0002041427-26-000002,08-MAY-2026,31-MAR-2026,131982677.0,68
"Investure, LLC",0001476993,0001398344-26-008806,08-MAY-2026,31-MAR-2026,2039149958.0,17
Baader Bank Aktiengesellschaft,0001542629,0001213900-26-053564,08-MAY-2026,31-MAR-2026,1014270898.0,380
"CROWN ADVISORS MANAGEMENT, INC.",0001733248,0001733248-26-000004,08-MAY-2026,31-MAR-2026,150656.0,40
"Uber Technologies, Inc",0001543151,0001552781-26-000315,08-MAY-2026,31-MAR-2026,3602671383.0,7
"Tieton Capital Management, LLC",0001381954,0001381954-26-000002,08-MAY-2026,31-MAR-2026,298570.0,35
"THOR TRADING ADVISORS, LLC",0002057073,0002057073-26-000002,08-MAY-2026,31-MAR-2026,241347295.0,12
Stonegate Management LLC,0001877054,0001062993-26-002427,08-MAY-2026,31-MAR-2026,0.0,1
"ALLEN WEALTH MANAGEMENT, LLC",0002012003,0001172661-26-001632,08-MAY-2026,31-MAR-2026,199802014.0,59
"Prudent Man Advisors, LLC",0001817174,0001817174-26-000002,08-MAY-2026,31-MAR-2026,333919337.0,134
"Indie Asset Partners, LLC",0001802244,0001802244-26-000004,08-MAY-2026,31-MAR-2026,87761511.0,83
"Marble Harbor Investment Counsel, LLC",0001387130,0001420506-26-000852,08-MAY-2026,31-MAR-2026,922901111.0,192
Orange County Employees Retirement System,0002107791,0000897069-26-001062,08-MAY-2026,31-MAR-2026,238764759.0,2
Roundview Capital LLC,0001476804,0001476804-26-000005,08-MAY-2026,31-MAR-2026,1605366808.0,340
MOZAYYX MANAGEMENT LLC,0002116489,0001214659-26-005855,08-MAY-2026,31-MAR-2026,98626670.0,16
ALPS ADVISORS INC,0001376113,0001398344-26-008816,08-MAY-2026,31-MAR-2026,21250825880.0,1037
"TPG Financial Advisors, LLC",0001706669,0001706669-26-000006,08-MAY-2026,31-MAR-2026,307429715.0,76
"Manuka Financial, LLC",0002049064,0001754960-26-000371,08-MAY-2026,31-MAR-2026,161919318.0,56
CROSBY Co OF NEW HAMPSHIRE LLC,0001595683,0001104659-26-057716,08-MAY-2026,31-MAR-2026,0.0,1
"Tandem Financial, LLC",0002049157,0001420506-26-000867,08-MAY-2026,31-MAR-2026,295565523.0,94
United Financial Planning Group LLC,0002088337,0002088337-26-000004,08-MAY-2026,31-MAR-2026,169176589.0,462
"Steward Partners Investment Advisory, LLC",0001723397,0001723397-26-000003,08-MAY-2026,31-MAR-2026,19608783834.0,4416
"Truepoint, Inc.",0001427748,0001765380-26-000192,08-MAY-2026,31-MAR-2026,4484449185.0,148
"Altiora Financial Group, LLC",0001986156,0001986156-26-000002,08-MAY-2026,31-MAR-2026,607110070.0,110
"StrongBox Wealth, LLC",0001812155,0001172661-26-001636,08-MAY-2026,31-MAR-2026,312501148.0,95
Accel Growth Fund V Associates L.L.C.,0001767987,0001104659-26-058018,08-MAY-2026,31-MAR-2026,81656580.0,2
SEARLE & CO.,0000710127,0000710127-26-000002,08-MAY-2026,31-MAR-2026,397692380.0,194
"ODonnell Financial Services, LLC",0001730962,0001730962-26-000002,08-MAY-2026,31-MAR-2026,290333848.0,64
JABODON PT CO,0001594167,0001594167-26-000003,08-MAY-2026,31-MAR-2026,860261.0,8
Homestead Advisers Corp,0000944804,0001193125-26-213980,08-MAY-2026,31-MAR-2026,3722728461.0,111
Notis-McConarty Edward,0001592616,0001592616-26-000002,08-MAY-2026,31-MAR-2026,218917123.0,68
"Divco West Real Estate Services, LLC",0001561877,0001561877-26-000002,08-MAY-2026,31-MAR-2026,71880307.0,4
SHP Wealth Management,0001807060,0001807060-26-000003,08-MAY-2026,31-MAR-2026,1325807598.0,1826
"Clayton, Dubilier & Rice, LLC",0001538642,0001104659-26-057668,08-MAY-2026,31-MAR-2026,536485747.0,2
"Summit Asset Management, LLC",0001509974,0001398344-26-008718,08-MAY-2026,31-MAR-2026,718826706.0,172
Central Securities Corp,0000018748,0001209992-26-000035,08-MAY-2026,31-MAR-2026,1211567416.0,30
"Birchcreek Wealth Management, LLC",0001840341,0001951757-26-000808,08-MAY-2026,31-MAR-2026,207677689.0,120
"EMERGENCE GP PARTNERS, LLC",0001589115,0001193125-26-213469,08-MAY-2026,31-MAR-2026,111467284.0,4
ROSS\JOHNSON & Associates LLC,0002056532,0002056532-26-000002,08-MAY-2026,31-MAR-2026,5547642.0,216
"Oath Planning, LLC",0002109944,0002109944-26-000004,08-MAY-2026,31-MAR-2026,112554342.0,69
SG Capital Management LLC,0001510099,0002060757-26-000026,08-MAY-2026,31-MAR-2026,1215218116.0,79
"BG Investment Services, LLC",0001873989,0001873989-26-000002,08-MAY-2026,31-MAR-2026,120484780.0,48
INTACT INVESTMENT MANAGEMENT INC.,0001443077,0001062993-26-002419,08-MAY-2026,31-MAR-2026,3508759611.0,269
"Valeo Financial Advisors, LLC",0001722641,0001722641-26-000003,08-MAY-2026,31-MAR-2026,4180334002.0,722
"Delta Accumulation, LLC",0001808389,0001808389-26-000008,08-MAY-2026,31-MAR-2026,27339486.0,14
"NIA IMPACT ADVISORS, LLC",0001815217,0001420506-26-000860,08-MAY-2026,31-MAR-2026,224910682.0,89
Generation Capital Management LLC,0002054384,0001214659-26-005813,08-MAY-2026,31-MAR-2026,136854599.0,74
KELLEHER FINANCIAL ADVISORS,0001507971,0001999371-26-010268,08-MAY-2026,31-MAR-2026,395086416.0,703
Rheos Capital Works Inc.,0001735445,0001099910-26-000174,08-MAY-2026,31-MAR-2026,1498096.0,73
Stelac Advisory Services LLC,0001519676,0001519676-26-000005,08-MAY-2026,31-MAR-2026,494251652.0,163
Stephens Greth Foundation,0002107267,0001140361-26-019734,08-MAY-2026,31-MAR-2026,319974838.0,4
SCHWARZ DYGOS WHEELER INVESTMENT ADVISORS LLC,0001794153,0001794153-26-000003,08-MAY-2026,31-MAR-2026,481758787.0,173
"TMB Capital Partners, LLC",0002111931,0001951757-26-000807,08-MAY-2026,31-MAR-2026,297338608.0,176
"TWIN PEAKS WEALTH ADVISORS, LLC",0002006218,0001986152-26-000072,08-MAY-2026,31-MAR-2026,397077004.0,2369
Accel XI Associates L.L.C.,0001535603,0001104659-26-058025,08-MAY-2026,31-MAR-2026,162361391.0,1
"BOKF, NA",0000009634,0000009634-26-000003,08-MAY-2026,31-MAR-2026,6539519804.0,1028
"JBF Capital, Inc.",0001483864,0000935836-26-000232,08-MAY-2026,31-MAR-2026,674305549.0,110
"Endowment Wealth Management, Inc.",0001904477,0001214659-26-005810,08-MAY-2026,31-MAR-2026,226067679.0,165
"NORTHWESTERN MUTUAL INVESTMENT MANAGEMENT COMPANY, LLC",0001629649,0001629649-26-000002,08-MAY-2026,31-MAR-2026,6597957350.0,874
Jefferies Financial Group Inc.,0000096223,0000096223-26-000018,08-MAY-2026,31-MAR-2026,8197631463.0,1376
Central Asset Investments & Management Holdings (HK) Ltd,0001583672,0001583672-26-000002,08-MAY-2026,31-MAR-2026,107575477.0,24
"NUANCE INVESTMENTS, LLC",0001473182,0001473182-26-000006,08-MAY-2026,31-MAR-2026,717103328.0,43
Chico Wealth RIA,0001926037,0001926037-26-000003,08-MAY-2026,31-MAR-2026,163705893.0,37
"Japan Post Holdings Co., Ltd.",0001783464,0001104659-26-058020,08-MAY-2026,31-MAR-2026,5702122395.0,1
LOGAN CAPITAL MANAGEMENT INC,0001121330,0001121330-26-000002,08-MAY-2026,31-MAR-2026,0.0,0
"Gigafund Management Company, LLC",0001713833,0001140361-26-020009,08-MAY-2026,31-MAR-2026,59352640.0,1
"Junk Investment Group, LLC",0002112570,0002085853-26-000577,08-MAY-2026,31-MAR-2026,190651504.0,88
GARDNER LEWIS ASSET MANAGEMENT L P,0000941560,0000941560-26-000003,08-MAY-2026,31-MAR-2026,461795079.0,78
"Buck Wealth Strategies, LLC",0001973259,0001973259-26-000002,08-MAY-2026,31-MAR-2026,809842882.0,166
VANGUARD ADVISERS INC,0000947529,0000947529-26-000012,08-MAY-2026,31-MAR-2026,25509107429.0,668
"Banco de Sabadell, S.A",0001730299,0001730299-26-000002,08-MAY-2026,31-MAR-2026,150762.0,62
COLDSTREAM CAPITAL MANAGEMENT INC,0001082339,0001082339-26-000005,08-MAY-2026,31-MAR-2026,8116871221.0,1192
"Technology Crossover Management X, Ltd.",0001787727,0001104659-26-057889,08-MAY-2026,31-MAR-2026,781280088.0,6
"Weinberger Asset Management, Inc",0002051705,0002051705-26-000005,08-MAY-2026,31-MAR-2026,266743044.0,92
"Prime Capital Investment Advisors, LLC",0001731446,0001214659-26-005807,08-MAY-2026,31-MAR-2026,8648098249.0,1025
"GUIDANCE CAPITAL, INC",0001958743,0001958743-26-000003,08-MAY-2026,31-MAR-2026,445894269.0,229
"CM Management, LLC",0001841857,0001841857-26-000002,08-MAY-2026,31-MAR-2026,119610574.0,71
NorthStar Asset Management LLC /NJ/,0002011587,0002011587-26-000002,08-MAY-2026,31-MAR-2026,207070075.0,96
Creekmur Asset Management LLC,0002013091,0002013091-26-000003,08-MAY-2026,31-MAR-2026,1326262.0,5
"America First Investment Advisors, LLC",0001308778,0001308778-26-000003,08-MAY-2026,31-MAR-2026,536471557.0,41
CENTERSQUARE INVESTMENT MANAGEMENT LLC,0001725296,0001725296-26-000003,08-MAY-2026,31-MAR-2026,9673348551.0,79
"Elevation Capital Advisory, LLC",0001871112,0001871112-26-000002,08-MAY-2026,31-MAR-2026,234910724.0,65
"Entruity Wealth, LLC",0001719303,0001719303-26-000003,08-MAY-2026,31-MAR-2026,147328920.0,46
DAIDO LIFE INSURANCE CO,0001173460,0001173460-26-000002,08-MAY-2026,31-MAR-2026,677918.0,6
"Bulldog Investors, LLP",0001504304,0001398344-26-008719,08-MAY-2026,31-MAR-2026,444980193.0,216
PERSPECTIVE WEALTH ADVISORS LLC,0002080427,0001986152-26-000074,08-MAY-2026,31-MAR-2026,154181278.0,55
New England Private Wealth Advisors LLC,0001582813,0001582813-26-000003,08-MAY-2026,31-MAR-2026,866182848.0,194
Forge Financial Services LLC,0002055357,0002055357-26-000002,08-MAY-2026,31-MAR-2026,987255030.0,31
MIDDLETON & CO INC/MA,0000919497,0001398344-26-008750,08-MAY-2026,31-MAR-2026,876861963.0,164
Opus Financial Solutions LLC,0001934041,0001934041-26-000004,08-MAY-2026,31-MAR-2026,106150891.0,103
GSA CAPITAL PARTNERS LLP,0001362033,0001362033-26-000005,08-MAY-2026,31-MAR-2026,1608282.0,1664
"Capital Developers, LLC",0002105385,0002105385-26-000002,08-MAY-2026,31-MAR-2026,111036378.0,52
PRIVATE MANAGEMENT GROUP INC,0001142031,0001142031-26-000010,08-MAY-2026,31-MAR-2026,3472998223.0,310
Shengqi Capital (Hong Kong) Ltd,0002040405,0002040405-26-000005,08-MAY-2026,31-MAR-2026,67608897.0,5
"AAF Wealth Management, LLC",0001726609,0001726609-26-000002,08-MAY-2026,31-MAR-2026,243796611.0,54
Pacific Sun Financial Corp,0000947517,0000947517-26-000002,08-MAY-2026,31-MAR-2026,206487795.0,201
1776 Wealth LLC,0001803140,0001803140-26-000002,08-MAY-2026,31-MAR-2026,254319495.0,146
INTECH INVESTMENT MANAGEMENT LLC,0001086318,0001086318-26-000002,08-MAY-2026,31-MAR-2026,10164465916.0,2091
OneDigital Investment Advisors LLC,0001690370,0001690370-26-000004,08-MAY-2026,31-MAR-2026,10223972052.0,1447
"JPL Wealth Management, LLC",0002010710,0002010710-26-000002,08-MAY-2026,31-MAR-2026,434739495.0,1554
"Price Financial Group Wealth Management, Inc",0002107127,0002107127-26-000002,08-MAY-2026,31-MAR-2026,6057269.0,28
"MONECO ADVISORS, LLC",0001765690,0001765690-26-000007,08-MAY-2026,31-MAR-2026,1289281223.0,515
"ACT CAPITAL MANAGEMENT, LLC",0001442273,0001636587-26-000028,08-MAY-2026,31-MAR-2026,127234648.0,56
"Camelot Portfolios, LLC",0001569766,0001104659-26-057631,08-MAY-2026,31-MAR-2026,133108051.0,190
Private Advisory Group LLC,0001632965,0001632965-26-000003,08-MAY-2026,31-MAR-2026,1437142954.0,272
"Technology Crossover Management IX, Ltd.",0001698264,0001104659-26-057885,08-MAY-2026,31-MAR-2026,752164315.0,6
"Seneschal Advisors, LLC",0002039659,0002039659-26-000002,08-MAY-2026,31-MAR-2026,134690182.0,594
Saratoga Research & Investment Management,0001477872,0001477872-26-000003,08-MAY-2026,31-MAR-2026,1762249151.0,46
"SANDS CAPITAL MANAGEMENT, LLC",0001020066,0001020066-26-000015,08-MAY-2026,31-MAR-2026,25486826915.0,67
"Cornerstone Advisors, LLC",0001775446,0001398344-26-008799,08-MAY-2026,31-MAR-2026,2718183533.0,99
Urban Financial Advisory Corp,0002005378,0002005378-26-000002,08-MAY-2026,31-MAR-2026,282871170.0,57
"Beacon Capital Management, Inc.",0001575301,0001575301-26-000003,08-MAY-2026,31-MAR-2026,1777961820.0,141
"BURLING WEALTH PARTNERS, LLC",0002054946,0001765380-26-000191,08-MAY-2026,31-MAR-2026,618312670.0,177
BUCKHEAD CAPITAL MANAGEMENT LLC,0001133999,0001133999-26-000007,08-MAY-2026,31-MAR-2026,265268365.0,144
"Fidelity National Financial, Inc.",0001331875,0001331875-26-000043,08-MAY-2026,31-MAR-2026,2715501669.0,20
"Russell Investments Group, Ltd.",0001692234,0001193125-26-213225,08-MAY-2026,31-MAR-2026,93065955967.0,4237
CURTIS WEALTH MANAGEMENT LLC,0002108708,0002108708-26-000002,08-MAY-2026,31-MAR-2026,106512078.0,50
Deseret Mutual Benefit Administrators,0001789351,0001789351-26-000003,08-MAY-2026,31-MAR-2026,293602131.0,508
Allegiance Financial Group Advisory Services LLC,0001964068,0001964068-26-000002,08-MAY-2026,31-MAR-2026,502726377.0,198
Virtus Wealth Solutions LLC,0002045870,0002045870-26-000003,08-MAY-2026,31-MAR-2026,525257911.0,54
AMERICAN EXPRESS CO,0000004962,0000004962-26-000240,08-MAY-2026,31-MAR-2026,880446990.0,1
Gen-Wealth Partners Inc,0002023375,0002023375-26-000002,08-MAY-2026,31-MAR-2026,317335453.0,728
"Align Financial, LLC",0002089183,0002089183-26-000002,08-MAY-2026,31-MAR-2026,175929910.0,373
Red Wave Investments LLC,0001846493,0001420506-26-000862,08-MAY-2026,31-MAR-2026,334595197.0,111
DJE Kapital AG,0001659196,0001659196-26-000002,08-MAY-2026,31-MAR-2026,4512673409.0,113
STAR Financial Bank,0001965329,0001965329-26-000004,08-MAY-2026,31-MAR-2026,211893559.0,104
"Christian Investment Advisors, Inc.",0002055071,0002055071-26-000002,08-MAY-2026,31-MAR-2026,158246596.0,12
BP PLC,0000313807,0001628280-26-032698,08-MAY-2026,31-MAR-2026,17721000.0,1
Emissary Wealth LLC,0002107252,0002107252-26-000001,08-MAY-2026,31-MAR-2026,106665327.0,54
"McAdam, LLC",0001695490,0001580642-26-003102,08-MAY-2026,31-MAR-2026,2219597699.0,442
Suncoast Equity Management,0001315059,0001315059-26-000004,08-MAY-2026,31-MAR-2026,833304875.0,101
"Pinnacle Holdings, LLC",0001411784,0001411784-26-000004,08-MAY-2026,31-MAR-2026,309291114.0,233
North Dakota State Investment Board,0002064039,0002064039-26-000004,08-MAY-2026,31-MAR-2026,2311967207.0,752
"Bruce G. Allen Investments, LLC",0002005409,0001986152-26-000079,08-MAY-2026,31-MAR-2026,152851098.0,1084
"Banco Santander, S.A.",0000891478,0000891478-26-000056,08-MAY-2026,31-MAR-2026,12401105429.0,470
BOYAR ASSET MANAGEMENT INC.,0001218254,0001218254-26-000002,08-MAY-2026,31-MAR-2026,175721204.0,78
"Retirement Planning Co of New England, Inc.",0001817693,0001172661-26-001637,08-MAY-2026,31-MAR-2026,245843545.0,248
Vann Equity Management LLC,0002018412,0001214659-26-005804,08-MAY-2026,31-MAR-2026,140398589.0,158
"MARSHALL INVESTMENT MANAGEMENT, LLC",0002022427,0001420506-26-000857,08-MAY-2026,31-MAR-2026,208492154.0,274
"Stonebridge Financial Planning Group, LLC",0001802494,0001802494-26-000003,08-MAY-2026,31-MAR-2026,272315150.0,171
"Asset Management One Co., Ltd.",0001068855,0001193125-26-213217,08-MAY-2026,31-MAR-2026,33910663838.0,911
"REGENERON PHARMACEUTICALS, INC.",0000872589,0001104659-26-057922,08-MAY-2026,31-MAR-2026,47884476.0,2
"Palisades Hudson Asset Management, L.P.",0001388443,0001388443-26-000004,08-MAY-2026,31-MAR-2026,256556.0,108
Enhancing Capital LLC,0001909572,0001909572-26-000002,08-MAY-2026,31-MAR-2026,134842437.0,86
Atlas Merchant Capital LLC,0001945789,0000950142-26-001333,08-MAY-2026,31-MAR-2026,789360.0,1
TSG Consumer Partners LP,0001910156,0001193125-26-214726,08-MAY-2026,31-MAR-2026,115496999.0,1
"CURA WEALTH ADVISORS, LLC",0002056729,0002056729-26-000002,08-MAY-2026,31-MAR-2026,223454683.0,125
"Cornerstone Investment Partners, LLC",0001328062,0001328062-26-000003,08-MAY-2026,31-MAR-2026,2380506258.0,291
"Equity Wealth Partners, LLC",0002097037,0002097037-26-000004,08-MAY-2026,31-MAR-2026,154705830.0,76
GLYNN CAPITAL MANAGEMENT LLC,0000911270,0000911270-26-000005,08-MAY-2026,31-MAR-2026,209228937.0,42
"Boulder Wealth Advisors, LLC",0001874080,0001986152-26-000077,08-MAY-2026,31-MAR-2026,250531513.0,32
PIAR LLC,0002054677,0001951757-26-000803,08-MAY-2026,31-MAR-2026,118784671.0,62
"Guardian Wealth Management, Inc.",0001910205,0001910205-26-000002,08-MAY-2026,31-MAR-2026,183217538.0,61
"Aspen Wealth Strategies, LLC",0001972517,0001951757-26-000805,08-MAY-2026,31-MAR-2026,186118474.0,88
STONE LOFT WEALTH MANAGEMENT LLC,0002130930,0001951757-26-000802,08-MAY-2026,31-MAR-2026,139943314.0,29
"Mathes Company, Inc.",0001389223,0001999371-26-010258,08-MAY-2026,31-MAR-2026,273716.0,126
"RED LIGHTHOUSE INVESTMENT MANAGEMENT, LLC",0001962166,0001962166-26-000002,08-MAY-2026,31-MAR-2026,296113623.0,80
"First National Advisers, LLC",0001941030,0001172661-26-001630,08-MAY-2026,31-MAR-2026,683480347.0,239
BLAIR WILLIAM & CO/IL,0000902367,0001104659-26-057897,08-MAY-2026,31-MAR-2026,34895892190.0,1922
Helikon Investments Ltd,0001839497,0001839497-26-000002,08-MAY-2026,31-MAR-2026,2648555113.0,17
"WEALTHEDGE INVESTMENT ADVISORS, LLC",0002058455,0002058455-26-000002,08-MAY-2026,31-MAR-2026,272211644.0,141
"WILLIAM BLAIR INVESTMENT MANAGEMENT, LLC",0001644956,0001644956-26-000021,08-MAY-2026,31-MAR-2026,30260249668.0,413
Penn Mutual Asset Management,0000855702,0001193125-26-214271,08-MAY-2026,31-MAR-2026,19519771.0,9
Elevation Advisory Partners LLC,0002124354,0001986152-26-000073,08-MAY-2026,31-MAR-2026,107135020.0,97
Dash Acquisitions Inc.,0001745885,0001986152-26-000076,08-MAY-2026,31-MAR-2026,480228228.0,68
Wallace Hart LLC,0002018963,0001398344-26-008793,08-MAY-2026,31-MAR-2026,72580434.0,34
"CSP Financial Group, LLC",0002111080,0002111080-26-000001,08-MAY-2026,31-MAR-2026,97679190.0,20
"QUANTIFY CHAOS ADVISORS, LLC",0002107086,0002107086-26-000002,08-MAY-2026,31-MAR-2026,32063483.0,45
RV Capital AG,0001766596,0001766596-26-000005,11-MAY-2026,31-MAR-2026,382628512.0,13
Municipal Employees' Retirement System of Michigan,0001588873,0001588873-26-000003,11-MAY-2026,31-MAR-2026,8807064.0,28
UniSuper Management Pty Ltd,0001989400,0001104659-26-058166,11-MAY-2026,31-MAR-2026,15288681953.0,664
STEVENS CAPITAL MANAGEMENT LP,0001134813,0001134813-26-000003,11-MAY-2026,31-MAR-2026,649167.0,222
Elo Mutual Pension Insurance Co,0001739877,0001739877-26-000002,11-MAY-2026,31-MAR-2026,6064829293.0,581
MUFG SECURITIES AMERICAS INC.,0000867626,0000867626-26-000014,11-MAY-2026,31-MAR-2026,1552452831.0,504
Vitruvian Partners LLP,0001692590,0001420506-26-000881,11-MAY-2026,31-MAR-2026,111848927.0,7
Expressive Wealth LLC,0002026980,0002026980-26-000002,11-MAY-2026,31-MAR-2026,104905136.0,130
"Meridian Wealth Advisors, LLC",0001768095,0001951757-26-000818,11-MAY-2026,31-MAR-2026,756365649.0,202
BERKSHIRE ASSET MANAGEMENT LLC/PA,0000949012,0001398344-26-008838,11-MAY-2026,31-MAR-2026,2332089484.0,264
CINCINNATI FINANCIAL CORP,0000020286,0001104659-26-058367,11-MAY-2026,31-MAR-2026,4963602014.0,55
STEINBERG ASSET MANAGEMENT LLC,0001169883,0001398344-26-008836,11-MAY-2026,31-MAR-2026,154442154.0,40
Retirement Solution LLC,0001914606,0001914606-26-000005,11-MAY-2026,31-MAR-2026,422767090.0,57
MITSUBISHI UFJ FINANCIAL GROUP INC,0000067088,0001193125-26-215602,11-MAY-2026,31-MAR-2026,62056905933.0,1
Kidder Stephen W,0001314377,0001314377-26-000007,11-MAY-2026,31-MAR-2026,340134167.0,76
"GREENLEA LANE CAPITAL MANAGEMENT, LLC",0001766504,0001420506-26-000887,11-MAY-2026,31-MAR-2026,344294052.0,9
Tranquilli Financial Advisor LLC,0001847769,0001214659-26-005880,11-MAY-2026,31-MAR-2026,171243563.0,132
Amitell Capital Pte Ltd,0001807559,0001807559-26-000003,11-MAY-2026,31-MAR-2026,62377167.0,14
"Payne Capital Management, LLC",0001994332,0001994332-26-000002,11-MAY-2026,31-MAR-2026,330151678.0,78
Knights of Columbus Asset Advisors LLC,0001688666,0001688666-26-000003,11-MAY-2026,31-MAR-2026,1770266447.0,397
"Foundations Investment Advisors, LLC",0001743404,0001743404-26-000005,11-MAY-2026,31-MAR-2026,8058320953.0,1153
"CSU Producer Resources, Inc.",0001534469,0001104659-26-058365,11-MAY-2026,31-MAR-2026,34890866.0,23
"Atlas Legacy Advisors, LLC",0002054111,0002054111-26-000003,11-MAY-2026,31-MAR-2026,547317381.0,189
"TAGStone Capital, Inc.",0001903044,0001903044-26-000002,11-MAY-2026,31-MAR-2026,282816184.0,137
"SUMMIT WEALTH & RETIREMENT PLANNING, INC.",0001766995,0001766995-26-000003,11-MAY-2026,31-MAR-2026,419085912.0,108
"Troutman Wealth Management, LLC",0002110807,0002110807-26-000002,11-MAY-2026,31-MAR-2026,119921105.0,36
NORGES BANK,0001374170,0001374170-26-000023,11-MAY-2026,31-MAR-2026,0.0,1
ALTA CAPITAL MANAGEMENT LLC/,0001093589,0001093589-26-000004,11-MAY-2026,31-MAR-2026,1291357697.0,100
"NLB Skladi, upravljanje premozenja, d.o.o.",0002110897,0002110897-26-000018,11-MAY-2026,31-MAR-2026,2085748492.0,335
Lind Value II ApS,0001891185,0001891185-26-000003,11-MAY-2026,31-MAR-2026,450827755.0,8
Montanaro Asset Management Ltd,0001831133,0001831133-26-000002,11-MAY-2026,31-MAR-2026,334351877.0,42
Accuvest Global Advisors,0001497637,0001754960-26-000372,11-MAY-2026,31-MAR-2026,107229000.0,57
CINCINNATI INDEMNITY CO,0001279886,0001104659-26-058361,11-MAY-2026,31-MAR-2026,40253781.0,11
"HUSSMAN STRATEGIC ADVISORS, INC.",0001179475,0001398344-26-008833,11-MAY-2026,31-MAR-2026,462546143.0,268
Universal- Beteiligungs- und Servicegesellschaft mbH,0002057170,0002057170-26-000020,11-MAY-2026,31-MAR-2026,58118190900.0,2062
Atle Fund Management AB,0001381843,0001381843-26-000004,11-MAY-2026,31-MAR-2026,309685250.0,39
"Accent Capital Management, LLC",0002014179,0002014179-26-000002,11-MAY-2026,31-MAR-2026,104905136.0,130
"Windle Wealth, LLC",0001963452,0001963452-26-000003,11-MAY-2026,31-MAR-2026,236661335.0,32
SCRATCH CAPITAL LLC,0002055324,0001420506-26-000915,11-MAY-2026,31-MAR-2026,174627227.0,45
"Jasper Ridge Partners, L.P.",0001453381,0001453381-26-000007,11-MAY-2026,31-MAR-2026,4493704924.0,143
"REBALANCE, LLC",0001811052,0001811052-26-000006,11-MAY-2026,31-MAR-2026,1722334351.0,101
"Cornerstone Planning, LLC",0001802105,0002063364-26-000151,11-MAY-2026,31-MAR-2026,442992394.0,141
NOMURA ASSET MANAGEMENT CO LTD,0001055964,0001140361-26-020420,11-MAY-2026,31-MAR-2026,38773413242.0,1730
Ciovacco Capital Management LLC,0001653012,0001653012-26-000002,11-MAY-2026,31-MAR-2026,171503010.0,28
Empower Annuity Insurance Co,0001444597,0001444597-26-000004,11-MAY-2026,31-MAR-2026,267772082.0,1
"Sidoxia Capital Management, LLC",0002132534,0002085853-26-000580,11-MAY-2026,31-MAR-2026,115829073.0,83
"Kondo Wealth Advisors, Inc.",0002070929,0001172661-26-001652,11-MAY-2026,31-MAR-2026,265609822.0,69
ATLAS CAPITAL ADVISORS INC.,0001434165,0001434165-26-000003,11-MAY-2026,31-MAR-2026,874625603.0,988
WALTER & KEENAN WEALTH MANAGEMENT LLC /IN/ /ADV,0000752365,0000752365-26-000003,11-MAY-2026,31-MAR-2026,355242141.0,156
"Chaney Capital Management, Inc.",0002012041,0002012041-26-000004,11-MAY-2026,31-MAR-2026,283662951.0,41
Accordant Advisory Group Inc,0002013499,0002013499-26-000002,11-MAY-2026,31-MAR-2026,161406239.0,238
"Caitong International Asset Management Co., Ltd",0001963355,0001628280-26-033233,11-MAY-2026,31-MAR-2026,540960840.0,2563
"CFO4Life Group, LLC",0001706351,0001765380-26-000199,11-MAY-2026,31-MAR-2026,655982518.0,210
"Bell & Brown Wealth Advisors, LLC",0001725362,0001725362-26-000004,11-MAY-2026,31-MAR-2026,308292498.0,68
"TRAVELERS COMPANIES, INC.",0000086312,0001104659-26-058662,11-MAY-2026,31-MAR-2026,126753190.0,1
UNITED BANK,0001286478,0001286478-26-000004,11-MAY-2026,31-MAR-2026,780806122.0,121
"WBI INVESTMENTS, LLC",0001397424,0001397424-26-000003,11-MAY-2026,31-MAR-2026,362367593.0,275
"Scheer, Rowlett & Associates Investment Management Ltd.",0001426327,0001426327-26-000003,11-MAY-2026,31-MAR-2026,1390491657.0,33
"Ironsides Asset Advisors, LLC",0001615135,0001615135-26-000002,11-MAY-2026,31-MAR-2026,398711341.0,80
Contrarius Group Holdings Ltd,0002054801,0001999371-26-010459,11-MAY-2026,31-MAR-2026,1765835231.0,39
"United Capital Management of KS, Inc.",0001753219,0001941040-26-000312,11-MAY-2026,31-MAR-2026,659584018.0,110
Rock Creek Group LLC,0001484067,0001193125-26-216487,11-MAY-2026,31-MAR-2026,987711562.0,56
"Pacific Ridge Capital Partners, LLC",0001591546,0001591546-26-000007,11-MAY-2026,31-MAR-2026,461835410.0,137
"Reliant Investment Partners, LLC",0002069207,0002063364-26-000153,11-MAY-2026,31-MAR-2026,120723462.0,113
"INTEGRITY ALLIANCE, LLC.",0001352260,0001172661-26-001649,11-MAY-2026,31-MAR-2026,2627050305.0,739
"Carbahal Olsen Financial Services Group, LLC",0002052538,0002052538-26-000004,11-MAY-2026,31-MAR-2026,125100077.0,37
"ADAPT WEALTH ADVISORS, LLC",0002013937,0001765380-26-000197,11-MAY-2026,31-MAR-2026,276081326.0,106
Employees' Retirement Fund of the City of Fort Worth,0001986812,0001986812-26-000003,11-MAY-2026,31-MAR-2026,230425537.0,21
Income Insurance Ltd,2022801,0002130287-26-000002,11-MAY-2026,31-MAR-2026,147069980.0,164
"BETO FINANCIAL GROUP, LLC",0002104828,0001986152-26-000080,11-MAY-2026,31-MAR-2026,170860304.0,152
"H&F Corporate Investors VIII, Ltd.",0001767563,0001193125-26-217058,11-MAY-2026,31-MAR-2026,63527600.0,1
Arnhold LLC,0001733755,0001172661-26-001648,11-MAY-2026,31-MAR-2026,1361723973.0,118
"Elequin Capital, LP",0001810873,0001420506-26-000905,11-MAY-2026,31-MAR-2026,1092429086.0,616
"Integrity Advisory Solutions, LLC",0002057931,0001172661-26-001650,11-MAY-2026,31-MAR-2026,757072655.0,293
William Marsh Rice University,0001674705,0001062993-26-002455,11-MAY-2026,31-MAR-2026,220626668.0,2
MUFG Securities EMEA plc,0001597694,0001597694-26-000011,11-MAY-2026,31-MAR-2026,6702737093.0,551
Shepherd Financial Partners LLC,0001696628,0001696628-26-000002,11-MAY-2026,31-MAR-2026,1054156048.0,240
Garton & Associates Financial Advisors LLC,0002109857,0002109857-26-000002,11-MAY-2026,31-MAR-2026,122232919.0,123
"Strengthening Families & Communities, LLC",0001921196,0001921196-26-000003,11-MAY-2026,31-MAR-2026,400818882.0,589
Four Tree Island Advisory LLC,0002048142,0002048142-26-000002,11-MAY-2026,31-MAR-2026,198165912.0,23
"SageOak Financial, LLC",0002055829,0002055829-26-000003,11-MAY-2026,31-MAR-2026,141616096.0,34
"OpenArc Corporate Advisory, LLC",0002111345,0002111345-26-000002,11-MAY-2026,31-MAR-2026,6984415648.0,716
Optimist Retirement Group LLC,0002011850,0002011850-26-000002,11-MAY-2026,31-MAR-2026,226736165.0,113
"GREAT VALLEY ADVISOR GROUP, INC.",0001769897,0001769897-26-000002,11-MAY-2026,31-MAR-2026,5502885958.0,999
"Sargent Investment Group, LLC",0001766157,0001765380-26-000194,11-MAY-2026,31-MAR-2026,758881162.0,266
ALLSTATE CORP,0000899051,0001140361-26-020569,11-MAY-2026,31-MAR-2026,9352032842.0,1124
"Momentous Wealth Management, Inc.",0002055574,0002073679-26-000051,11-MAY-2026,31-MAR-2026,175003338.0,41
Stillwater Wealth Management Group,0002063941,0002063941-26-000002,11-MAY-2026,31-MAR-2026,161776975.0,77
WHITE PINE CAPITAL LLC,0001137429,0001137429-26-000002,11-MAY-2026,31-MAR-2026,355231268.0,228
WRAPMANAGER INC,0001266014,0001266014-26-000002,11-MAY-2026,31-MAR-2026,287855284.0,135
NKCFO LLC,0001757282,0001757282-26-000004,11-MAY-2026,31-MAR-2026,337395.0,106
Ducere Wealth Management LLC,0002083656,0002083656-26-000004,11-MAY-2026,31-MAR-2026,251458783.0,126
"Semanteon Capital Management, LP",0001738809,0001738809-26-000003,11-MAY-2026,31-MAR-2026,7450386.0,42
"Fourth Dimension Wealth, LLC",0002056691,0002056691-26-000002,11-MAY-2026,31-MAR-2026,263712075.0,596
Fideuram Asset Management (Ireland) dac,0002109923,0002109923-26-000002,11-MAY-2026,31-MAR-2026,786665018.0,445
"Fairway Financial, LLC",0001921009,0001921009-26-000003,11-MAY-2026,31-MAR-2026,131517666.0,23
Sava Infond d.o.o.,0002055882,0002055882-26-000003,11-MAY-2026,31-MAR-2026,704725947.0,230
"Caprock Group, LLC",0001610769,0001610769-26-000002,11-MAY-2026,31-MAR-2026,4119917569.0,1109
"OBSIDIAN CIO, LLC",0001843581,0001843581-26-000004,11-MAY-2026,31-MAR-2026,111442776.0,215
"Fairscale Capital, LLC",0002032350,0002032350-26-000002,11-MAY-2026,31-MAR-2026,144606393.0,437
"LONGVIEW ASSET MANAGEMENT, LLC",0001086477,0001193125-26-216063,11-MAY-2026,31-MAR-2026,9562474071.0,3
SYCOMORE ASSET MANAGEMENT,0001728681,0001728681-26-000003,11-MAY-2026,31-MAR-2026,717995.0,73
"McGowan Group Asset Management, Inc.",0001633227,0001765380-26-000196,11-MAY-2026,31-MAR-2026,785124795.0,152
First Affirmative Financial Network,0001656282,0001656282-26-000005,11-MAY-2026,31-MAR-2026,257748066.0,325
Elevated Financial Group LLC,0002063915,0002063915-26-000004,11-MAY-2026,31-MAR-2026,301562309.0,133
"MARK SHEPTOFF FINANCIAL PLANNING, LLC",0001607355,0001214659-26-005887,11-MAY-2026,31-MAR-2026,188910816.0,510
"REVERENCE CAPITAL PARTNERS, L.P.",0001907530,0001172661-26-001660,11-MAY-2026,31-MAR-2026,473871258.0,1
"High Note Wealth, LLC",0001807283,0001807283-26-000004,11-MAY-2026,31-MAR-2026,508810143.0,937
"Portfolio Design Labs, LLC",0002010278,0002010278-26-000003,11-MAY-2026,31-MAR-2026,562312756.0,232
"Legacy Edge Advisors, LLC",0002105396,0002105396-26-000002,11-MAY-2026,31-MAR-2026,951362371.0,223
"Emerald Investment Advisers, LLC",0002127823,0001104659-26-058459,11-MAY-2026,31-MAR-2026,1111739795.0,251
"Haverford Financial Services, Inc.",0001347683,0001104659-26-058495,11-MAY-2026,31-MAR-2026,335608270.0,46
LCNB CORP,0001074902,0001074902-26-000002,11-MAY-2026,31-MAR-2026,297482119.0,186
Elite Life Management LLC,0002010262,0002010262-26-000002,11-MAY-2026,31-MAR-2026,79854735.0,56
MIZUHO SECURITIES USA LLC,0000812291,0001062993-26-002466,11-MAY-2026,31-MAR-2026,4243414289.0,689
Sage Mountain Advisors LLC,0001832274,0001398344-26-008901,11-MAY-2026,31-MAR-2026,1428885490.0,281
BankPlus Trust Department,0002047270,0002047270-26-000002,11-MAY-2026,31-MAR-2026,374304556.0,466
 ANDERA PARTNERS,0001757283,0001757283-26-000012,11-MAY-2026,31-MAR-2026,176916075.0,7
"TRILLIUM ASSET MANAGEMENT, LLC",0000884541,0000884541-26-000003,11-MAY-2026,31-MAR-2026,3013912484.0,230
"Miramar Capital, LLC",0001767812,0001767812-26-000002,11-MAY-2026,31-MAR-2026,449205306.0,56
EVERETT HARRIS & CO /CA/,0001009254,0001009254-26-000003,11-MAY-2026,31-MAR-2026,7767096896.0,323
SCS Capital Management LLC,0001303159,0001303159-26-000002,11-MAY-2026,31-MAR-2026,9440131163.0,468
Alamea Verwaltungs GmbH,0001727645,0001420506-26-000913,11-MAY-2026,31-MAR-2026,134972220.0,82
"CERTUITY, LLC",0001800752,0001800752-26-000001,11-MAY-2026,31-MAR-2026,1524590339.0,656
TD Capital Management LLC,0001483824,0001483824-26-000003,11-MAY-2026,31-MAR-2026,1111816008.0,853
ONTARIO TEACHERS PENSION PLAN BOARD,0000937567,0001999371-26-010473,11-MAY-2026,31-MAR-2026,3431883776.0,157
Global Alpha Capital Management Ltd.,0001584691,0001584691-26-000006,11-MAY-2026,31-MAR-2026,1662346497.0,54
"Canopy Partners, LLC",0001960860,0001960860-26-000002,11-MAY-2026,31-MAR-2026,291472291.0,245
CINCINNATI INSURANCE CO,0001279885,0001104659-26-058360,11-MAY-2026,31-MAR-2026,6617566557.0,63
Walleye Trading LLC,0001388391,0001388391-26-000004,11-MAY-2026,31-MAR-2026,4858024760.0,1003
"BAILARD, INC.",0000750641,0001172661-26-001642,11-MAY-2026,31-MAR-2026,4350155320.0,736
Mountain Capital Investment Advisors Inc.,0001714506,0001951757-26-000819,11-MAY-2026,31-MAR-2026,673906768.0,88
"COFG Advisors, LLC",0002104330,0001951757-26-000816,11-MAY-2026,31-MAR-2026,404413242.0,241
Clarendon Private LLC,0001961628,0001951757-26-000817,11-MAY-2026,31-MAR-2026,130188643.0,119
E-L Financial Corp Ltd,0001697865,0001213900-26-054324,11-MAY-2026,31-MAR-2026,1036868284.0,1
Gulf International Bank (UK) Ltd,0001598697,0001598697-26-000004,11-MAY-2026,31-MAR-2026,4469362.0,589
Charles Schwab Trust Bank,0001776551,0001776551-26-000003,11-MAY-2026,31-MAR-2026,63347819.0,1
LYRICAL ASSET MANAGEMENT LP,0001542302,0001062993-26-002457,11-MAY-2026,31-MAR-2026,6555978097.0,39
KALEIDOSCOPE CAPITAL LP,0001702912,0001062993-26-002451,11-MAY-2026,31-MAR-2026,259699946.0,15
"Biltmore Family Office, LLC",0001731123,0001398344-26-008905,11-MAY-2026,31-MAR-2026,715521993.0,325
Spark Investment Management LLC,0001554871,0000899140-26-000429,11-MAY-2026,31-MAR-2026,41601640.0,28
"Fiduciary Group, LLC",0001645890,0001645890-26-000002,11-MAY-2026,31-MAR-2026,1170877621.0,295
TD Asset Management Inc,0001056053,0001193125-26-217078,11-MAY-2026,31-MAR-2026,123246079294.0,1230
"Beacon Capital Management, LLC",0001921487,0001921487-26-000002,11-MAY-2026,31-MAR-2026,566708214.0,166
LM Asset Management Inc.,0002057190,0000935836-26-000236,11-MAY-2026,31-MAR-2026,165829067.0,9
"GFS Advisors, LLC",0001427263,0001427263-26-000004,11-MAY-2026,31-MAR-2026,784681342.0,160
"New Age Alpha Advisors, LLC",0001764807,0001764807-26-000005,11-MAY-2026,31-MAR-2026,2138054603.0,757
"Destiny Wealth Partners, LLC",0001844369,0001844369-26-000004,11-MAY-2026,31-MAR-2026,914429404.0,1148
KPS Global Asset Management UK Ltd,0001799162,0001172661-26-001658,11-MAY-2026,31-MAR-2026,618771272.0,4
Rinkey Investments,0001730774,0001172661-26-001645,11-MAY-2026,31-MAR-2026,390965434.0,125
Bass Edward P,0001705622,0000897423-26-000069,11-MAY-2026,31-MAR-2026,0.0,1
CASTLEKEEP INVESTMENT ADVISORS LLC,0001404780,0002085853-26-000582,11-MAY-2026,31-MAR-2026,184387495.0,66
"DAYMARK WEALTH PARTNERS, LLC",0001956824,0001956824-26-000002,11-MAY-2026,31-MAR-2026,3179678652.0,739
AMERICAN ASSETS INC,0000885118,0000885118-26-000004,11-MAY-2026,31-MAR-2026,298483447.0,30
"Tarsadia Capital, LLC",0001777371,0001140361-26-020463,11-MAY-2026,31-MAR-2026,0.0,1
MCF Advisors LLC,0001602905,0001602905-26-000004,11-MAY-2026,31-MAR-2026,2281792003.0,1338
"1015 Capital Partners, LLC",0002133991,0002133991-26-000002,11-MAY-2026,31-MAR-2026,102857262.0,597
Krane Funds Advisors LLC,0001536592,0001536592-26-000003,11-MAY-2026,31-MAR-2026,2435338005.0,173
"Estate Planners Group, LLC",0002118977,0002118977-26-000002,11-MAY-2026,31-MAR-2026,208110142.0,73
COMMERCE BANK,0001009076,0001009076-26-000006,11-MAY-2026,31-MAR-2026,20653949912.0,1310
LGT CAPITAL PARTNERS LTD.,0001641992,0001062993-26-002469,11-MAY-2026,31-MAR-2026,1882601765.0,38
Manchester Capital Management LLC,0001393389,0001393389-26-000002,11-MAY-2026,31-MAR-2026,694281142.0,1306
McCartney Wealth Management LLC,0002110693,0002110693-26-000002,11-MAY-2026,31-MAR-2026,118781956.0,65
"Vulcan Value Partners, LLC",0001556785,0001556785-26-000008,11-MAY-2026,31-MAR-2026,3772296111.0,33
"Hamrick Investment Counsel, llc",0002126147,0002126147-26-000002,11-MAY-2026,31-MAR-2026,180498778.0,359
"Palacios Wealth Management, LLC",0002053829,0001705819-26-000037,11-MAY-2026,31-MAR-2026,159822951.0,75
LSV ASSET MANAGEMENT,0001050470,0001050470-26-000004,11-MAY-2026,31-MAR-2026,46404648.0,883
"Investments & Financial Planning, LLC",0001909307,0001909307-26-000005,11-MAY-2026,31-MAR-2026,183684675.0,36
"BISLETT MANAGEMENT, LLC",0001425041,0000935836-26-000235,11-MAY-2026,31-MAR-2026,129630077.0,18
KAYNE ANDERSON CAPITAL ADVISORS LP,0000949615,0001140361-26-020445,11-MAY-2026,31-MAR-2026,5216496852.0,48
"National Wealth Management Group, LLC",0001977723,0001977723-26-000002,11-MAY-2026,31-MAR-2026,268510661.0,215
"Ponta Wealth Partners, LLC",0002107740,0002107740-26-000003,11-MAY-2026,31-MAR-2026,124439040.0,138
"Loudon Investment Management, LLC",0001597089,0001597089-26-000006,11-MAY-2026,31-MAR-2026,185791164.0,95
MITCHELL CAPITAL MANAGEMENT CO,0001080351,0001080351-26-000004,11-MAY-2026,31-MAR-2026,544983687.0,113
"WFA of San Diego, LLC",0001821407,0001821407-26-000003,11-MAY-2026,31-MAR-2026,124624545.0,404
Boston Partners,0001386060,0001386060-26-000017,11-MAY-2026,31-MAR-2026,95466692778.0,767
GLOBE LIFE INC.,0000320335,0000320335-26-000171,11-MAY-2026,31-MAR-2026,380804548.0,2
"H&F Corporate Investors IX, Ltd.",0001767564,0001193125-26-217063,11-MAY-2026,31-MAR-2026,65169036.0,1
"Heritage Wealth Management, Inc. /CA/",0002012170,0001420506-26-000911,11-MAY-2026,31-MAR-2026,179234787.0,93
Fairfield University,0001717825,0001214659-26-005902,11-MAY-2026,31-MAR-2026,199594329.0,4
"POM Investment Strategies, LLC",0001906322,0001906322-26-000002,11-MAY-2026,31-MAR-2026,80495369.0,433
Catawba River Capital,0001843303,0001843303-26-000002,11-MAY-2026,31-MAR-2026,208004253.0,24
CHILTON CAPITAL MANAGEMENT LLC,0001056859,0001056859-26-000002,11-MAY-2026,31-MAR-2026,2867553509.0,657
Stonebrook Private Inc.,0002008738,0001765380-26-000202,11-MAY-2026,31-MAR-2026,469572472.0,225
"ELEVATE WEALTH ADVISORY, INC",0002011651,0001398344-26-008876,11-MAY-2026,31-MAR-2026,158420899.0,125
"Founders Financial Alliance, LLC",0001832190,0001398344-26-008920,11-MAY-2026,31-MAR-2026,554890056.0,735
WealthTrust Axiom LLC,0001425949,0001425949-26-000005,11-MAY-2026,31-MAR-2026,406427133.0,290
NatWest Group plc,0000844150,0000844150-26-000004,11-MAY-2026,31-MAR-2026,462233413.0,44
EUBEL BRADY & SUTTMAN ASSET MANAGEMENT INC,0001080382,0001080382-26-000005,11-MAY-2026,31-MAR-2026,845125.0,113
Arrow Financial Corp,0000717538,0000717538-26-000062,11-MAY-2026,31-MAR-2026,994008270.0,157
"Pinnacle Wealth Planning Services, Inc.",0001726752,0001726752-26-000003,11-MAY-2026,31-MAR-2026,968023241.0,2737
CLARK ESTATES INC/NY,0001056466,0001056466-26-000004,11-MAY-2026,31-MAR-2026,416205017.0,97
"Jackson Wealth Management, LLC",0001536799,0001536799-26-000002,11-MAY-2026,31-MAR-2026,972100000.0,148
"MUFG SECURITIES (CANADA), LTD.",0001656187,0001656187-26-000002,11-MAY-2026,31-MAR-2026,3477444816.0,43
Coleford Investment Management Ltd.,0001939136,0001062993-26-002471,11-MAY-2026,31-MAR-2026,407758097.0,24
"Exit Wealth Advisors, LLC.",0002082744,0001765380-26-000195,11-MAY-2026,31-MAR-2026,194166098.0,130
"Peak Retirement Planning, Inc.",0002056697,0002056697-26-000002,11-MAY-2026,31-MAR-2026,501485278.0,152
HALL CAPITAL MANAGEMENT CO INC,0001122490,0001122490-26-000002,11-MAY-2026,31-MAR-2026,279793928.0,107
"Bull Oak Capital, LLC",0001824263,0001824263-26-000003,11-MAY-2026,31-MAR-2026,260180472.0,38
"Guardian Capital, LLC",0002083963,0002083963-26-000005,11-MAY-2026,31-MAR-2026,104523648.0,81
"Salomon & Ludwin, LLC",0001766156,0001766156-26-000003,11-MAY-2026,31-MAR-2026,1119710058.0,2097
"Sustainable Growth Advisers, LP",0001290668,0001290668-26-000002,11-MAY-2026,31-MAR-2026,10622216645.0,51
PRIMECAP MANAGEMENT CO/CA/,0000763212,0000763212-26-000016,11-MAY-2026,31-MAR-2026,127010591624.0,320
WESTCO ADVISORY SERVICES INC /ADV,0000946310,0002085853-26-000578,11-MAY-2026,31-MAR-2026,155511790.0,104
SAVA PENZISKO DRUSHTVO A.D. SKOPJE,0002094371,0002094371-26-000004,11-MAY-2026,31-MAR-2026,327474284.0,26
F/m Investments LLC,0001834499,0001834499-26-000004,11-MAY-2026,31-MAR-2026,1506407087.0,333
ENDEAVOUR CAPITAL ADVISORS INC,0001218749,0002060757-26-000027,11-MAY-2026,31-MAR-2026,441035450.0,37
"Wealth Management Strategies, Inc.",0002057285,0002057285-26-000003,11-MAY-2026,31-MAR-2026,221014676.0,40
"Madden Advisory Services, Inc.",0001542284,0001172661-26-001651,11-MAY-2026,31-MAR-2026,253854927.0,108
L & S Advisors Inc,0001392364,0001104659-26-058399,11-MAY-2026,31-MAR-2026,794873341.0,233
Waratah Capital Advisors Ltd.,0001539919,0002060757-26-000028,11-MAY-2026,31-MAR-2026,1116507416.0,98
"Financial Perspectives, Inc",0002003287,0002003287-26-000002,11-MAY-2026,31-MAR-2026,358203823.0,716
Treasure Coast Financial Planning,0001911307,0001911307-26-000003,11-MAY-2026,31-MAR-2026,194272878.0,48
"REAP Financial Group, LLC",0002048581,0002048581-26-000002,11-MAY-2026,31-MAR-2026,506700429.0,533
"American Money Management, LLC",0001600085,0001162044-26-000436,11-MAY-2026,31-MAR-2026,631907928.0,168
Genoa Capital Gestora de Recursos Ltda.,0002064813,0002064813-26-000003,11-MAY-2026,31-MAR-2026,118149644.0,8
North Ground Capital,0002055446,0001420506-26-000890,11-MAY-2026,31-MAR-2026,83011872.0,40
Penserra Capital Management LLC,0001593324,0001593324-26-000004,11-MAY-2026,31-MAR-2026,8523218.0,1095
MAKENA CAPITAL MANAGEMENT LLC,0001359262,0001359262-26-000004,11-MAY-2026,31-MAR-2026,866074070.0,27
International City Management Association Retirement Corp,0001691813,0001691813-26-000010,11-MAY-2026,31-MAR-2026,195210254.0,6
Mirova US LLC,0001802900,0001172661-26-001659,11-MAY-2026,31-MAR-2026,8812194632.0,42
Wellesley Asset Management,0001533551,0001533551-26-000003,11-MAY-2026,31-MAR-2026,952526299.0,54
Graticule Asia Macro Advisors LLC,0001619390,0001619390-26-000002,11-MAY-2026,31-MAR-2026,648677405.0,2
ICICI Prudential Asset Management Co Ltd,0001697850,0001697850-26-000002,11-MAY-2026,31-MAR-2026,832558071.0,155
"Hedeker Wealth, LLC",0001633910,0001172661-26-001655,11-MAY-2026,31-MAR-2026,473734289.0,87
PCA Investment Advisory Services Inc.,0001977044,0001977044-26-000002,11-MAY-2026,31-MAR-2026,299701063.0,57
"Lalia Capital, LLC",0002106818,0002106818-26-000003,11-MAY-2026,31-MAR-2026,158272017.0,13
"Linscomb Wealth, Inc.",0001313294,0001172661-26-001653,11-MAY-2026,31-MAR-2026,2246861861.0,335
CIGNA INVESTMENTS INC /NEW,0000049969,0000049969-26-000004,11-MAY-2026,31-MAR-2026,643346.0,455
SCHULHOFF & CO INC,0001080197,0001193125-26-216541,11-MAY-2026,31-MAR-2026,243136712.0,132
VANTAGEPOINT INVESTMENT ADVISERS LLC,0001087912,0001087912-26-000004,11-MAY-2026,31-MAR-2026,11803962270.0,55
"PRUDENT INVESTORS NETWORK, INC.",0001766005,0001986152-26-000081,11-MAY-2026,31-MAR-2026,459225128.0,74
"O'Neil Global Advisors, Inc.",0001861159,0001861159-26-000002,11-MAY-2026,31-MAR-2026,14433209.0,12
"Glaxis Capital Management, LLC",0001542161,0001542161-26-000002,11-MAY-2026,31-MAR-2026,79927031.0,41
"American Assets Investment Management, LLC",0001389256,0001389256-26-000005,11-MAY-2026,31-MAR-2026,1473627093.0,146
"Connor, Clark & Lunn Investment Management Ltd.",0001596800,0001596800-26-000007,11-MAY-2026,31-MAR-2026,43404014372.0,1526
Portland Global Advisors LLC,0001504941,0001504941-26-000003,11-MAY-2026,31-MAR-2026,938131065.0,146
NS Partners Ltd,0001657111,0001657111-26-000003,11-MAY-2026,31-MAR-2026,2233620839.0,71
"MSRH, LLC",0002122489,0002071844-26-000497,11-MAY-2026,31-MAR-2026,112888759.0,29
FIRST NATIONAL BANK OF OMAHA,0000036644,0000036644-26-000004,11-MAY-2026,31-MAR-2026,3238894355.0,497
CONDOR CAPITAL MANAGEMENT,0001082491,0001082491-26-000002,11-MAY-2026,31-MAR-2026,1196845583.0,174
CITIGROUP INC,0000831001,0000831001-26-000022,11-MAY-2026,31-MAR-2026,157144126246.0,5096
"Timmons Wealth Management, LLC",0002110045,0002110045-26-000002,11-MAY-2026,31-MAR-2026,105517122.0,73
"China-UAE Investment Cooperation Fund, L.P.",0002106200,0001999371-26-010471,11-MAY-2026,31-MAR-2026,62858637.0,1
WESTFIELD CAPITAL MANAGEMENT CO LP,0001177719,0001177719-26-000018,11-MAY-2026,31-MAR-2026,23834799485.0,250
Running Oak Capital LLC,0001803994,0001803994-26-000002,11-MAY-2026,31-MAR-2026,740609548.0,55
"WADDELL & ASSOCIATES, LLC",0001776757,0001765380-26-000203,11-MAY-2026,31-MAR-2026,1772379492.0,449
"RAHLFS CAPITAL, LLC",0002056410,0002056410-26-000002,11-MAY-2026,31-MAR-2026,136105016.0,86
"RiverFront Investment Group, LLC",0001469751,0001469751-26-000004,11-MAY-2026,31-MAR-2026,6464427240.0,384
"Oxford Wealth Group, LLC",0002007082,0001765380-26-000201,11-MAY-2026,31-MAR-2026,183059489.0,88
111 Capital,0002060412,0002080880-26-000011,11-MAY-2026,31-MAR-2026,405901506.0,328
"Richmond Brothers, Inc.",0001540462,0001540462-26-000002,11-MAY-2026,31-MAR-2026,150169984.0,36
"Sherwood Financial Partners, LLC",0002056427,0002056427-26-000002,11-MAY-2026,31-MAR-2026,113099807.0,8
Declaration Partners LP,0002111350,0002111350-26-000001,11-MAY-2026,31-MAR-2026,21759055.0,1
"PharVision Advisers, LLC",0001898824,0001420506-26-000909,11-MAY-2026,31-MAR-2026,9855142.0,97
PECAUT & CO.,0001597200,0001398344-26-008869,11-MAY-2026,31-MAR-2026,307976995.0,66
"Lummis Asset Management, LP",0002011652,0002011652-26-000002,11-MAY-2026,31-MAR-2026,167293142.0,192
Monaco Asset Management SAM,0001803593,0001803593-26-000006,11-MAY-2026,31-MAR-2026,314674205.0,57
Skaana Management L.P.,0001860998,0001214659-26-005895,11-MAY-2026,31-MAR-2026,249464776.0,106
Drexel Morgan & Co.,0001508512,0001104659-26-058479,11-MAY-2026,31-MAR-2026,681842673.0,60
Ewing Morris & Co. Investment Partners Ltd.,0001846838,0001405086-26-000297,11-MAY-2026,31-MAR-2026,222067614.0,86
ICW Investment Advisors LLC,0001794820,0001172661-26-001646,11-MAY-2026,31-MAR-2026,276647554.0,147
"Valpey Financial Services, LLC",0002077991,0002077991-26-000005,11-MAY-2026,31-MAR-2026,153719310.0,75
"GenWealth Group, Inc.",0001713678,0001172661-26-001644,11-MAY-2026,31-MAR-2026,584489922.0,85
"Lionshead Wealth Management, LLC",0002056752,0001172661-26-001647,11-MAY-2026,31-MAR-2026,135735477.0,108
"FEDERATED HERMES, INC.",0001056288,0001623632-26-000680,11-MAY-2026,31-MAR-2026,61485227501.0,2049
Troy Asset Management Ltd,0001601407,0001601407-26-000003,11-MAY-2026,31-MAR-2026,3352171470.0,30
"Aptus Capital Advisors, LLC",0001664193,0001398344-26-008931,11-MAY-2026,31-MAR-2026,11891903146.0,1659
Blueprint Financial Advisors LLC,0002054129,0002054129-26-000002,11-MAY-2026,31-MAR-2026,674914069.0,100
"H&F Corporate Investors X, Ltd.",0001901930,0001193125-26-217059,11-MAY-2026,31-MAR-2026,3848070617.0,1
"Shoker Investment Counsel, Inc.",0001599623,0001420506-26-000919,11-MAY-2026,31-MAR-2026,336836300.0,109
Starr Indemnity & Liability Co,0001640521,0001140361-26-020619,11-MAY-2026,31-MAR-2026,393531861.0,4
"BROGAN FINANCIAL, INC.",0001889918,0001889918-26-000003,11-MAY-2026,31-MAR-2026,227363297.0,56
"ZEGA Investments, LLC",0002045703,0001172661-26-001641,11-MAY-2026,31-MAR-2026,528232122.0,190
Financial Symmetry Inc,0002004843,0002004843-26-000002,11-MAY-2026,31-MAR-2026,281471699.0,63
"Strategic Wealth Investment Group, LLC",0001802365,0001802365-26-000002,11-MAY-2026,31-MAR-2026,788060840.0,94
HBK Sorce Advisory LLC,0001379995,0001379995-26-000003,11-MAY-2026,31-MAR-2026,4900738674.0,642
PIER 88 INVESTMENT PARTNERS LLC,0001697366,0001104659-26-058467,11-MAY-2026,31-MAR-2026,401771256.0,112
"Eldridge Investment Advisors, Inc.",0001727993,0001727993-26-000004,11-MAY-2026,31-MAR-2026,456201907.0,154
"Montis Financial, LLC",0001844314,0001844314-26-000003,11-MAY-2026,31-MAR-2026,483506877.0,150
Westwood Wealth Management,0001861125,0001172661-26-001656,11-MAY-2026,31-MAR-2026,254820888.0,42
"Savvy Advisors, Inc.",0002003633,0002003633-26-000003,11-MAY-2026,31-MAR-2026,3727811291.0,1117
"KILNER CAPITAL ADVISORS, LLC",0002109522,0001725547-26-000174,11-MAY-2026,31-MAR-2026,104374223.0,18
"HOWARD WEALTH MANAGEMENT, LLC",0001766286,0001172661-26-001654,11-MAY-2026,31-MAR-2026,237574643.0,142
BASS LEE M /TX/,0000924920,0000897423-26-000071,11-MAY-2026,31-MAR-2026,0.0,1
Eddie Patel Inc,0002078760,0002078760-26-000002,11-MAY-2026,31-MAR-2026,130162997.0,95
Empire Life Investments Inc.,0001640951,0001213900-26-054518,11-MAY-2026,31-MAR-2026,1645928678.0,110
"Aprio Wealth Management, LLC",0001803519,0001398344-26-008933,11-MAY-2026,31-MAR-2026,1830937023.0,613
ESSEX INVESTMENT MANAGEMENT CO LLC,0000201772,0000201772-26-000004,11-MAY-2026,31-MAR-2026,631736853.0,305
"ROBINSON CAPITAL MANAGEMENT, LLC",0001599795,0001213900-26-054330,11-MAY-2026,31-MAR-2026,223415941.0,104
"Pathstone Holdings, LLC",0002011612,0002011612-26-000002,11-MAY-2026,31-MAR-2026,25135163817.0,2205
"Ashton Thomas Private Wealth, LLC",0002019663,0001398344-26-008859,11-MAY-2026,31-MAR-2026,4225043425.0,1502
PCJ Investment Counsel Ltd.,0001426318,0001426318-26-000004,11-MAY-2026,31-MAR-2026,352056573.0,59
"Plotkin Financial Advisors, LLC",0001826394,0001826394-26-000002,11-MAY-2026,31-MAR-2026,199108088.0,100
Allianz Asset Management GmbH,0001535323,0001193125-26-216255,11-MAY-2026,31-MAR-2026,86609701949.0,1504
Jordan Park Group LLC,0001707975,0001707975-26-000005,11-MAY-2026,31-MAR-2026,1878360278.0,69
"VIAWEALTH, LLC",0001965401,0001965401-26-000004,11-MAY-2026,31-MAR-2026,179653815.0,159
Knuff & Co LLC,0001768089,0001768089-26-000002,11-MAY-2026,31-MAR-2026,331858841.0,134
"Brand Asset Management Group, Inc.",0001748766,0001765380-26-000198,11-MAY-2026,31-MAR-2026,384549061.0,193
DELTA ASSET MANAGEMENT LLC/TN,0000860857,0000860857-26-000002,11-MAY-2026,31-MAR-2026,1096557444.0,596
"UMB Bank, n.a.",0000933429,0000933429-26-000030,11-MAY-2026,31-MAR-2026,7163050251.0,2284
"BLUE BELL PRIVATE WEALTH MANAGEMENT, LLC",0001352860,0001352860-26-000002,11-MAY-2026,31-MAR-2026,695645700.0,724
SEEDS INVESTOR LLC,0002021047,0002021047-26-000003,11-MAY-2026,31-MAR-2026,734719641.0,350
" REVOLUTION GROWTH MANAGEMENT COMPANY, INC.",0001816374,0001816374-26-000008,11-MAY-2026,31-MAR-2026,0.0,1
BASS SID R,0001242829,0000897423-26-000070,11-MAY-2026,31-MAR-2026,2529371.0,1
"Smith Partners Wealth Management, LLC",0002111036,0001398344-26-008891,11-MAY-2026,31-MAR-2026,111641525.0,76
"Tulsa Wealth Advisors, INC",0002114442,0001765380-26-000204,11-MAY-2026,31-MAR-2026,570366981.0,150
"Brooklyn FI, LLC",0001916123,0001916123-26-000001,11-MAY-2026,31-MAR-2026,475871458.0,78
denkapparat Operations GmbH,0001999514,0001999514-26-000002,11-MAY-2026,31-MAR-2026,241634358.0,333
"American Beacon Advisors, Inc.",0000908758,0000809593-26-000033,11-MAY-2026,31-MAR-2026,5079262.0,1
"Empirical Asset Management, LLC",0001926596,0001951757-26-000815,11-MAY-2026,31-MAR-2026,378173590.0,395
"Rossby Financial, LCC",0002056510,0002056510-26-000002,11-MAY-2026,31-MAR-2026,478676294.0,2257
Allianz SE,0001127508,0001193125-26-215742,11-MAY-2026,31-MAR-2026,9018479511.0,473
ING GROEP NV,0001039765,0001140361-26-020394,11-MAY-2026,31-MAR-2026,16353173985.0,503
Erste Asset Management GmbH,0002024532,0001398344-26-008840,11-MAY-2026,31-MAR-2026,10789892230.0,890
"MUFG BANK, LTD.",0000852743,0001193125-26-215603,11-MAY-2026,31-MAR-2026,3039597351.0,5
Phoenix Financial Ltd.,0001679543,0001178913-26-002511,11-MAY-2026,31-MAR-2026,10544869270.0,482
CINCINNATI CASUALTY CO,0001279888,0001104659-26-058359,11-MAY-2026,31-MAR-2026,191468202.0,24
Catalyst Funds Management Pty Ltd,0001896150,0001896150-26-000007,11-MAY-2026,31-MAR-2026,590612317.0,584
WELLS FARGO & COMPANY/MN,0000072971,0000072971-26-000261,11-MAY-2026,31-MAR-2026,501251068535.0,6741
"GR FINANCIAL GROUP, LLC",0002011751,0002011751-26-000006,11-MAY-2026,31-MAR-2026,301479861.0,22
FIDUCIENT ADVISORS LLC,0001729866,0001172661-26-001640,11-MAY-2026,31-MAR-2026,764985070.0,139
BECKER CAPITAL MANAGEMENT INC,0000799004,0001941040-26-000310,11-MAY-2026,31-MAR-2026,3402074160.0,298
First Financial Bankshares Inc,0000036029,0001193125-26-215873,11-MAY-2026,31-MAR-2026,4951122712.0,201
KING LUTHER CAPITAL MANAGEMENT CORP,0000310051,0001193125-26-215118,11-MAY-2026,31-MAR-2026,23147905365.0,601
MSH Capital Advisors LLC,0002056306,0001420506-26-000884,11-MAY-2026,31-MAR-2026,472488887.0,273
FARLEY CAPITAL L.P.,0001479465,0001104659-26-058300,11-MAY-2026,31-MAR-2026,123324256.0,18
Karnit Road Accident Victims Compensation Fund,0002110887,0001178913-26-002517,11-MAY-2026,31-MAR-2026,170417525.0,17
CADINHA & CO LLC,0000923469,0000923469-26-000003,11-MAY-2026,31-MAR-2026,536782504.0,103
THOMPSON SIEGEL & WALMSLEY LLC,0001008322,0001008322-26-000006,11-MAY-2026,31-MAR-2026,5660544.0,409
S-Bank Fund Management Ltd,0002036461,0002036461-26-000002,11-MAY-2026,31-MAR-2026,671216229.0,178
"Convergence Financial, LLC",0002034001,0002034001-26-000003,11-MAY-2026,31-MAR-2026,943133613.0,217
Parametrica Management Ltd,0001535110,0001535110-26-000004,11-MAY-2026,31-MAR-2026,87974122.0,20
IQ EQ FUND MANAGEMENT (IRELAND) Ltd,0001620943,0001213900-26-054425,11-MAY-2026,31-MAR-2026,1316944418.0,290
Dockside LLC,0002074563,0002074563-26-000002,11-MAY-2026,31-MAR-2026,0.0,0
Georgetown University,0001730469,0001062993-26-002460,11-MAY-2026,31-MAR-2026,220909119.0,11
"Northwest Quadrant Wealth Management, LLC",0001697767,0001697767-26-000002,11-MAY-2026,31-MAR-2026,481108075.0,67
"Crossmark Global Holdings, Inc.",0001539204,0001539204-26-000007,11-MAY-2026,31-MAR-2026,6769793413.0,1234
STONE POINT CAPITAL LLC,0001332638,0001193125-26-217038,11-MAY-2026,31-MAR-2026,21893457.0,1
Yunqi Capital Ltd,0001912273,0001912273-26-000002,11-MAY-2026,31-MAR-2026,92401451.0,4
Cincinnati Specialty Underwriters Insurance CO,0001426763,0001104659-26-058362,11-MAY-2026,31-MAR-2026,411648678.0,46
Glendon Capital Management LP,0001604350,0001604350-26-000013,11-MAY-2026,31-MAR-2026,805198519.0,25
EASTERLY INVESTMENT PARTNERS LLC,0001766150,0001214659-26-005875,11-MAY-2026,31-MAR-2026,1306941566.0,166
Partners in Financial Planning,0002054264,0002054264-26-000002,11-MAY-2026,31-MAR-2026,602944027.0,122
"Mattson Financial Services, LLC",0002034595,0002034595-26-000002,11-MAY-2026,31-MAR-2026,418778680.0,232
MainStreet Investment Advisors LLC,0001729854,0001765380-26-000200,11-MAY-2026,31-MAR-2026,664535940.0,158
"BANTAMAC CAPITAL, LLC",0001794972,0001214659-26-005934,11-MAY-2026,31-MAR-2026,137452968.0,68
"Closed-End Fund Advisors, Inc.",0002103520,0001214659-26-005900,11-MAY-2026,31-MAR-2026,98273049.0,162
"Bond Capital Management, LP",0001923934,0001193125-26-217085,11-MAY-2026,31-MAR-2026,109753386.0,4
POTENTIA WEALTH,0002052308,0002052308-26-000003,11-MAY-2026,31-MAR-2026,258997994.0,89
2Xideas AG,0001843587,0001420506-26-000892,11-MAY-2026,31-MAR-2026,255259927.0,47
VALUE HOLDINGS MANAGEMENT CO. LLC,0001695658,0001695658-26-000007,11-MAY-2026,31-MAR-2026,616760.0,24
"Newport Capital Group, LLC",0001869032,0001869032-26-000003,11-MAY-2026,31-MAR-2026,164098207.0,73
"Strategic Family Wealth Counselors, L.L.C.",0001729755,0001729755-26-000002,11-MAY-2026,31-MAR-2026,380620589.0,161
"Hansen & Associates Financial Group, Inc.",0001873973,0001873973-26-000003,11-MAY-2026,31-MAR-2026,185785903.0,42
"Bannerstone Capital Management, LLC",0002083499,0002085853-26-000581,11-MAY-2026,31-MAR-2026,107591972.0,97
Elevation Wealth Management LLC,0002093518,0002093518-26-000002,11-MAY-2026,31-MAR-2026,108817282.0,136
"EQUITEC PROPRIETARY MARKETS, LLC",0001143261,0001420506-26-000917,11-MAY-2026,31-MAR-2026,43285574.0,47
Haverford Trust Co,0000842941,0001104659-26-058513,11-MAY-2026,31-MAR-2026,10913345186.0,419
"Boxwood Ventures, Inc.",0001885946,0001885946-26-000002,11-MAY-2026,31-MAR-2026,94332911.0,33
"DCF Advisers, LLC",0001802493,0001013594-26-000560,11-MAY-2026,31-MAR-2026,265256620.0,72
"Marest Capital, LLC",0002010315,0001172661-26-001657,11-MAY-2026,31-MAR-2026,172852080.0,29
A4 Wealth Advisors LLC,0002033987,0002033987-26-000004,11-MAY-2026,31-MAR-2026,120299871.0,100
"Ellevest, Inc.",0001644128,0001644128-26-000002,11-MAY-2026,31-MAR-2026,719112261.0,431
Texas Capital Bank Wealth Management Services Inc,0001802655,0001802655-26-000005,11-MAY-2026,31-MAR-2026,1684935840.0,346
C V STARR & CO INC,0001340459,0001140361-26-020617,11-MAY-2026,31-MAR-2026,191764737.0,5
"RESOLUTE WEALTH ADVISOR, INC.",0002005292,0001420506-26-000896,11-MAY-2026,31-MAR-2026,175661239.0,78
LDR Capital Management LLC,0001566089,0001172661-26-001643,11-MAY-2026,31-MAR-2026,74380325.0,44
Commonwealth Retirement Investments LLC,0001963787,0001963787-26-000003,11-MAY-2026,31-MAR-2026,322520499.0,120
Ranmore Fund Management Ltd,0002055400,0002055400-26-000003,11-MAY-2026,31-MAR-2026,756973584.0,20
Claret Asset Management Corp,0001735513,0001735513-26-000002,11-MAY-2026,31-MAR-2026,837165.0,355
"Foyston, Gordon & Payne Inc",0001322853,0001322853-26-000004,11-MAY-2026,31-MAR-2026,433535432.0,67
"Capital Square, LLC",0001798736,0001798736-26-000002,11-MAY-2026,31-MAR-2026,216912304.0,226
"Kestra Investment Management, LLC",0001962449,0001962449-26-000002,11-MAY-2026,31-MAR-2026,5798282773.0,439
Grantvest Financial Group LLC,0002055216,0002055216-26-000002,11-MAY-2026,31-MAR-2026,154488834.0,167
"GRANVILLE CAPITAL, INC.",0001404784,0001398344-26-008907,11-MAY-2026,31-MAR-2026,191313982.0,86
HARVEY CAPITAL MANAGEMENT INC,0001119032,0001119032-26-000004,11-MAY-2026,31-MAR-2026,438790948.0,88
"PARTNERS CAPITAL INVESTMENT GROUP, LLP",0001694870,0001104659-26-059167,12-MAY-2026,31-MAR-2026,2654654499.0,174
"SCP Investment, LP",0001730961,0001104659-26-059174,12-MAY-2026,31-MAR-2026,90272668.0,48
TIAA Wealth Investment Management LLC,0002124867,0000930413-26-001567,12-MAY-2026,31-MAR-2026,13100626960.0,563
"EIG Asset Management, LLC",0001616895,0001616895-26-000003,12-MAY-2026,31-MAR-2026,0.0,1
Canada Post Corp Registered Pension Plan,0001991835,0001991835-26-000002,12-MAY-2026,31-MAR-2026,2512973589.0,493
CAZ INVESTMENTS LP,0001159363,0001159363-26-000005,12-MAY-2026,31-MAR-2026,83033877.0,41
"PLANWISER FINANCIAL, LLC",0002043741,0001986152-26-000083,12-MAY-2026,31-MAR-2026,138134154.0,47
"Robertson Opportunity Capital, LLC",0001352122,0001352122-26-000002,12-MAY-2026,31-MAR-2026,259922731.0,30
"Columbia River Financial Group, LLC",0002057074,0002057074-26-000002,12-MAY-2026,31-MAR-2026,172266.0,58
"Vickerman Investment Advisors, Inc.",0001898296,0001898296-26-000002,12-MAY-2026,31-MAR-2026,475773970.0,94
"Elite Financial, Inc.",0002059349,0002059349-26-000002,12-MAY-2026,31-MAR-2026,223062.0,54
"Community Bank, N.A.",0001632187,0001376474-26-000363,12-MAY-2026,31-MAR-2026,840109213.0,501
"Baldwin Investment Management, LLC",0001346378,0001346378-26-000002,12-MAY-2026,31-MAR-2026,855660969.0,210
Shade Tree Advisors LLC,0001804785,0001172661-26-001715,12-MAY-2026,31-MAR-2026,139592605.0,27
Optimize Financial Inc,0002033266,0002033266-26-000003,12-MAY-2026,31-MAR-2026,203287733.0,297
Railway Pension Investments Ltd,0001658020,0001658020-26-000003,12-MAY-2026,31-MAR-2026,7025105164.0,103
PAYDEN & RYGEL,0000919219,0001193125-26-218603,12-MAY-2026,31-MAR-2026,1284985.0,113
"Northwest Bancshares, Inc.",0001471265,0001471265-26-000019,12-MAY-2026,31-MAR-2026,502442289.0,168
"All Terrain Financial Advisors, LLC",0001731358,0001062993-26-002529,12-MAY-2026,31-MAR-2026,320742946.0,96
Covington Investment Advisors Inc.,0001569036,0001569036-26-000003,12-MAY-2026,31-MAR-2026,680498.0,74
"Corre Partners Management, LLC",0001537323,0000919574-26-002857,12-MAY-2026,31-MAR-2026,64937670.0,3
"Professional Financial Management, Inc.",0002130270,0002130270-26-000002,12-MAY-2026,31-MAR-2026,96057665.0,23
Azimuth Capital Investment Management LLC,0001942364,0001942364-26-000002,12-MAY-2026,31-MAR-2026,2657468303.0,300
Vienna Asset Management LLC,0001913545,0001913545-26-000003,12-MAY-2026,31-MAR-2026,126601843.0,53
MAINSTAY CAPITAL MANAGEMENT LLC /ADV,0001127612,0001127612-26-000003,12-MAY-2026,31-MAR-2026,1297192646.0,143
Impax Asset Management Group plc,0001749768,0001749768-26-000002,12-MAY-2026,31-MAR-2026,14345768998.0,287
Bey-Douglas LLC,0002011271,0001172661-26-001701,12-MAY-2026,31-MAR-2026,114636152.0,56
PROFESSIONAL FINANCIAL SOLUTIONS LLC                    /ADV,0001036215,0001951757-26-000839,12-MAY-2026,31-MAR-2026,112406530.0,38
Napean Trading & Investment Co (Singapore) PTE Ltd,0002011874,0002011874-26-000007,12-MAY-2026,31-MAR-2026,232963608.0,16
"Private Capital Advisors, Inc.",0001350780,0001350780-26-000002,12-MAY-2026,31-MAR-2026,872034489.0,73
"SFMG, LLC",0001512026,0001512026-26-000003,12-MAY-2026,31-MAR-2026,1458962266.0,315
CULBERTSON A N & CO INC,0001224890,0001172661-26-001729,12-MAY-2026,31-MAR-2026,770871864.0,132
"Covenant Partners, LLC",0001302739,0001398344-26-008998,12-MAY-2026,31-MAR-2026,0.0,1
Viola Ventures V.C. Management 4 Ltd.,0001965208,0001213900-26-054898,12-MAY-2026,31-MAR-2026,34799374.0,3
"Omega Financial Group, LLC",0001767982,0001172661-26-001713,12-MAY-2026,31-MAR-2026,303343284.0,92
"Wayfinding Financial, LLC",0001898131,0001898131-26-000002,12-MAY-2026,31-MAR-2026,230306.0,157
PARADIGM ASSET MANAGEMENT CO LLC,0001034549,0001034549-26-000003,12-MAY-2026,31-MAR-2026,426471866.0,424
"von Borstel & Associates, Inc.",0002041065,0002041065-26-000002,12-MAY-2026,31-MAR-2026,437016.0,42
"SymBiosis Capital Partners, LLC",0002006045,0002006045-26-000007,12-MAY-2026,31-MAR-2026,52769920.0,6
"TIFF ADVISORY SERVICES, LLC",0001271347,0001271347-26-000003,12-MAY-2026,31-MAR-2026,443753536.0,25
ANCHOR CAPITAL ADVISORS LLC,0000813933,0001172661-26-001692,12-MAY-2026,31-MAR-2026,3512626600.0,251
"M Holdings Securities, Inc.",0001569638,0001569638-26-000002,12-MAY-2026,31-MAR-2026,1478859.0,289
BERKSHIRE CAPITAL HOLDINGS INC,0001133742,0001162044-26-000437,12-MAY-2026,31-MAR-2026,277177590.0,114
"Mountain Capital Management, LLC",0002096127,0002096127-26-000002,12-MAY-2026,31-MAR-2026,0.0,1
Atlantic Union Bankshares Corp,0000883948,0001104659-26-059434,12-MAY-2026,31-MAR-2026,5205927588.0,1748
"Parsonex Advisory Services, Inc.",0002107398,0002107398-26-000004,12-MAY-2026,31-MAR-2026,102283230.0,56
ENTRUST FINANCIAL LLC,0002109860,0002109860-26-000002,12-MAY-2026,31-MAR-2026,142999486.0,433
"BWCP, LP",0001787893,0001787893-26-000003,12-MAY-2026,31-MAR-2026,655641546.0,27
"KMT WEALTH MANAGEMENT, LLC",0002058235,0001104659-26-059198,12-MAY-2026,31-MAR-2026,184045208.0,17
CENTRAL BANK OF BRAZIL,0001914083,0001914083-26-000003,12-MAY-2026,31-MAR-2026,0.0,8
Kuhn & Co Investment Counsel,0002011958,0001172661-26-001698,12-MAY-2026,31-MAR-2026,155251376.0,142
BNP PARIBAS,872786,0000872786-26-000013,12-MAY-2026,31-MAR-2026,3145027631.0,333
Huber Capital Management LLC,0001511697,0001511697-26-000002,12-MAY-2026,31-MAR-2026,647447482.0,99
VOYA INVESTMENT MANAGEMENT LLC,0001068837,0001068837-26-000002,12-MAY-2026,31-MAR-2026,96095926027.0,2348
Affinity Partners GP LP,0002059583,0001140361-26-020812,12-MAY-2026,31-MAR-2026,634763382.0,1
RHUMBLINE ADVISERS,0001115418,0001115418-26-000003,12-MAY-2026,31-MAR-2026,116896704389.0,4151
Frisco Financial Planning LLC,0002133972,0002133972-26-000007,12-MAY-2026,31-MAR-2026,121233392.0,29
"Summit Rock Advisors, LP",0001540951,0001172661-26-001731,12-MAY-2026,31-MAR-2026,15973114.0,1
HUTCHINSON CAPITAL MANAGEMENT/CA,0001078246,0001078246-26-000003,12-MAY-2026,31-MAR-2026,544093029.0,97
Werba Rubin Papier Wealth Management,0001971029,0001971029-26-000002,12-MAY-2026,31-MAR-2026,718130370.0,278
ACORN CREEK CAPITAL LLC,0001994827,0001951757-26-000834,12-MAY-2026,31-MAR-2026,280146605.0,84
MATTERS CAPITAL LLC,0002110838,0001951757-26-000836,12-MAY-2026,31-MAR-2026,112830165.0,64
"FOCUSED ALPHA, LLC",0002105062,0001104659-26-059190,12-MAY-2026,31-MAR-2026,323650808.0,247
THORNBURG INVESTMENT MANAGEMENT INC,0001145020,0001140361-26-020785,12-MAY-2026,31-MAR-2026,9634547391.0,171
"Guidance Point Advisors, LLC",0001767710,0001172661-26-001740,12-MAY-2026,31-MAR-2026,422154443.0,96
"Birnam Oak Advisors, LP",0001997245,0001172661-26-001696,12-MAY-2026,31-MAR-2026,362925931.0,31
Motley Fool Asset Management LLC,0001512814,0001104659-26-059230,12-MAY-2026,31-MAR-2026,2326025992.0,237
"Rakuten Investment Management, Inc.",0002062680,0000898432-26-000355,12-MAY-2026,31-MAR-2026,49190635342.0,464
STRATEGY ASSET MANAGERS LLC,0001166716,0001166716-26-000004,12-MAY-2026,31-MAR-2026,609355437.0,263
WINTON GROUP Ltd,0001612063,0001612063-26-000007,12-MAY-2026,31-MAR-2026,2850431093.0,1080
"PCM Encore, LLC",0002109846,0001420506-26-000923,12-MAY-2026,31-MAR-2026,486072386.0,445
"Innovative Asset Advisors Group, LLC",0002127147,0002127147-26-000001,12-MAY-2026,31-MAR-2026,173173620.0,1039
Bank of Jackson Hole Trust,0002040900,0001104659-26-059391,12-MAY-2026,31-MAR-2026,206511324.0,519
"Cornerstone Wealth Partners, LLC",0002109292,0001999371-26-010548,12-MAY-2026,31-MAR-2026,176284465.0,19
VAUGHAN DAVID INVESTMENTS LLC/IL,0001063571,0001063571-26-000003,12-MAY-2026,31-MAR-2026,4730288.0,234
"Disciplined Investors, L.L.C.",0002056242,0001951757-26-000828,12-MAY-2026,31-MAR-2026,167975056.0,139
"ASPIRIANT, LLC",0001433541,0001172661-26-001732,12-MAY-2026,31-MAR-2026,3511000437.0,338
"Providence Financial Advisors, LLC",0002072264,0002072264-26-000004,12-MAY-2026,31-MAR-2026,175469077.0,59
MONETA GROUP INVESTMENT ADVISORS LLC,0001120927,0001120927-26-000006,12-MAY-2026,31-MAR-2026,13287110764.0,800
BNP PARIBAS FINANCIAL MARKETS,0001166588,0001166588-26-000006,12-MAY-2026,31-MAR-2026,151917078390.0,5044
"Advocacy Wealth Management, LLC",0001569452,0001569452-26-000002,12-MAY-2026,31-MAR-2026,2261316726.0,143
"Kingsview Wealth Management, LLC",0001791965,0001791965-26-000003,12-MAY-2026,31-MAR-2026,7319255364.0,1312
BECK MACK & OLIVER LLC,0000010742,0000010742-26-000005,12-MAY-2026,31-MAR-2026,4849379119.0,195
ADVANCED MICRO DEVICES INC,0000002488,0001193125-26-219769,12-MAY-2026,31-MAR-2026,174386596.0,4
"LETKO, BROSSEAU & ASSOCIATES INC",0001297496,0001297496-26-000005,12-MAY-2026,31-MAR-2026,6204562484.0,101
"Great Diamond Partners, LLC",0001801112,0001172661-26-001739,12-MAY-2026,31-MAR-2026,519507991.0,228
"WESCAP Management Group, Inc.",0001667140,0001172661-26-001721,12-MAY-2026,31-MAR-2026,507571902.0,107
Pilgrim Partners Asia Pte Ltd,0002012674,0002012674-26-000003,12-MAY-2026,31-MAR-2026,237068980.0,117
"Finer Wealth Management, Inc.",0001929071,0001929071-26-000002,12-MAY-2026,31-MAR-2026,198159009.0,86
Operose Advisors LLC,0001909750,0001909750-26-000005,12-MAY-2026,31-MAR-2026,431306730.0,593
"Oppenheimer & Close, LLC",0001591377,0001062993-26-002521,12-MAY-2026,31-MAR-2026,158607660.0,56
R.M.SINCERBEAUX CAPITAL MANAGEMENT LLC,0001426774,0000919574-26-002860,12-MAY-2026,31-MAR-2026,171506086.0,38
"COOPER/HAIMS ADVISORS, LLC",0001654033,0001654033-26-000003,12-MAY-2026,31-MAR-2026,212495344.0,103
"Ellis Investment Partners, LLC",0001765590,0001172661-26-001722,12-MAY-2026,31-MAR-2026,576316680.0,268
Trans-Canada Capital Inc.,0001896476,0001896476-26-000004,12-MAY-2026,31-MAR-2026,1390015189.0,6
Hilltop Partners LLC,0001957867,0001104659-26-059202,12-MAY-2026,31-MAR-2026,389674502.0,126
TODD ASSET MANAGEMENT LLC,0001071483,0001172661-26-001720,12-MAY-2026,31-MAR-2026,5110876163.0,179
ARK Investment Management LLC,0001697748,0001104659-26-059240,12-MAY-2026,31-MAR-2026,12858877166.0,181
"Blue Line Capital, LLC / IL",0002111406,0002085853-26-000584,12-MAY-2026,31-MAR-2026,88366045.0,65
Centric Wealth Management,0001752761,0001104659-26-059189,12-MAY-2026,31-MAR-2026,500913468.0,203
"FOX RUN MANAGEMENT, L.L.C.",0001533457,0001420506-26-000922,12-MAY-2026,31-MAR-2026,571609905.0,856
"Three Bridge Wealth Advisors, LLC",0001950962,0001420506-26-000928,12-MAY-2026,31-MAR-2026,364211447.0,86
"Cannon Financial Strategists, Inc.",0002031123,0001951757-26-000829,12-MAY-2026,31-MAR-2026,760793759.0,109
"Anfield Capital Management, LLC",0001602020,0001602020-26-000002,12-MAY-2026,31-MAR-2026,363452206.0,715
"BlackDiamond Wealth Management, LLC",0001903059,0001951757-26-000832,12-MAY-2026,31-MAR-2026,207351511.0,202
WEIK CAPITAL MANAGEMENT,0001278793,0001278793-26-000006,12-MAY-2026,31-MAR-2026,251270225.0,90
"LEAVELL INVESTMENT MANAGEMENT, INC.",0000924181,0000924181-26-000003,12-MAY-2026,31-MAR-2026,2438640382.0,603
Nationale-Nederlanden Powszechne Towarzystwo Emerytalne S.A.,0002011081,0002011081-26-000005,12-MAY-2026,31-MAR-2026,1179225148.0,51
"Portside Wealth Group, LLC",0001978608,0002085853-26-000585,12-MAY-2026,31-MAR-2026,736688596.0,458
Electrum Group LLC,0001565641,0001565641-26-000007,12-MAY-2026,31-MAR-2026,1082293119.0,8
LIBERTY WEALTH MANAGEMENT LLC,0001769302,0001769302-26-000002,12-MAY-2026,31-MAR-2026,800422162.0,268
"Wescott Financial Advisory Group, LLC",0001864880,0001172661-26-001689,12-MAY-2026,31-MAR-2026,1140626034.0,192
Colonial Trust Advisors,0001567993,0001398344-26-009001,12-MAY-2026,31-MAR-2026,1286731569.0,726
CONTINENTAL GRAIN CO,0000929607,0000950142-26-001359,12-MAY-2026,31-MAR-2026,365750468.0,4
"Koch, Inc.",0002027344,0002027344-26-000004,12-MAY-2026,31-MAR-2026,921853998.0,8
Versor Investments LP,0001650301,0001172661-26-001717,12-MAY-2026,31-MAR-2026,40842987.0,31
"Dalton Investments, Inc.",0001388838,0001172661-26-001724,12-MAY-2026,31-MAR-2026,103325252.0,17
"Waterloo Capital, L.P.",0001730942,0001104659-26-059213,12-MAY-2026,31-MAR-2026,1423887652.0,479
Benson Wealth Management INC,0002109863,0002109863-26-000002,12-MAY-2026,31-MAR-2026,73099429.0,354
"Investor's Fiduciary Advisor Network, LLC",0002044901,0002044901-26-000002,12-MAY-2026,31-MAR-2026,326427.0,270
"NFC Investments, LLC",0001512858,0001512858-26-000002,12-MAY-2026,31-MAR-2026,359158.0,41
Crusonia Wealth Advisors LLC,0002112003,0001172661-26-001703,12-MAY-2026,31-MAR-2026,484279894.0,192
BNDES Participacoes S.A.,0001715696,0001140361-26-020729,12-MAY-2026,31-MAR-2026,3579637126.0,1
"FIRST AMERICAN TRUST, FSB",0000036066,0000036066-26-000007,12-MAY-2026,31-MAR-2026,1486643582.0,290
STIFEL FINANCIAL CORP,0000720672,0000720672-26-000007,12-MAY-2026,31-MAR-2026,108790749397.0,3624
WISCONSIN CAPITAL MANAGEMENT LLC,0000926833,0000926833-26-000002,12-MAY-2026,31-MAR-2026,182190603.0,51
WealthTrak Capital Management LLC,0002052710,0002052710-26-000002,12-MAY-2026,31-MAR-2026,140020284.0,80
STRAIGHTLINE GROUP LLC,0001444864,0001444864-26-000002,12-MAY-2026,31-MAR-2026,201120775.0,17
"Shaker Financial Services, LLC",0001511794,0001172661-26-001718,12-MAY-2026,31-MAR-2026,286903774.0,145
ALERUS FINANCIAL NA,0000919458,0000919458-26-000002,12-MAY-2026,31-MAR-2026,2019946396.0,510
"PARNASSUS INVESTMENTS, LLC",0000948669,0001172661-26-001730,12-MAY-2026,31-MAR-2026,34147054545.0,135
Independent Advisor Alliance,0001696899,0001062993-26-002523,12-MAY-2026,31-MAR-2026,9319379194.0,1595
"LeConte Wealth Management, LLC",0002060443,0001172661-26-001702,12-MAY-2026,31-MAR-2026,154702896.0,152
SERENITY CAPITAL MANAGEMENT PTE. LTD.,0001934957,0001172661-26-001688,12-MAY-2026,31-MAR-2026,414365806.0,10
"Bear Mountain Capital, Inc.",0002009419,0002009419-26-000002,12-MAY-2026,31-MAR-2026,332644003.0,198
"BOK Financial Private Wealth, Inc.",0001317348,0001317348-26-000002,12-MAY-2026,31-MAR-2026,1655624716.0,448
Diana Davis Spencer Foundation,0001633391,0001398344-26-009007,12-MAY-2026,31-MAR-2026,39302930.0,2
"Sovereign Investment Advisors, LLC",0001908165,0001908165-26-000005,12-MAY-2026,31-MAR-2026,472128872.0,106
Fidelis Wealth Advisors LLC,0002010051,0001420506-26-000939,12-MAY-2026,31-MAR-2026,68660356.0,11
"Chung Wu Investment Group, LLC",0002054278,0002054278-26-000002,12-MAY-2026,31-MAR-2026,116094868.0,259
ABN AMRO INVESTMENT SOLUTIONS,0002080520,0002080520-26-000002,12-MAY-2026,31-MAR-2026,7674559437.0,629
"ARK & TLK INVESTMENTS, LLC",0002013188,0001104659-26-059209,12-MAY-2026,31-MAR-2026,368614459.0,118
Ibex Investors LLC,0001531964,0001420506-26-000944,12-MAY-2026,31-MAR-2026,145820034.0,13
"Councilmark Asset Management, LLC",0002022076,0002022076-26-000002,12-MAY-2026,31-MAR-2026,174334959.0,85
SMITH CHAS P & ASSOCIATES PA CPAS,0001082509,0001082509-26-000003,12-MAY-2026,31-MAR-2026,1842989310.0,176
RPO LLC,0001885066,0001885066-26-000002,12-MAY-2026,31-MAR-2026,24793708.0,22
"Index Fund Advisors, Inc.",0001665097,0001665097-26-000004,12-MAY-2026,31-MAR-2026,2222139462.0,127
"Advyzon Investment Management, LLC",0002011872,0001986152-26-000082,12-MAY-2026,31-MAR-2026,1116308225.0,675
"Cloud Capital Management, LLC",0002060492,0002060492-26-000002,12-MAY-2026,31-MAR-2026,229414.0,105
Pacific Center for Financial Services,0001698222,0001698222-26-000002,12-MAY-2026,31-MAR-2026,394278906.0,513
"BARINGTON COMPANIES MANAGEMENT, LLC",0000887762,0000887762-26-000004,12-MAY-2026,31-MAR-2026,123125488.0,8
"TIAA TRUST, NATIONAL ASSOCIATION",0001997405,0000930413-26-001569,12-MAY-2026,31-MAR-2026,1645229666.0,390
SWISS RE LTD,0001519921,0001519921-26-000002,12-MAY-2026,31-MAR-2026,16363371.0,239
LONGFELLOW INVESTMENT MANAGEMENT CO LLC,0001167487,0001167487-26-000005,12-MAY-2026,31-MAR-2026,479791147.0,243
"PCG ASSET MANAGEMENT, LLC",0002054906,0001172661-26-001714,12-MAY-2026,31-MAR-2026,125082966.0,78
VestGen Investment Management,0001511739,0001511739-26-000002,12-MAY-2026,31-MAR-2026,181324013.0,216
Dynamic Financial Group,0002061178,0001172661-26-001704,12-MAY-2026,31-MAR-2026,122285270.0,69
"E6 Portfolios, LLC",0002110817,0002110817-26-000002,12-MAY-2026,31-MAR-2026,95911419.0,58
"WestBridge Capital Management, LLC",0001846644,0001172661-26-001705,12-MAY-2026,31-MAR-2026,107435458.0,1
UP STRATEGIC WEALTH INVESTMENT ADVISORS LLC,0002011649,0002011649-26-000002,12-MAY-2026,31-MAR-2026,158775996.0,98
Bregal Sagemount IV General Partner Jersey Ltd,0002087970,0001193125-26-219573,12-MAY-2026,31-MAR-2026,472442118.0,1
"Legacy Advisory Services, LLC",0002068847,0001172661-26-001694,12-MAY-2026,31-MAR-2026,130982058.0,49
"HAGER INVESTMENT MANAGEMENT SERVICES, LLC",0002026645,0002026645-26-000002,12-MAY-2026,31-MAR-2026,181970433.0,329
First Western Trust Bank,0001513189,0001628280-26-034015,12-MAY-2026,31-MAR-2026,1980355618.0,205
TOWER BRIDGE ADVISORS,0001278249,0001278249-26-000004,12-MAY-2026,31-MAR-2026,1035407151.0,221
"Luken Investment Analytics, LLC",0001730546,0001730546-26-000002,12-MAY-2026,31-MAR-2026,261214841.0,160
Lepercq De Neuflize Asset Management LLC,0001854423,0001420506-26-000942,12-MAY-2026,31-MAR-2026,137977850.0,26
"GoodHaven Capital Management, LLC",0001542300,0001398344-26-008983,12-MAY-2026,31-MAR-2026,286208643.0,24
"Hunter Perkins Capital Management, LLC",0001808919,0001808919-26-000002,12-MAY-2026,31-MAR-2026,426554.0,143
Niatross Investments Ltd,0002093071,0002093071-26-000002,12-MAY-2026,31-MAR-2026,198671208.0,1
"Argentarii, LLC",0002030055,0002030055-26-000003,12-MAY-2026,31-MAR-2026,285974786.0,198
"Vines Capital Management, LLC",0002110678,0002110678-26-000005,12-MAY-2026,31-MAR-2026,100912609.0,77
VIRTUE ASSET MANAGEMENT LLC,0002094533,0001104659-26-059205,12-MAY-2026,31-MAR-2026,125551659.0,106
"J. H. Whitney Equity Partners VI, LLC",0001394517,0000905148-26-002223,12-MAY-2026,31-MAR-2026,326428276.0,1
"Saiph Capital, LLC",0002052658,0002052658-26-000003,12-MAY-2026,31-MAR-2026,264239698.0,76
Meiji Yasuda Life Insurance Co,0001144492,0001193125-26-219009,12-MAY-2026,31-MAR-2026,2925824482.0,224
"Frist Capital, LLC",0002059425,0000891836-26-000038,12-MAY-2026,31-MAR-2026,0.0,1
"Ameritas Advisory Services, LLC",0001901275,0001901275-26-000006,12-MAY-2026,31-MAR-2026,2579071592.0,1075
Belvedere Trading LLC,0001632341,0001062993-26-002538,12-MAY-2026,31-MAR-2026,749788799.0,227
Vestcor Inc,0001536925,0001536925-26-000004,12-MAY-2026,31-MAR-2026,3631918.0,1192
Marion Wealth Management,0001911097,0001911097-26-000002,12-MAY-2026,31-MAR-2026,450540335.0,142
"AWM CAPITAL, LLC",0001806820,0001172661-26-001725,12-MAY-2026,31-MAR-2026,1104784486.0,113
Axos Invest Inc.,0002042928,0002042928-26-000002,12-MAY-2026,31-MAR-2026,132311074.0,19
PIPER SANDLER & CO.,0000724683,0000724683-26-000047,12-MAY-2026,31-MAR-2026,102023994.0,20
Integras Partners LLC,0002055384,0001172661-26-001741,12-MAY-2026,31-MAR-2026,152237831.0,69
"Hill Investment Group Partners, LLC",0001979028,0001979028-26-000002,12-MAY-2026,31-MAR-2026,905586173.0,50
Invesco Ltd.,0000914208,0000914208-26-000193,12-MAY-2026,31-MAR-2026,653264226143.0,3732
TEACHERS INSURANCE & ANNUITY ASSOCIATION OF AMERICA,0000315038,0000930413-26-001566,12-MAY-2026,31-MAR-2026,79736093.0,84
Tejara Capital Ltd,0001879713,0001214659-26-005956,12-MAY-2026,31-MAR-2026,303376154.0,73
TT Capital Management LLC,0002056338,0001172661-26-001728,12-MAY-2026,31-MAR-2026,121271885.0,73
JUPITER ASSET MANAGEMENT LTD,0001215838,0001171843-26-003285,12-MAY-2026,31-MAR-2026,18750596596.0,481
"Rather & Kittrell, Inc.",0001582112,0001172661-26-001726,12-MAY-2026,31-MAR-2026,647948570.0,113
"CBM Financial, LLC",0002055702,0001986152-26-000084,12-MAY-2026,31-MAR-2026,160248529.0,16
Employees Provident Fund Board,0001600177,0001600177-26-000079,12-MAY-2026,31-MAR-2026,13234581104.0,70
Gallatin Point Capital LLC,0001708030,0001193125-26-219316,12-MAY-2026,31-MAR-2026,238076284.0,2
BENJAMIN EDWARDS INC,0001451623,0001451623-26-000003,12-MAY-2026,31-MAR-2026,10057845939.0,1350
Prosperity Bancshares Inc,0001068851,0001193125-26-219600,12-MAY-2026,31-MAR-2026,124753836.0,414
"WORLDLY PARTNERS MANAGEMENT, LLC",0001904574,0001904574-26-000002,12-MAY-2026,31-MAR-2026,118434182.0,3
Greenwich Wealth Management LLC,0001439805,0001439805-26-000003,12-MAY-2026,31-MAR-2026,2449406.0,307
"12th Street Asset Management Company, LLC",0001633703,0001633703-26-000007,12-MAY-2026,31-MAR-2026,611363059.0,32
"THOROUGHBRED FINANCIAL SERVICES, LLC",0001091370,0001091370-26-000004,12-MAY-2026,31-MAR-2026,1674783.0,574
"Alliance Wealth Advisors, LLC /UT",0001893261,0001172661-26-001700,12-MAY-2026,31-MAR-2026,462308486.0,228
Adventist Health System/ West,0001802516,0001172661-26-001699,12-MAY-2026,31-MAR-2026,563915429.0,13
MILLBANK DARTMOOR PORTSMOUTH LLC,0002098560,0001420506-26-000926,12-MAY-2026,31-MAR-2026,153730541.0,2
Orion Investment Co,0002033920,0002033920-26-000002,12-MAY-2026,31-MAR-2026,315130970.0,69
Creative Planning,0001540235,0001540235-26-000003,12-MAY-2026,31-MAR-2026,147423547666.0,4076
"Turning Point Benefit Group, Inc.",0002008513,0002008513-26-000002,12-MAY-2026,31-MAR-2026,157013411.0,95
"Commerce Advisors, LLC",0001567247,0001172661-26-001734,12-MAY-2026,31-MAR-2026,118976364.0,122
Beaton Management Co. Inc.,0001714678,0001714678-26-000002,12-MAY-2026,31-MAR-2026,224571.0,146
Renwick Deborah Lee,0002074836,0002074836-26-000003,12-MAY-2026,31-MAR-2026,0.0,1
Tannin Capital LLC,0002110834,0002110834-26-000003,12-MAY-2026,31-MAR-2026,137785216.0,152
RED REEF ADVISORS LLC,0002122970,0001398344-26-008965,12-MAY-2026,31-MAR-2026,95547532.0,179
"Angel Oak Capital Advisors, LLC",0001613158,0000894189-26-014664,12-MAY-2026,31-MAR-2026,89997329.0,33
Palmer Knight Co,0001767735,0001705819-26-000038,12-MAY-2026,31-MAR-2026,204927824.0,32
"RESOLUTE CAPITAL, LLC",0002069920,0001765380-26-000206,12-MAY-2026,31-MAR-2026,246892146.0,57
ROYCE & ASSOCIATES LP,0000906304,0000906304-26-000094,12-MAY-2026,31-MAR-2026,10131178338.0,774
"Voya Financial Advisors, Inc.",0001424367,0001424367-26-000002,12-MAY-2026,31-MAR-2026,1003200133.0,209
LRZ CAPITAL LLC,0002111919,0002111919-26-000003,12-MAY-2026,31-MAR-2026,199802277.0,16
TrinityBridge Ltd,0001718570,0001718570-26-000004,12-MAY-2026,31-MAR-2026,3689337.0,273
"Strategic Wealth Partners, Ltd.",0001720777,0001720777-26-000001,12-MAY-2026,31-MAR-2026,1442227325.0,1478
Pfizer Inc,0000078003,0000078003-26-000064,12-MAY-2026,31-MAR-2026,238775816.0,18
"Cascade Financial Partners, LLC",0002021208,0002021208-26-000004,12-MAY-2026,31-MAR-2026,970165698.0,263
Avant Capital LLC,0001653443,0001951757-26-000833,12-MAY-2026,31-MAR-2026,142214739.0,76
KilterHowling LLC,0001759354,0001759354-26-000002,12-MAY-2026,31-MAR-2026,198252484.0,49
"Daybright Advisory Services, Inc.",0002107111,0002107111-26-000002,12-MAY-2026,31-MAR-2026,361336180.0,133
RIT CAPITAL PARTNERS PLC,0000939334,0000939334-26-000008,12-MAY-2026,31-MAR-2026,374084709.0,12
"Ruggiero Investments, Inc.",0002110677,0002110677-26-000002,12-MAY-2026,31-MAR-2026,103419863.0,78
Texas County & District Retirement System,0001698632,0001214659-26-005961,12-MAY-2026,31-MAR-2026,60771286.0,1
Navera Investment Management Ltd.,0001842702,0000945621-26-000679,12-MAY-2026,31-MAR-2026,3916598866.0,56
"TME FINANCIAL, INC.",0002056230,0001172661-26-001719,12-MAY-2026,31-MAR-2026,144314686.0,65
Altura Wealth Advisors Inc.,0001931465,0001420506-26-000933,12-MAY-2026,31-MAR-2026,229133603.0,75
"BBR PARTNERS, LLC",0001352467,0001352467-26-000003,12-MAY-2026,31-MAR-2026,1791884612.0,253
"PANORAMIC INVESTMENT ADVISORS, LLC",0001967332,0001986152-26-000085,12-MAY-2026,31-MAR-2026,184927058.0,130
"Stanley Capital Management, LLC",0001518934,0001420506-26-000929,12-MAY-2026,31-MAR-2026,598267429.0,40
GQG Partners LLC,0001697233,0001062993-26-002533,12-MAY-2026,31-MAR-2026,63091750614.0,81
"Motley Fool Wealth Management, LLC",0001607978,0001104659-26-059237,12-MAY-2026,31-MAR-2026,884214118.0,124
WCG Wealth Advisors LLC,0001855713,0001855713-26-000004,12-MAY-2026,31-MAR-2026,3574113779.0,519
Fiera Capital Corp,0001505817,0001505817-26-000007,12-MAY-2026,31-MAR-2026,29229042760.0,412
EDGAR LOMAX CO/VA,0001013538,0001013538-26-000004,12-MAY-2026,31-MAR-2026,1401877760.0,56
"IVY LANE CAPITAL MANAGEMENT, LLC",0001839851,0001839851-26-000002,12-MAY-2026,31-MAR-2026,66148210.0,11
TD Waterhouse Canada Inc.,0001999606,0002052595-26-000063,12-MAY-2026,31-MAR-2026,33707543039.0,2307
"Oakmont Advisory Group, LLC",0002115370,0002085853-26-000586,12-MAY-2026,31-MAR-2026,98203936.0,119
"Processus Wealth & Capital Management, LLC",0002014209,0001214659-26-005982,12-MAY-2026,31-MAR-2026,147266837.0,35
"LANDSCAPE CAPITAL MANAGEMENT, L.L.C.",0001536186,0000919574-26-002880,12-MAY-2026,31-MAR-2026,1576518975.0,703
"Mengis Capital Management, Inc.",0001609674,0001609674-26-000003,12-MAY-2026,31-MAR-2026,581006920.0,212
Fielder Capital Group LLC,0002010765,0002010765-26-000003,12-MAY-2026,31-MAR-2026,459095495.0,290
Bregal General Partner Jersey Ltd,0001695721,0001193125-26-219588,12-MAY-2026,31-MAR-2026,62261449.0,1
Cadence Wealth Management LLC,0001845250,0001951757-26-000830,12-MAY-2026,31-MAR-2026,239703910.0,58
CAMBIAR INVESTORS LLC,0000823621,0001172661-26-001686,12-MAY-2026,31-MAR-2026,2159158269.0,145
IPG Investment Advisors LLC,0001602237,0001602237-26-000004,12-MAY-2026,31-MAR-2026,582268362.0,242
LATHROP INVESTMENT MANAGEMENT CO,0001124841,0001124841-26-000002,12-MAY-2026,31-MAR-2026,534343.0,83
FLAGSTAR ADVISORS INC,0001117233,0001172661-26-001727,12-MAY-2026,31-MAR-2026,276130785.0,174
" NOTABLE CAPITAL MANAGEMENT, L.L.C.",0002065606,0002065606-26-000007,12-MAY-2026,31-MAR-2026,53394888.0,7
"TIAA-CREF INDIVIDUAL & INSTITUTIONAL SERVICES, LLC",0000882928,0000930413-26-001568,12-MAY-2026,31-MAR-2026,26005228668.0,702
Prostatis Group LLC,0001649186,0001649186-26-000002,12-MAY-2026,31-MAR-2026,390715985.0,167
Ally Invest Advisors Inc.,0001706013,0001706013-26-000004,12-MAY-2026,31-MAR-2026,1485681633.0,75
Milestones Administradora de Recursos Ltda.,0001912095,0001912095-26-000003,12-MAY-2026,31-MAR-2026,383149209.0,17
Orcam Financial Group,0001905367,0001905367-26-000002,12-MAY-2026,31-MAR-2026,140850233.0,62
WHITE MOUNTAINS INSURANCE GROUP LTD,0000776867,0001104659-26-059351,12-MAY-2026,31-MAR-2026,313368520.0,2
"Callahan Advisors, LLC",0001395055,0001140361-26-020771,12-MAY-2026,31-MAR-2026,1198184611.0,177
MIRABELLA FINANCIAL SERVICES LLP,0001538853,0001172661-26-001735,12-MAY-2026,31-MAR-2026,1031222818.0,884
"Ausdal Financial Partners, Inc.",0001667146,0001172661-26-001690,12-MAY-2026,31-MAR-2026,2236565578.0,964
"Hartree Partners, LP",0001597857,0001597857-26-000004,12-MAY-2026,31-MAR-2026,461303884.0,114
Granite FO LLC,0002034090,0001420506-26-000946,12-MAY-2026,31-MAR-2026,169011204.0,170
Richardson Capital Management LLC,0001621646,0001621646-26-000002,12-MAY-2026,31-MAR-2026,207147659.0,394
"CBIZ Investment Advisory Services, LLC",0001795934,0001795934-26-000002,12-MAY-2026,31-MAR-2026,2735301139.0,415
OGOREK ANTHONY JOSEPH /NY/ /ADV,0000714364,0000714364-26-000004,12-MAY-2026,31-MAR-2026,364904.0,718
Kennondale Capital Management LLC,0002055199,0001754960-26-000374,12-MAY-2026,31-MAR-2026,138734369.0,78
Melqart Asset Management (UK) Ltd,0001712901,0001172661-26-001681,12-MAY-2026,31-MAR-2026,1014184261.0,41
WESTPAC BANKING CORP,0000719245,0001104659-26-058835,12-MAY-2026,31-MAR-2026,1438340238.0,495
"Wealth Dimensions Group, Ltd.",0001846462,0001846462-26-000002,12-MAY-2026,31-MAR-2026,508334568.0,170
CHASE INVESTMENT COUNSEL CORP,0000019475,0000019475-26-000003,12-MAY-2026,31-MAR-2026,380884.0,149
Ravenswood Partners LP,0002015178,0002015178-26-000003,12-MAY-2026,31-MAR-2026,270690417.0,35
Destiny Capital Corp/CO,0001965275,0001965275-26-000003,12-MAY-2026,31-MAR-2026,187664241.0,53
Ilmarinen Mutual Pension Insurance Co,0001661580,0001661580-26-000002,12-MAY-2026,31-MAR-2026,12713221.0,462
Titan Investment Solutions Ltd,0002103356,0002103356-26-000002,12-MAY-2026,31-MAR-2026,781457582.0,56
"Icon Wealth Advisors, LLC",0001963212,0001963212-26-000002,12-MAY-2026,31-MAR-2026,1540002265.0,389
"SITTNER & NELSON, LLC",0001846138,0001846138-26-000002,12-MAY-2026,31-MAR-2026,273579550.0,569
Phillip James Consulting Co.,0002111830,0002111830-26-000002,12-MAY-2026,31-MAR-2026,131859000.0,378
Carr Financial Group Corp,0001931232,0001765380-26-000205,12-MAY-2026,31-MAR-2026,379052381.0,174
Singapore Technologies Telemedia Pte Ltd,0001219573,0001193125-26-218100,12-MAY-2026,31-MAR-2026,396279547.0,1
Tredje AP-fonden,0001650290,0001650290-26-000003,12-MAY-2026,31-MAR-2026,18284256953.0,555
"Alpha Financial Advisors, LLC",0001972138,0001972138-26-000002,12-MAY-2026,31-MAR-2026,326381492.0,62
WFM ASIA (BVI) Ltd,0001632574,0001632574-26-000004,12-MAY-2026,31-MAR-2026,632089.0,6
I.G.Y. Ltd,0001811472,0000919574-26-002858,12-MAY-2026,31-MAR-2026,235276670.0,3
"Ramirez Asset Management, Inc.",0001992110,0001992110-26-000005,12-MAY-2026,31-MAR-2026,831730531.0,349
"Family Legacy, Inc.",0001706016,0001706016-26-000006,12-MAY-2026,31-MAR-2026,332851542.0,124
AMES NATIONAL CORP,0001132651,0001437749-26-016350,12-MAY-2026,31-MAR-2026,166643351.0,67
Clark Wealth Partners,0002107657,0002107657-26-000006,12-MAY-2026,31-MAR-2026,148874420.0,604
Bellecapital International Ltd.,0001600152,0001600152-26-000003,12-MAY-2026,31-MAR-2026,554263268.0,117
"Mitsubishi UFJ Asset Management Co., Ltd.",0001466546,0001193125-26-218101,12-MAY-2026,31-MAR-2026,148963755717.0,1618
SUMITOMO LIFE INSURANCE CO,0000937760,0001140361-26-020673,12-MAY-2026,31-MAR-2026,4254732909.0,282
Bristol Gate Capital Partners Inc.,0001650142,0001062993-26-002524,12-MAY-2026,31-MAR-2026,1551962195.0,31
M&T Bank Corp,0000036270,0001193125-26-218577,12-MAY-2026,31-MAR-2026,29216419780.0,1674
"PURA VIDA INVESTMENTS, LLC",0001590144,0001590144-26-000003,12-MAY-2026,31-MAR-2026,14879240.0,17
"Wood Tarver Financial Group, LLC",0002059344,0002059344-26-000002,12-MAY-2026,31-MAR-2026,361858.0,155
"Magnitude Capital, LLC",0001556278,0001172661-26-001693,12-MAY-2026,31-MAR-2026,450341720.0,1
"EMPOWER HARVEST MANAGEMENT SERVICES, INC.",0002049453,0002049453-26-000003,12-MAY-2026,31-MAR-2026,74453183.0,1
"Cornerstone Capital, Inc.",0000819535,0001172661-26-001738,12-MAY-2026,31-MAR-2026,1001243511.0,118
"Explore Capital Management, LLC",0002026286,0001214659-26-006014,12-MAY-2026,31-MAR-2026,106754793.0,11
"Borer Denton & Associates, Inc.",0001993607,0001993607-26-000002,12-MAY-2026,31-MAR-2026,280347913.0,66
Jackson Brooke LLC,0002125215,0002125215-26-000001,12-MAY-2026,31-MAR-2026,92303914.0,1
"Aspect Management, LLC",0002111529,0001104659-26-059474,12-MAY-2026,31-MAR-2026,223510241.0,1
"CHAPMAN FINANCIAL GROUP, LLC",0002056577,0002056577-26-000002,12-MAY-2026,31-MAR-2026,139753944.0,265
"HRC WEALTH MANAGEMENT, LLC",0002009521,0001172661-26-001695,12-MAY-2026,31-MAR-2026,211667435.0,59
"Safe Harbor Family Capital, LLC",0002065810,0001398344-26-008963,12-MAY-2026,31-MAR-2026,127823361.0,55
OAKMONT Corp,0000924171,0000924171-26-000004,12-MAY-2026,31-MAR-2026,526496071.0,31
PPM AMERICA INC/IL,0000898417,0000898417-26-000004,12-MAY-2026,31-MAR-2026,16600873.0,5
"Bellwether Advisors, LLC",0001819815,0001819815-26-000002,12-MAY-2026,31-MAR-2026,590175097.0,159
Coyle Financial Counsel LLC,0001593038,0001104659-26-059200,12-MAY-2026,31-MAR-2026,472797325.0,113
"ABSOLUTE CAPITAL MANAGEMENT, LLC",0001817648,0001172661-26-001716,12-MAY-2026,31-MAR-2026,301044977.0,146
Longbow Finance SA,0001965552,0001104659-26-059440,12-MAY-2026,31-MAR-2026,552175149.0,55
"Pandi, LLC",0002058702,0001214659-26-005966,12-MAY-2026,31-MAR-2026,609798034.0,4
"KIM, LLC",0001888968,0001888968-26-000002,12-MAY-2026,31-MAR-2026,678371568.0,62
Minerva Advisors LLC,0001541536,0001420506-26-000931,12-MAY-2026,31-MAR-2026,154911817.0,48
"JANE STREET GROUP, LLC",0001595888,0001595888-26-000043,12-MAY-2026,31-MAR-2026,93072266081.0,6009
"Cheviot Value Management, LLC",0001427147,0001140361-26-020764,12-MAY-2026,31-MAR-2026,995581224.0,426
"FAIRFIELD, BUSH & CO.",0001116247,0001116247-26-000002,12-MAY-2026,31-MAR-2026,180109204.0,119
GGM Financial LLC,0002021722,0002021722-26-000004,12-MAY-2026,31-MAR-2026,217271379.0,236
Wakefield Asset Management LLLP,0001600435,0001376474-26-000366,12-MAY-2026,31-MAR-2026,377422424.0,211
"CHARTER RESEARCH & INVESTMENT GROUP, INC.",0001666624,0001214659-26-005954,12-MAY-2026,31-MAR-2026,150131862.0,86
"WorthPointe, LLC",0001921448,0001172661-26-001733,12-MAY-2026,31-MAR-2026,366716164.0,117
Harbor Island Capital LLC,0001730580,0001172661-26-001706,12-MAY-2026,31-MAR-2026,269176024.0,16
"Madison International Realty Holdings, LLC",0001640680,0001172661-26-001736,12-MAY-2026,31-MAR-2026,0.0,1
"Old West Investment Management, LLC",0001549358,0001941040-26-000319,12-MAY-2026,31-MAR-2026,922567683.0,123
Colonial Trust Co / SC,0001954093,0001398344-26-009002,12-MAY-2026,31-MAR-2026,735163588.0,1135
"Summit Trail Advisors, LLC",0001698478,0001951757-26-000837,12-MAY-2026,31-MAR-2026,6980167826.0,1441
Pelham Capital Ltd.,0001654111,0001654111-26-000003,12-MAY-2026,31-MAR-2026,127599755.0,9
Ally Financial Inc.,0000040729,0000040729-26-000014,12-MAY-2026,31-MAR-2026,803752386.0,125
AG2R LA MONDIALE GESTION D'ACTIFS,0002047606,0002047606-26-000002,12-MAY-2026,31-MAR-2026,2199978045.0,353
"Baker Avenue Asset Management, LP",0001432529,0001432529-26-000007,12-MAY-2026,31-MAR-2026,4389275194.0,747
"Alaethes Wealth, LLC",0001859677,0001859677-26-000002,12-MAY-2026,31-MAR-2026,346744637.0,114
First American Financial Corp,0001472787,0001193125-26-219599,12-MAY-2026,31-MAR-2026,369849920.0,3
"Kazazian Asset Management, LLC",0001580415,0001580415-26-000004,12-MAY-2026,31-MAR-2026,91533070.0,43
"Americana Partners, LLC",0001797678,0001172661-26-001697,12-MAY-2026,31-MAR-2026,3850858822.0,510
Prism Planning Partners LLC,0002110534,0002110534-26-000002,12-MAY-2026,31-MAR-2026,84547153.0,42
"SGL Investment Advisors, Inc.",0002043186,0002043186-26-000002,12-MAY-2026,31-MAR-2026,266477665.0,126
"Olde Wealth Management, LLC",0001840760,0001840760-26-000002,12-MAY-2026,31-MAR-2026,315976.0,116
ELEMENT CAPITAL MANAGEMENT LLC,0001535630,0000919574-26-002856,12-MAY-2026,31-MAR-2026,255135236.0,34
"INSIGNEO ADVISORY SERVICES, LLC",0001964958,0001964958-26-000002,12-MAY-2026,31-MAR-2026,1404408804.0,736
"Stephenson & Company, Inc.",0002001544,0001172661-26-001723,12-MAY-2026,31-MAR-2026,184432089.0,43
Clal Insurance Enterprises Holdings Ltd,0001376192,0001178913-26-002554,12-MAY-2026,31-MAR-2026,16532035.0,204
BAROMETER CAPITAL MANAGEMENT INC.,0001536890,0001104659-26-058968,12-MAY-2026,31-MAR-2026,292154316.0,114
TOCQUEVILLE ASSET MANAGEMENT L.P.,0000883961,0000919574-26-002885,12-MAY-2026,31-MAR-2026,6742172854.0,540
BITTERROOT CAPITAL ADVISORS LLC,0002110106,0002110106-26-000002,12-MAY-2026,31-MAR-2026,164700200.0,60
"INSPIRE TRUST CO, N.A.",0001993352,0001993352-26-000003,12-MAY-2026,31-MAR-2026,647731963.0,106
Dogwood Wealth Management LLC,0002056922,0002056922-26-000002,12-MAY-2026,31-MAR-2026,230254188.0,860
CIBC Bancorp USA Inc.,0001711924,0001298088-26-000011,12-MAY-2026,31-MAR-2026,74027331735.0,1685
"G2 CAPITAL MANAGEMENT, LLC / OH",0001910858,0001951757-26-000826,12-MAY-2026,31-MAR-2026,411372885.0,73
DANSKE BANK A/S,0000800177,0001104659-26-058958,12-MAY-2026,31-MAR-2026,41482106517.0,1170
THAMES CAPITAL MANAGEMENT LLC,0001714267,0001714267-26-000002,12-MAY-2026,31-MAR-2026,557894136.0,43
FirstWave Capital Management LLC,0002093108,0002093108-26-000004,12-MAY-2026,31-MAR-2026,93718361.0,26
CIBC Asset Management Inc,0001021926,0001172661-26-001682,12-MAY-2026,31-MAR-2026,40915732531.0,1371
"Danica Pension, Livsforsikringsaktieselskab",0002096095,0001104659-26-058960,12-MAY-2026,31-MAR-2026,5334011139.0,163
Athena Investment Management,0001921093,0001921093-26-000002,12-MAY-2026,31-MAR-2026,192791787.0,153
"West Wealth Group, LLC",0001923591,0001172661-26-001663,12-MAY-2026,31-MAR-2026,506004093.0,130
Magellan Asset Management Ltd,0001536105,0001536105-26-000005,12-MAY-2026,31-MAR-2026,7707757646.0,79
"VeraBank, N.A.",0001767297,0001767297-26-000002,12-MAY-2026,31-MAR-2026,546317603.0,173
HOLDERNESS INVESTMENTS CO,0001184820,0001184820-26-000002,12-MAY-2026,31-MAR-2026,497944541.0,252
Meiji Yasuda America Inc,0002072353,0001172661-26-001674,12-MAY-2026,31-MAR-2026,404437848.0,57
DEARBORN PARTNERS LLC,0001206792,0001104659-26-059082,12-MAY-2026,31-MAR-2026,1847289142.0,269
Matthew 25 Management Corp,0001351431,0001351431-26-000003,12-MAY-2026,31-MAR-2026,301114242.0,20
AI-Squared Management Ltd,0001933952,0001933952-26-000003,12-MAY-2026,31-MAR-2026,137414893.0,19
"GREAT LAKES ADVISORS, LLC",0001078013,0001078013-26-000003,12-MAY-2026,31-MAR-2026,12062729115.0,792
"Cascade Wealth Advisors, Inc",0002018936,0002018936-26-000002,12-MAY-2026,31-MAR-2026,227741068.0,60
"Circle Wealth Management, LLC",0001578242,0001578242-26-000002,12-MAY-2026,31-MAR-2026,7013117800.0,261
"Warwick Investment Management, Inc.",0001931041,0002063364-26-000155,12-MAY-2026,31-MAR-2026,690052282.0,137
"Thomas J. Herzfeld Advisors, Inc.",0001509510,0001398344-26-008954,12-MAY-2026,31-MAR-2026,294049993.0,115
PARUS FINANCE (UK) Ltd,0001611519,0001611519-26-000004,12-MAY-2026,31-MAR-2026,334459876.0,37
Temasek Holdings (Private) Ltd,0001021944,0001021944-26-000011,12-MAY-2026,31-MAR-2026,29723170328.0,132
Mitsubishi UFJ Trust & Banking Corp,0001462160,0001193125-26-218067,12-MAY-2026,31-MAR-2026,40558152034.0,1097
"SAPPHIRE VENTURES, L.L.C.",0001697665,0001172661-26-001667,12-MAY-2026,31-MAR-2026,99445647.0,4
Adams Wealth Management,0001803084,0001803084-26-000003,12-MAY-2026,31-MAR-2026,455438107.0,145
Collier Financial,0001902901,0001902901-26-000002,12-MAY-2026,31-MAR-2026,131124583.0,136
United Super Pty Ltd in its capacity as Trustee for the Construction & Building Unions Superannuation Fund,0001730896,0001730896-26-000004,12-MAY-2026,31-MAR-2026,5307293435.0,185
"TCG Capital Management, LP",0001930483,0001193125-26-218099,12-MAY-2026,31-MAR-2026,39439761.0,1
Boundless Plain Holdings Ltd,0002108192,0001104659-26-058959,12-MAY-2026,31-MAR-2026,303677385.0,22
SATURNA CAPITAL CORP,0001316617,0001316617-26-000005,12-MAY-2026,31-MAR-2026,7126763229.0,148
CATALYST FINANCIAL PARTNERS LLC,0001927537,0001927537-26-000002,12-MAY-2026,31-MAR-2026,846871203.0,370
COLRAIN CAPITAL LLC,0001216093,0002085853-26-000583,12-MAY-2026,31-MAR-2026,258678626.0,26
Silver Rock Financial LP,0001674784,0001172661-26-001662,12-MAY-2026,31-MAR-2026,49653407.0,22
Womack Financial LLC,0002107079,0002107079-26-000008,12-MAY-2026,31-MAR-2026,135905990.0,71
"Stokes Family Office, LLC",0001802278,0001062993-26-002504,12-MAY-2026,31-MAR-2026,968975311.0,276
"Rakuten Group, Inc.",0001294591,0001294591-26-000002,12-MAY-2026,31-MAR-2026,2575026920.0,3
Kepos Capital LP,1512020,0001512020-26-000008,12-MAY-2026,31-MAR-2026,61295.0,149
"VanWeelden Wealth Management, LLC",0001740451,0001951757-26-000820,12-MAY-2026,31-MAR-2026,125401269.0,31
HIMENSION CAPITAL (SINGAPORE) PTE. LTD.,0001817652,0001817652-26-000004,12-MAY-2026,31-MAR-2026,1301723547.0,135
"Chicago Wealth Management, Inc.",0001592178,0001592178-26-000003,12-MAY-2026,31-MAR-2026,250511451.0,59
Palumbo Wealth Management LLC,0001846310,0001951757-26-000821,12-MAY-2026,31-MAR-2026,409803985.0,221
Investidor Profissional Gestao de Recursos Ltda.,0001953154,0001953154-26-000002,12-MAY-2026,31-MAR-2026,155633693.0,20
CHESAPEAKE ASSET MANAGEMENT LLC,0001079397,0001079397-26-000011,12-MAY-2026,31-MAR-2026,124847172.0,312
Arbiter Partners Capital Management LLC,0001513193,0001062993-26-002509,12-MAY-2026,31-MAR-2026,147432045.0,40
"CURIO WEALTH, LLC",0002049201,0002049201-26-000002,12-MAY-2026,31-MAR-2026,292612084.0,1255
"IFG Advisory, LLC",0001728319,0001728319-26-000005,12-MAY-2026,31-MAR-2026,34884558.0,335
Riggs Asset Managment Co. Inc.,0001601348,0001601348-26-000002,12-MAY-2026,31-MAR-2026,485653302.0,127
"GUERRA PAN ADVISORS, LLC",0001910386,0001951757-26-000824,12-MAY-2026,31-MAR-2026,161667847.0,121
Valliance Asset Management Ltd,0001846639,0001846639-26-000004,12-MAY-2026,31-MAR-2026,121912507.0,8
XY Capital Ltd,0001933132,0001933132-26-000003,12-MAY-2026,31-MAR-2026,91317536.0,50
"ForthRight Wealth Management, LLC",0001841633,0001951757-26-000827,12-MAY-2026,31-MAR-2026,352516401.0,75
Virginia Estate & Retirement Planning Advisors Inc.,0002115327,0002115327-26-000002,12-MAY-2026,31-MAR-2026,57164773.0,159
WILSON ASSET MANAGEMENT (INTERNATIONAL) PTY LTD,0001914472,0001914472-26-000003,12-MAY-2026,31-MAR-2026,354046707.0,43
"Insight Advisors, LLC/ PA",0001844880,0001172661-26-001665,12-MAY-2026,31-MAR-2026,525470900.0,243
"Per Stirling Capital Management, LLC.",0001689933,0001689933-26-000003,12-MAY-2026,31-MAR-2026,905017026.0,308
"Telligent Fund, LP",0001470723,0001470723-26-000002,12-MAY-2026,31-MAR-2026,93619063.0,24
National Pension Service,0001608046,0001193125-26-217663,12-MAY-2026,31-MAR-2026,131679039771.0,562
Greencape Capital Pty Ltd,0001731029,0001172661-26-001670,12-MAY-2026,31-MAR-2026,59912157.0,1
Alphinity Investment Management Pty Ltd,0001731012,0001172661-26-001668,12-MAY-2026,31-MAR-2026,5680704850.0,29
"Telemark Asset Management, LLC",0001420816,0000898432-26-000352,12-MAY-2026,31-MAR-2026,1081759224.0,53
"Godfrey Financial Associates, Inc.",0002097943,0002097943-26-000002,12-MAY-2026,31-MAR-2026,116526256.0,1110
Long Corridor Asset Management Ltd,0001845501,0001845501-26-000003,12-MAY-2026,31-MAR-2026,411295637.0,38
Step Capital Management Pte. Ltd.,0002091341,0002091341-26-000003,12-MAY-2026,31-MAR-2026,249079316.0,27
Keeler Thomas Management LLC,0001730660,0001172661-26-001671,12-MAY-2026,31-MAR-2026,236267605.0,118
Cooper Capital Advisors LLC,0001957878,0001172661-26-001661,12-MAY-2026,31-MAR-2026,142918434.0,35
FIRST WILSHIRE SECURITIES MANAGEMENT INC,0000732847,0000732847-26-000007,12-MAY-2026,31-MAR-2026,443875536.0,85
Gouws Capital LLC,0001908828,0001172661-26-001678,12-MAY-2026,31-MAR-2026,188891247.0,58
Fortis Capital Management LLC,0001802167,0001398344-26-008947,12-MAY-2026,31-MAR-2026,747528098.0,206
EVERMAY WEALTH MANAGEMENT LLC,0001066816,0001066816-26-000003,12-MAY-2026,31-MAR-2026,902061574.0,594
Tufton Capital Management,0001055963,0001055963-26-000002,12-MAY-2026,31-MAR-2026,549677.0,126
BRILLIANCE ASSET MANAGEMENT LTD,0001665751,0001665751-26-000003,12-MAY-2026,31-MAR-2026,339052079.0,16
Arrow Capital Pty Ltd,0002005134,0002005134-26-000005,12-MAY-2026,31-MAR-2026,99964781.0,17
Green Court Capital Management Ltd,0001710785,0001710785-26-000003,12-MAY-2026,31-MAR-2026,108078550.0,5
WPWealth LLP,0001950118,0001950118-26-000002,12-MAY-2026,31-MAR-2026,654247150.0,97
"Crestwood Capital Management, L.P.",0001468395,0001468395-26-000003,12-MAY-2026,31-MAR-2026,145522038.0,15
Life Cycle Investment Partners Ltd,0002072459,0002072459-26-000007,12-MAY-2026,31-MAR-2026,15685646791.0,130
Provident Co of the Employees of the Hebrew University LTD,0002016961,0001178913-26-002577,12-MAY-2026,31-MAR-2026,63412402.0,26
GCQ FUNDS MANAGEMENT PTY Ltd,0002031554,0002031554-26-000003,12-MAY-2026,31-MAR-2026,752889894.0,11
"GRAHAM CAPITAL WEALTH MANAGEMENT, LLC",0001907528,0001951757-26-000825,12-MAY-2026,31-MAR-2026,112616086.0,56
WIM INVESTMENT MANAGEMENT Ltd,0002042565,0002042565-26-000004,12-MAY-2026,31-MAR-2026,337333664.0,20
Jeter Robert S II,0002093023,0001754960-26-000375,12-MAY-2026,31-MAR-2026,100409854.0,43
Quantedge Capital Pte Ltd,0001561418,0001561418-26-000008,12-MAY-2026,31-MAR-2026,182808677.0,51
"Reyes Financial Architecture, Inc.",0002047201,0002047201-26-000002,12-MAY-2026,31-MAR-2026,122358934.0,348
"Second Half Financial Partners, LLC",0001946654,0001946654-26-000002,12-MAY-2026,31-MAR-2026,222104570.0,96
ITHAKA GROUP LLC,0001484043,0001104659-26-059088,12-MAY-2026,31-MAR-2026,481917207.0,38
"Millennium Capital Advisors, LLC",0002097025,0001172661-26-001664,12-MAY-2026,31-MAR-2026,162465905.0,133
Intel Corp,0000050863,0000050863-26-000110,12-MAY-2026,31-MAR-2026,470012761.0,2
Schiavi & Co LLC,0001840014,0001840014-26-000003,12-MAY-2026,31-MAR-2026,336795580.0,50
"Haven Global Partners, LLC",0002051846,0001172661-26-001677,12-MAY-2026,31-MAR-2026,106327842.0,8
CHANNEL WEALTH LLC,0001975550,0001975550-26-000003,12-MAY-2026,31-MAR-2026,412808715.0,173
CacheTech Inc.,0002013390,0002013390-26-000002,12-MAY-2026,31-MAR-2026,518915246.0,177
Persistent Asset Partners Ltd,0002056052,0002056052-26-000003,12-MAY-2026,31-MAR-2026,257506182.0,239
Leading Edge Financial Planning LLC,0001967205,0001951757-26-000822,12-MAY-2026,31-MAR-2026,475239278.0,72
"Disciplined Investments, LLC",0001812492,0001951757-26-000823,12-MAY-2026,31-MAR-2026,278544308.0,141
"a16z Perennial Management, L.P.",0002009275,0002009275-26-000002,12-MAY-2026,31-MAR-2026,1201944561.0,142
"Marin Bay Wealth Advisors, LLC",0002109834,0001172661-26-001666,12-MAY-2026,31-MAR-2026,166276637.0,127
Rathbones Group PLC,0001351991,0001140361-26-020703,12-MAY-2026,31-MAR-2026,23405086006.0,643
"LightSquare Wealth Management, LLC",0002118318,0001754960-26-000373,12-MAY-2026,31-MAR-2026,133487117.0,92
SHENKMAN CAPITAL MANAGEMENT INC,0001275228,0001275228-26-000004,12-MAY-2026,31-MAR-2026,830588265.0,81
TOBAM,0001527488,0001527488-26-000004,12-MAY-2026,31-MAR-2026,384172.0,250
"Old North State Trust, LLC",0001760444,0001760444-26-000002,13-MAY-2026,31-MAR-2026,168392.0,150
iSAM Funds (UK) Ltd,0001919867,0001172661-26-001790,13-MAY-2026,31-MAR-2026,202519139.0,291
"Bratton Capital Management, L.P.",0001723787,0001315863-26-000406,13-MAY-2026,31-MAR-2026,40715476.0,1
"Signature Equity Partners, LLC",0002109813,0002109813-26-000002,13-MAY-2026,31-MAR-2026,186347615.0,1550
Visionary Wealth Advisors,0001802984,0001802984-26-000004,13-MAY-2026,31-MAR-2026,2260371341.0,638
SEI INVESTMENTS CO,0000350894,0002048251-26-003739,13-MAY-2026,31-MAR-2026,108447233183.0,3228
Hollow Brook Wealth Management LLC,0001455251,0001172661-26-001778,13-MAY-2026,31-MAR-2026,391951239.0,70
Intrepid Financial Planning Group LLC,0001641296,0001214659-26-006079,13-MAY-2026,31-MAR-2026,247758394.0,125
"Harspring Capital Management, LLC",0001652327,0001652327-26-000005,13-MAY-2026,31-MAR-2026,190080951.0,14
Senator Investment Group LP,0001443689,0001443689-26-000006,13-MAY-2026,31-MAR-2026,2177766243.0,59
Kore Advisors LP,0001971339,0001172661-26-001815,13-MAY-2026,31-MAR-2026,87843751.0,15
"Yorkville Advisors Global, LP",0001838613,0001104659-26-060220,13-MAY-2026,31-MAR-2026,147011072.0,38
Rosenblum Silverman Sutton S F Inc /ca,0000918893,0000918893-26-000004,13-MAY-2026,31-MAR-2026,382299940.0,76
Atlas Wealth LLC,0001964106,0001964106-26-000003,13-MAY-2026,31-MAR-2026,333610745.0,115
"Provident Investment Management, Inc.",0001076964,0001076964-26-000003,13-MAY-2026,31-MAR-2026,1007069431.0,82
Barbara Oil Co.,0001599670,0001104659-26-060139,13-MAY-2026,31-MAR-2026,259489718.0,69
"Lido Advisors, LLC",0001650150,0001172661-26-001805,13-MAY-2026,31-MAR-2026,25488438875.0,1743
Oak Grove Capital LLC,0001661762,0001580642-26-003162,13-MAY-2026,31-MAR-2026,582289542.0,82
"CNO Financial Group, Inc.",0001224608,0001224608-26-000049,13-MAY-2026,31-MAR-2026,174426642.0,8
"Daner Wealth Management, LLC",0001956649,0001956649-26-000002,13-MAY-2026,31-MAR-2026,170143367.0,88
"RWA WEALTH PARTNERS, LLC",0001544576,0001544576-26-000004,13-MAY-2026,31-MAR-2026,9136527348.0,618
Choate Investment Advisors,0001399794,0001398344-26-009072,13-MAY-2026,31-MAR-2026,5110006630.0,438
"PFC CAPITAL GROUP, INC.",0002010374,0002010374-26-000002,13-MAY-2026,31-MAR-2026,226812.0,90
Lavaca Capital LLC,0001641447,0001420506-26-000974,13-MAY-2026,31-MAR-2026,538019109.0,277
CI INVESTMENTS INC.,0001163648,0001163648-26-000005,13-MAY-2026,31-MAR-2026,20646390587.0,613
Sagewood Asset Management LP,0001693636,0001172661-26-001796,13-MAY-2026,31-MAR-2026,319235858.0,337
Quantbot Technologies LP,0001512991,0001512991-26-000003,13-MAY-2026,31-MAR-2026,2443986537.0,1650
"Dickmeyer Boyce Financial Management, Inc.",0002038325,0002085853-26-000591,13-MAY-2026,31-MAR-2026,169940757.0,125
DEVON ENERGY CORP/DE,0001090012,0001193125-26-221891,13-MAY-2026,31-MAR-2026,475716058.0,1
Summitas Investment Management LLC,0002134540,0001951757-26-000848,13-MAY-2026,31-MAR-2026,127531044.0,10
Walleye Capital LLC,0001758720,0001758720-26-000004,13-MAY-2026,31-MAR-2026,16284073421.0,1777
"Parker Investment Management, LLC",0001672070,0001376474-26-000370,13-MAY-2026,31-MAR-2026,658164621.0,37
Olympiad Research LP,0001787147,0001172661-26-001777,13-MAY-2026,31-MAR-2026,32829179.0,86
"Wealthspire Retirement, LLC",0002040084,0002040084-26-000003,13-MAY-2026,31-MAR-2026,1666973133.0,310
"MONOGRAPH WEALTH ADVISORS, LLC",0001776588,0001776588-26-000002,13-MAY-2026,31-MAR-2026,1054725190.0,144
"Williamson Legacy Group, LLC",0002011965,0001765380-26-000210,13-MAY-2026,31-MAR-2026,133384211.0,81
"Inspire Investing, LLC",0001670139,0001670139-26-000006,13-MAY-2026,31-MAR-2026,498481178.0,313
EJF Capital LP,0001353254,0000895345-26-000221,13-MAY-2026,31-MAR-2026,141910922.0,69
"Bridge City Capital, LLC",0001713521,0001713521-26-000002,13-MAY-2026,31-MAR-2026,360813511.0,108
Banque Transatlantique SA,0002056095,0002056095-26-000003,13-MAY-2026,31-MAR-2026,4171778427.0,442
Khan Imran,0001699292,0000950142-26-001366,13-MAY-2026,31-MAR-2026,2927925.0,1
FIRST CITIZENS BANK & TRUST CO,0001092203,0001092203-26-000002,13-MAY-2026,31-MAR-2026,4747816513.0,634
PETRA FINANCIAL ADVISORS INC,0001971427,0001951757-26-000849,13-MAY-2026,31-MAR-2026,161604705.0,117
SCOTIA CAPITAL INC.,0001335644,0001335644-26-000002,13-MAY-2026,31-MAR-2026,24329461741.0,916
"NFJ INVESTMENT GROUP, LLC",0001862664,0001862664-26-000004,13-MAY-2026,31-MAR-2026,2639802042.0,221
STEELHEAD PARTNERS LLC,0001133521,0001133521-26-000011,13-MAY-2026,31-MAR-2026,1391195204.0,24
"Prosperity Financial Group, Inc.",0001991334,0001172661-26-001809,13-MAY-2026,31-MAR-2026,270779605.0,186
V3 Holding Ltd,0001887845,0001123292-26-000658,13-MAY-2026,31-MAR-2026,789145851.0,1
Impala Asset Management LLC,0001317679,0001104659-26-060155,13-MAY-2026,31-MAR-2026,214629764.0,26
Arvest Bank Trust Division,0001625959,0001625959-26-000002,13-MAY-2026,31-MAR-2026,1840137549.0,221
LASALLE INVESTMENT MANAGEMENT SECURITIES LLC,0001085601,0001085601-26-000004,13-MAY-2026,31-MAR-2026,2530160895.0,48
"LEVIN CAPITAL STRATEGIES, L.P.",0001354821,0001354821-26-000003,13-MAY-2026,31-MAR-2026,1314629029.0,221
"CPWA, LLC",0002134744,0001420506-26-000965,13-MAY-2026,31-MAR-2026,83699114.0,90
Endurance Services Ltd,0002011025,0002011025-26-000002,13-MAY-2026,31-MAR-2026,593817187.0,8
GLOBAL STRATEGIC MANAGEMENT INC,0001413303,0001413303-26-000002,13-MAY-2026,31-MAR-2026,120438.0,25
Crews Bank & Trust,0002052279,0001140361-26-020988,13-MAY-2026,31-MAR-2026,689759044.0,673
SYSTEMATIC FINANCIAL MANAGEMENT LP,0001085936,0001085936-26-000016,13-MAY-2026,31-MAR-2026,4361487396.0,247
DAVIS R M INC,0000891287,0000891287-26-000003,13-MAY-2026,31-MAR-2026,5633705377.0,273
"Silversmith Partners I GP, LLC",0001866164,0001193125-26-221931,13-MAY-2026,31-MAR-2026,39220899.0,1
May Barnhard Investments LLC,0002052759,0001172661-26-001795,13-MAY-2026,31-MAR-2026,205995507.0,84
"Forefront Analytics, LLC",0001696802,0001696802-26-000003,13-MAY-2026,31-MAR-2026,109950881.0,39
Great Mountain Partners LLC,0001815467,0001815467-26-000001,13-MAY-2026,31-MAR-2026,15080309.0,1
"CROSSPOINT FINANCIAL, LLC",0001927769,0001927769-26-000002,13-MAY-2026,31-MAR-2026,39795336.0,35
Integrated Quantitative Investments LLC,0002046834,0001941040-26-000332,13-MAY-2026,31-MAR-2026,551293454.0,385
MCINTYRE FREEDMAN & FLYNN INVESTMENT ADVISERS INC,0001015877,0001015877-26-000004,13-MAY-2026,31-MAR-2026,176385984.0,81
"First Trust Bank, Ltd.",0001406026,0000945621-26-000685,13-MAY-2026,31-MAR-2026,50880996.0,7
MONETARY MANAGEMENT GROUP INC,0001133014,0001214659-26-006077,13-MAY-2026,31-MAR-2026,418722529.0,332
JOHNSON & JOHNSON,0000200406,0000904454-26-000280,13-MAY-2026,31-MAR-2026,652355946.0,16
DOW CHEMICAL CO /DE/,0000029915,0001193125-26-221660,13-MAY-2026,31-MAR-2026,238765032.0,5
"FORTRESS PRIVATE LEDGER, LLC",0001718251,0001718251-26-000009,13-MAY-2026,31-MAR-2026,319512860.0,245
B & T Capital Management DBA Alpha Capital Management,0001450935,0001450935-26-000005,13-MAY-2026,31-MAR-2026,689892639.0,115
"Acumen Wealth Advisors, LLC",0001939202,0001939202-26-000003,13-MAY-2026,31-MAR-2026,371782328.0,439
"KVP Capital Advisors, LP",0001858198,0001104659-26-060329,13-MAY-2026,31-MAR-2026,133897129.0,32
Sycale Advisors (NY) LLC,0001811522,0001172661-26-001806,13-MAY-2026,31-MAR-2026,199589244.0,17
BANK OF NOVA SCOTIA TRUST CO,0001335382,0001335382-26-000002,13-MAY-2026,31-MAR-2026,1164859793.0,161
Goepper Burkhardt LLC,0001844142,0001844142-26-000002,13-MAY-2026,31-MAR-2026,299276190.0,97
"Lantern Wealth Advisors, LLC",0001950218,0001172661-26-001792,13-MAY-2026,31-MAR-2026,194974858.0,174
Arax Advisory Partners,0001586767,0001586767-26-000003,13-MAY-2026,31-MAR-2026,3541771861.0,3766
Alpha Family Trust,0001568991,0001193125-26-221997,13-MAY-2026,31-MAR-2026,206058693.0,203
Sierra Legacy Group,0002056766,0001172661-26-001784,13-MAY-2026,31-MAR-2026,131112466.0,77
"Clearwater Capital Advisors, LLC",0001690531,0001690531-26-000003,13-MAY-2026,31-MAR-2026,1238990557.0,177
"Kopernik Global Investors, LLC",0001599814,0001599814-26-000003,13-MAY-2026,31-MAR-2026,1431650300.0,27
"Mach-1 Financial Group, LLC",0001843358,0001172661-26-001794,13-MAY-2026,31-MAR-2026,284047092.0,161
"Bowie Capital Management, LLC",0001691982,0001691982-26-000003,13-MAY-2026,31-MAR-2026,2113936085.0,29
Agave Capital Management Ltd,0002099846,0002099846-26-000006,13-MAY-2026,31-MAR-2026,621655797.0,8
"Jaffetilchin Investment Partners, LLC",0001404652,0001404652-26-000003,13-MAY-2026,31-MAR-2026,1680506581.0,461
KCM Capital Inc,0002026745,0002026745-26-000004,13-MAY-2026,31-MAR-2026,535647110.0,31
TradeLink Capital LLC,0001642044,0001642044-26-000004,13-MAY-2026,31-MAR-2026,13232.0,25
Lennar Corp /New/,0000920760,0001193125-26-221775,13-MAY-2026,31-MAR-2026,64022949.0,4
"Callan Family Office, LLC",0001938970,0001938970-26-000003,13-MAY-2026,31-MAR-2026,4406837568.0,1131
"Ascension Capital Advisors, Inc.",0001689227,0001689227-26-000003,13-MAY-2026,31-MAR-2026,317777906.0,82
Wahed Invest LLC,0001763146,0001763146-26-000002,13-MAY-2026,31-MAR-2026,770347459.0,225
"GW&K Investment Management, LLC",0001082917,0001082917-26-000002,13-MAY-2026,31-MAR-2026,11342046.0,1020
CRCM LP,0001483234,0000898432-26-000361,13-MAY-2026,31-MAR-2026,141241468.0,8
AR ASSET MANAGEMENT INC,0001080166,0001080166-26-000002,13-MAY-2026,31-MAR-2026,517349.0,119
"Roberts Capital Advisors, LLC",0001883719,0001883719-26-000002,13-MAY-2026,31-MAR-2026,0.0,1
"American Investment Services, Inc.",0001369913,0001369913-26-000002,13-MAY-2026,31-MAR-2026,448312480.0,132
"American Financial Advisors, LLC",0001767898,0002085853-26-000589,13-MAY-2026,31-MAR-2026,749504078.0,159
"Toronado Partners, LLC",0001749611,0001420506-26-000971,13-MAY-2026,31-MAR-2026,53003444.0,11
GROUP ONE TRADING LLC,0000932540,0000932540-26-000005,13-MAY-2026,31-MAR-2026,3027945214.0,2167
New England Professional Planning Group Inc.,0001540867,0001540867-26-000002,13-MAY-2026,31-MAR-2026,239264600.0,49
"Fusion Capital, LLC",0001802955,0001104659-26-060085,13-MAY-2026,31-MAR-2026,370624986.0,104
"Martin Investment Management, LLC",0001511888,0001172661-26-001775,13-MAY-2026,31-MAR-2026,334104277.0,46
"Orchard Capital Management, LLC",0001858319,0001104659-26-060286,13-MAY-2026,31-MAR-2026,76382910.0,45
"HIGHLAND PEAK CAPITAL, LLC",0001961320,0001214659-26-006090,13-MAY-2026,31-MAR-2026,229565724.0,13
"Alesco Advisors, LLC, An ESL Co",0001269978,0001140361-26-021007,13-MAY-2026,31-MAR-2026,3919356311.0,243
CAMBRIDGE ASSOCIATES LLC /MA/ /ADV,0000733986,0001062993-26-002581,13-MAY-2026,31-MAR-2026,6308122916.0,64
"Merck & Co., Inc.",0000310158,0000310158-26-000141,13-MAY-2026,31-MAR-2026,349437632.0,14
"DLD Asset Management, LP",0001578299,0001578299-26-000005,13-MAY-2026,31-MAR-2026,986399326.0,325
"Quantum Capital Management, LLC / NJ",0001513125,0001513125-26-000003,13-MAY-2026,31-MAR-2026,781447647.0,34
Hauser Brothers GmbH,0001508236,0001508236-26-000003,13-MAY-2026,31-MAR-2026,71362572.0,4
Cetera Investment Advisers,0001666741,0001666741-26-000002,13-MAY-2026,31-MAR-2026,94000142614.0,4674
Blacksheep Fund Management Ltd,0001800249,0001172661-26-001782,13-MAY-2026,31-MAR-2026,247201034.0,8
"Measured Wealth Private Client Group, LLC",0001720235,0001720235-26-000004,13-MAY-2026,31-MAR-2026,366113850.0,726
WIREGRASS INVESTMENT MANAGEMENT LLC,0002109460,0001951757-26-000851,13-MAY-2026,31-MAR-2026,120637324.0,96
LINCLUDEN MANAGEMENT LTD,0001058231,0001140361-26-021020,13-MAY-2026,31-MAR-2026,938946.0,70
"Carter Financial, LLC",0002115533,0001172661-26-001814,13-MAY-2026,31-MAR-2026,114993374.0,28
"FSB PREMIER WEALTH MANAGEMENT, INC.",0000887748,0000887748-26-000005,13-MAY-2026,31-MAR-2026,319240448.0,251
AmeriServ Wealth Advisors,0001102062,0001172661-26-001807,13-MAY-2026,31-MAR-2026,156665647.0,59
"PRINCIPAL SECURITIES, INC.",0000012600,0000012600-26-000009,13-MAY-2026,31-MAR-2026,6817676286.0,1411
"NewEdge Wealth, LLC",0001861796,0001580642-26-003156,13-MAY-2026,31-MAR-2026,8379162460.0,1109
"Envision Financial Transparency, LLC",0002080849,0002080849-26-000002,13-MAY-2026,31-MAR-2026,102911.0,56
"Focus Partners Advisor Solutions, LLC",0001868872,0001868872-26-000003,13-MAY-2026,31-MAR-2026,9923578893.0,1249
"NATIXIS ADVISORS, LLC",0001018331,0001018331-26-000004,13-MAY-2026,31-MAR-2026,71888959.0,1684
Decas Capital LLC,0001920624,0001920624-26-000004,13-MAY-2026,31-MAR-2026,0.0,1
South Street Advisors LLC,0001399706,0001172661-26-001789,13-MAY-2026,31-MAR-2026,690292550.0,83
"17 CAPITAL PARTNERS, LLC",0001727407,0001727407-26-000004,13-MAY-2026,31-MAR-2026,193248370.0,170
Somerset Group LLC,0001567912,0001062993-26-002574,13-MAY-2026,31-MAR-2026,134643617.0,59
"SOUTH PLAINS FINANCIAL, INC.",0001163668,0001140361-26-021063,13-MAY-2026,31-MAR-2026,171958334.0,224
"Aureus Asset Management, LLC",0001381296,0001381296-26-000002,13-MAY-2026,31-MAR-2026,1501265255.0,225
"NWM ADVISORS, LLC",0002098824,0002098824-26-000002,13-MAY-2026,31-MAR-2026,109780627.0,23
"McDonough Capital Management, Inc",0001912128,0001912128-26-000002,13-MAY-2026,31-MAR-2026,182919576.0,50
"Mercato Management Legacy, LLC",0002113675,0002113675-26-000005,13-MAY-2026,31-MAR-2026,54278594.0,1
SACHEM HILL LLC,0001994333,0001941040-26-000331,13-MAY-2026,31-MAR-2026,516263094.0,65
MWA Asset Management,0001903058,0001903058-26-000006,13-MAY-2026,31-MAR-2026,182582321.0,126
McMill Wealth Management,0002056447,0002056447-26-000002,13-MAY-2026,31-MAR-2026,376117944.0,58
GSG Advisors LLC,0001995773,0001995773-26-000002,13-MAY-2026,31-MAR-2026,384986602.0,137
"Private Wealth Advisors, LLC",0001787027,0001172661-26-001791,13-MAY-2026,31-MAR-2026,355612364.0,95
Prestige Wealth Management Group LLC,0001772715,0001772715-26-000009,13-MAY-2026,31-MAR-2026,509286942.0,1123
Bluegrass Capital Partners LP,0001727353,0001420506-26-000969,13-MAY-2026,31-MAR-2026,138784436.0,10
Holowesko Partners Ltd.,0001428569,0001428569-26-000002,13-MAY-2026,31-MAR-2026,356677375.0,31
"Provident Living Financial Services, Inc.",0002083149,0002083149-26-000002,13-MAY-2026,31-MAR-2026,90637108.0,48
UNITED SERVICES AUTOMOBILE ASSOCIATION,0001021249,0001193125-26-220922,13-MAY-2026,31-MAR-2026,850558279.0,14
CROBAN,0001694663,0001694663-26-000002,13-MAY-2026,31-MAR-2026,212587220.0,73
"Clearbridge Investments, LLC",0001348883,0001348883-26-000011,13-MAY-2026,31-MAR-2026,114887821297.0,690
Quilter Plc,0001770632,0001770632-26-000002,13-MAY-2026,31-MAR-2026,5695795437.0,124
S&T Bank/PA,0001010911,0001010911-26-000009,13-MAY-2026,31-MAR-2026,267863066.0,411
NORDEA INVESTMENT MANAGEMENT AB,0001218210,0001218210-26-000013,13-MAY-2026,31-MAR-2026,107196694526.0,864
"Richard W. Paul & Associates, LLC",0001964203,0001964203-26-000002,13-MAY-2026,31-MAR-2026,297116844.0,300
Athos Capital Ltd,0001681662,0001681662-26-000003,13-MAY-2026,31-MAR-2026,324342.0,44
"RHL GROUP, LLC",0002066311,0002066311-26-000003,13-MAY-2026,31-MAR-2026,117115437.0,240
FTX Recovery Trust,0002079200,0001193125-26-220546,13-MAY-2026,31-MAR-2026,11799720.0,1
Artisan Partners Limited Partnership,0001466153,0001193125-26-220594,13-MAY-2026,31-MAR-2026,61307505835.0,328
"TRANSCEND CAPITAL ADVISORS, LLC",0001776082,0001776082-26-000003,13-MAY-2026,31-MAR-2026,1245398854.0,718
Goodwin Investment Advisory,0001803294,0001420506-26-000952,13-MAY-2026,31-MAR-2026,83992477.0,29
Dream Peak Capital Ltd,0002032148,0002032148-26-000008,13-MAY-2026,31-MAR-2026,674785955.0,6
"Capital Group Private Client Services, Inc.",0001857666,0001857666-26-000004,13-MAY-2026,31-MAR-2026,5931151691.0,240
"Cygnus Capital Advisors, LLC",0002114319,0002114319-26-000005,13-MAY-2026,31-MAR-2026,146324.0,111
"Park Square Financial Group, LLC",0002058285,0002058285-26-000002,13-MAY-2026,31-MAR-2026,13169570.0,245
Concord Investment Counsel Inc.,0002022154,0002022154-26-000002,13-MAY-2026,31-MAR-2026,296967485.0,41
Argent Trust Co,0001625292,0001625292-26-000004,13-MAY-2026,31-MAR-2026,2946885548.0,708
Fourier Capital Management Ltd,0002107705,0002107705-26-000003,13-MAY-2026,31-MAR-2026,100133218.0,14
MARSICO CAPITAL MANAGEMENT LLC,0001055966,0001398344-26-009045,13-MAY-2026,31-MAR-2026,3402912001.0,65
Heritage Trust Co,0001706028,0001706028-26-000004,13-MAY-2026,31-MAR-2026,996828930.0,308
NorthCoast Asset Management LLC,0001665198,0001765380-26-000207,13-MAY-2026,31-MAR-2026,4314107948.0,484
Forum Private Client Group LLC,0001910636,0001104659-26-059955,13-MAY-2026,31-MAR-2026,300069390.0,80
"Buckley Wealth Management, LLC",0001730126,0001172661-26-001762,13-MAY-2026,31-MAR-2026,391847042.0,103
Informed Momentum Co LLC,0001510989,0001104659-26-059851,13-MAY-2026,31-MAR-2026,866235640.0,273
"Kimelman & Baird, LLC",0001318103,0000890163-26-000005,13-MAY-2026,31-MAR-2026,1215200425.0,263
First Beijing Investment Ltd,0001701717,0001701717-26-000010,13-MAY-2026,31-MAR-2026,2318567326.0,12
Galilei Investment Office LLP,0002043729,0002043729-26-000002,13-MAY-2026,31-MAR-2026,192988793.0,25
OPUS INVESTMENT MANAGEMENT INC,0001097833,0001097833-26-000005,13-MAY-2026,31-MAR-2026,167606355.0,30
PICTON MAHONEY ASSET MANAGEMENT,0001539041,0001539041-26-000013,13-MAY-2026,31-MAR-2026,9595296686.0,1199
BANK OZK,0001569650,0001193125-26-220947,13-MAY-2026,31-MAR-2026,283467940.0,149
HILL ISLAND FINANCIAL LLC,0001909798,0001951757-26-000842,13-MAY-2026,31-MAR-2026,411598289.0,84
"1620 INVESTMENT ADVISORS, INC.",0001907281,0001907281-26-000002,13-MAY-2026,31-MAR-2026,147835198.0,658
"RK Capital Management, LLC/FL",0001905218,0001214659-26-006021,13-MAY-2026,31-MAR-2026,43508677.0,23
"Spruce Point Capital Management, LLC",0001731579,0001214659-26-006017,13-MAY-2026,31-MAR-2026,74812493.0,19
KLINGENSTEIN FIELDS & CO LP,0000859872,0001398344-26-009033,13-MAY-2026,31-MAR-2026,2537088539.0,186
Arkos Global Advisors,0001769089,0001769089-26-000004,13-MAY-2026,31-MAR-2026,796824.0,199
"BIOS Capital Management, LP",0001813845,0001813845-26-000003,13-MAY-2026,31-MAR-2026,52866306.0,6
"TIEMANN INVESTMENT ADVISORS, LLC",0001575151,0001575151-26-000004,13-MAY-2026,31-MAR-2026,254972658.0,204
Infini Capital Management Ltd,0001936249,0001936249-26-000003,13-MAY-2026,31-MAR-2026,0.0,1
Gordian Capital Singapore Pte Ltd,0001869164,0001869164-26-000004,13-MAY-2026,31-MAR-2026,59841312.0,124
STATE FARM MUTUAL AUTOMOBILE INSURANCE CO,0000315032,0000315032-26-000003,13-MAY-2026,31-MAR-2026,126857699157.0,113
"Capital CS Group, LLC",0001830008,0001830008-26-000002,13-MAY-2026,31-MAR-2026,48447806.0,56
"Harfst & Associates, Inc.",0001649147,0001172661-26-001743,13-MAY-2026,31-MAR-2026,560198468.0,121
MAR VISTA INVESTMENT PARTNERS LLC,0001419999,0001214659-26-006024,13-MAY-2026,31-MAR-2026,999737330.0,35
Cliffwater LLC,0001659851,0001104659-26-059985,13-MAY-2026,31-MAR-2026,377360423.0,20
PRUDENTIAL FINANCIAL INC,0001137774,0001137774-26-000107,13-MAY-2026,31-MAR-2026,81206414524.0,2401
XPONANCE LLC,0001637541,0001172661-26-001769,13-MAY-2026,31-MAR-2026,14070105150.0,1686
CloudAlpha Capital Management Limited/Hong Kong,0001745907,0001745907-26-000004,13-MAY-2026,31-MAR-2026,909520181.0,37
CLEAR WAVE WEALTH MANAGEMENT LLC,0002113615,0002113615-26-000002,13-MAY-2026,31-MAR-2026,393528833.0,170
Egerton Capital (UK) LLP,0001581811,0001581811-26-000005,13-MAY-2026,31-MAR-2026,9010197462.0,24
AE Wealth Management LLC,0001697723,0001697723-26-000006,13-MAY-2026,31-MAR-2026,18492880764.0,2591
"O'SHAUGHNESSY ASSET MANAGEMENT, LLC",0001423442,0001423442-26-000002,13-MAY-2026,31-MAR-2026,19930677488.0,2624
"UBS AM, a distinct business unit of UBS ASSET MANAGEMENT AMERICAS LLC",0000861177,0000861177-26-000003,13-MAY-2026,31-MAR-2026,480979588152.0,3807
Exor N.V.,0001589122,0001193125-26-220683,13-MAY-2026,31-MAR-2026,5383777800.0,3
BANK OF MONTREAL /CAN/,0000927971,0000927971-26-000078,13-MAY-2026,31-MAR-2026,245166575475.0,3220
"Gator Capital Management, LLC",0001570284,0001062993-26-002558,13-MAY-2026,31-MAR-2026,468872858.0,90
Ruffer LLP,0001426859,0001426859-26-000005,13-MAY-2026,31-MAR-2026,2444304720.0,176
Donoghue Forlines LLC,0001702435,0001172661-26-001748,13-MAY-2026,31-MAR-2026,361382498.0,118
"Lloyd Advisory Services, LLC.",0001802474,0001802474-26-000002,13-MAY-2026,31-MAR-2026,349397914.0,864
Briar Hall Management LLC,0001728354,0001104659-26-059936,13-MAY-2026,31-MAR-2026,6724733487.0,1
"Caitlin John, LLC",0002010947,0002010947-26-000002,13-MAY-2026,31-MAR-2026,165852384.0,916
180 GPS Investments IC Ltd,0002077902,0002077902-26-000003,13-MAY-2026,31-MAR-2026,0.0,1
GARDNER RUSSO & QUINN LLC,0000860643,0000860643-26-000003,13-MAY-2026,31-MAR-2026,8496278296.0,86
WINDWARD CAPITAL MANAGEMENT CO /CA,0001078635,0001172661-26-001747,13-MAY-2026,31-MAR-2026,1227931224.0,69
Marex Group plc,0001997464,0001997464-26-000058,13-MAY-2026,31-MAR-2026,9638943554.0,883
CAPITAL GROUP INVESTMENT MANAGEMENT PTE. LTD.,0001939970,0001939970-26-000004,13-MAY-2026,31-MAR-2026,584976705.0,140
"Boulay Financial Advisors, LLC",0002056342,0002056342-26-000002,13-MAY-2026,31-MAR-2026,871316402.0,5
CAPITAL INTERNATIONAL LTD /CA/,0001065350,0001065350-26-000008,13-MAY-2026,31-MAR-2026,2698199428.0,146
"Hirtle & Co., LLC",0001360710,0001104659-26-059984,13-MAY-2026,31-MAR-2026,2919333564.0,112
"Promethos Capital, LLC",0001908619,0001398344-26-009055,13-MAY-2026,31-MAR-2026,372117880.0,46
"LAFFER TENGLER INVESTMENTS, INC.",0001307878,0001172661-26-001771,13-MAY-2026,31-MAR-2026,677244198.0,182
"DG Capital Management, LLC",0001512716,0001512716-26-000009,13-MAY-2026,31-MAR-2026,231239499.0,19
Vista Cima Wealth Management LLC,0002055907,0002055907-26-000002,13-MAY-2026,31-MAR-2026,101229838.0,48
"Wealth Advisors of Iowa, LLC",0001803005,0001803005-26-000002,13-MAY-2026,31-MAR-2026,323244039.0,87
"Cornerstone Select Advisors, LLC",0002055366,0001104659-26-060022,13-MAY-2026,31-MAR-2026,159715212.0,124
"Connective Capital Management, LLC",0001543568,0001543568-26-000007,13-MAY-2026,31-MAR-2026,121130772.0,66
FRANKLIN RESOURCES INC,0000038777,0000038777-26-000124,13-MAY-2026,31-MAR-2026,408291873057.0,3147
NEUMEIER POMA INVESTMENT COUNSEL LLC,0001044936,0001104659-26-059673,13-MAY-2026,31-MAR-2026,1213284716.0,41
"Valued Retirements, Inc.",0002044874,0002044874-26-000004,13-MAY-2026,31-MAR-2026,102316566.0,90
"Nierenberg Investment Management Company, LLC",0001282683,0001941040-26-000327,13-MAY-2026,31-MAR-2026,200825901.0,44
"Southeast Asset Advisors, LLC",0001390003,0001104659-26-059874,13-MAY-2026,31-MAR-2026,912539932.0,217
"GRAYBILL WEALTH MANAGEMENT, LTD.",0001252007,0001252007-26-000002,13-MAY-2026,31-MAR-2026,328459374.0,83
Korea Investment CORP,0001441689,0001193125-26-220193,13-MAY-2026,31-MAR-2026,48269700182.0,688
M&G PLC,0001802539,0001193125-26-220581,13-MAY-2026,31-MAR-2026,19341300294.0,377
Silver Heights Capital Management Inc,0001705712,0001705712-26-000010,13-MAY-2026,31-MAR-2026,260208981.0,4
Capital International Investors,0001562230,0001562230-26-000049,13-MAY-2026,31-MAR-2026,426517500633.0,438
"Objectivity Squared, LLC",0002011113,0001951757-26-000845,13-MAY-2026,31-MAR-2026,158628078.0,55
"Columbus Hill Capital Management, L.P.",0001384982,0001193125-26-220761,13-MAY-2026,31-MAR-2026,592485875.0,21
"Archvest Wealth Advisors, Inc.",0001910174,0001910174-26-000003,13-MAY-2026,31-MAR-2026,154990747.0,74
RFP Financial Group LLC,0001956564,0001956564-26-000002,13-MAY-2026,31-MAR-2026,183977743.0,62
"West Virginia University Foundation, Inc",0002109379,0002109379-26-000033,13-MAY-2026,31-MAR-2026,623431010.0,2
"Drake & Associates, LLC",0001935795,0001935795-26-000002,13-MAY-2026,31-MAR-2026,524761686.0,97
Aster Capital Management (DIFC) Ltd,0002040915,0002040915-26-000003,13-MAY-2026,31-MAR-2026,305950606.0,809
"49 WEALTH MANAGEMENT, LLC",0002022291,0001104659-26-059918,13-MAY-2026,31-MAR-2026,1336191151.0,203
TOWNSQUARE CAPITAL LLC,0001761755,0001580642-26-003153,13-MAY-2026,31-MAR-2026,443509797.0,252
BOSTON FAMILY OFFICE LLC,0001039807,0001039807-26-000004,13-MAY-2026,31-MAR-2026,1502947.0,310
"GLR Partners, LLC",0002134831,0001765380-26-000208,13-MAY-2026,31-MAR-2026,183275895.0,100
Oceanic Investment Management LTD,0001438258,0001438258-26-000001,13-MAY-2026,31-MAR-2026,117526612.0,42
Capital Research Global Investors,0001422848,0001422848-26-000041,13-MAY-2026,31-MAR-2026,644560214942.0,459
Capital World Investors,0001422849,0001422849-26-000046,13-MAY-2026,31-MAR-2026,732939702989.0,620
"Stembrook Asset Management, LLC",0002109734,0002109734-26-000004,13-MAY-2026,31-MAR-2026,102127046.0,48
Alpha Financial Partners LLC,0001966219,0001951757-26-000850,13-MAY-2026,31-MAR-2026,168925796.0,103
Hardman Johnston Global Advisors LLC,0001006364,0001172661-26-001808,13-MAY-2026,31-MAR-2026,2104897440.0,73
"PKS Advisory Services, LLC",0001605401,0001605401-26-000002,13-MAY-2026,31-MAR-2026,430247698.0,228
"Fairbanks Capital Management, Inc.",0001681372,0001681372-26-000002,13-MAY-2026,31-MAR-2026,159797796.0,50
TRUSTCO BANK CORP N Y,0000357301,0001140361-26-021033,13-MAY-2026,31-MAR-2026,112607669.0,71
"B&D White Capital Company, LLC",0001752523,0001172661-26-001804,13-MAY-2026,31-MAR-2026,808787047.0,74
"ETF Portfolio Partners, Inc.",0001635342,0001635342-26-000002,13-MAY-2026,31-MAR-2026,380674504.0,68
"Strategic Value Partners, LLC",0001301912,0001172661-26-001810,13-MAY-2026,31-MAR-2026,132902587.0,1
Santa Clara Valley Transportation Authority,0002043469,0000897069-26-001115,13-MAY-2026,31-MAR-2026,120255822.0,4
THIRD AVENUE MANAGEMENT LLC,0001099281,0001099281-26-000005,13-MAY-2026,31-MAR-2026,616036133.0,53
"SVRN Asset Management, LLC",0002094004,0002094004-26-000005,13-MAY-2026,31-MAR-2026,103273110.0,37
MOON CAPITAL MANAGEMENT LP,0001387303,0001214659-26-006067,13-MAY-2026,31-MAR-2026,165630135.0,13
"Bradley & Co. Private Wealth Management, LLC",0001861678,0001861678-26-000002,13-MAY-2026,31-MAR-2026,189693689.0,215
"Sarepta Therapeutics, Inc.",0000873303,0001193125-26-221713,13-MAY-2026,31-MAR-2026,0.0,1
"WealthCollab, LLC",0002017870,0002017870-26-000002,13-MAY-2026,31-MAR-2026,242834726.0,977
"Invst, LLC",0001867587,0001867587-26-000004,13-MAY-2026,31-MAR-2026,884370959.0,331
GENRE PARTNERS L P,0001056907,0000897423-26-000077,13-MAY-2026,31-MAR-2026,0.0,1
EDMOND DE ROTHSCHILD HOLDING S.A.,0001649647,0000947871-26-000520,13-MAY-2026,31-MAR-2026,6914020295.0,541
Monashee Investment Management LLC,0001627608,0001172661-26-001803,13-MAY-2026,31-MAR-2026,183824446.0,45
Public Sector Pension Investment Board,0001396318,0001396318-26-000022,13-MAY-2026,31-MAR-2026,32118000340.0,1325
SYON CAPITAL LLC,0001999353,0001765380-26-000209,13-MAY-2026,31-MAR-2026,1988394289.0,906
"GuideStone Capital Management, LLC",0001308668,0001193125-26-220822,13-MAY-2026,31-MAR-2026,74506907.0,1
"Foresight Global Investors, Inc.",0001973323,0001754960-26-000379,13-MAY-2026,31-MAR-2026,154026912.0,29
"GARRISON POINT ADVISORS, LLC",0001767107,0001172661-26-001744,13-MAY-2026,31-MAR-2026,219189676.0,168
Taylor Hoffman Capital Management LLC,0002042493,0002042493-26-000002,13-MAY-2026,31-MAR-2026,324588882.0,116
Asset One Wealth Management LLC,0002110759,0002110759-26-000002,13-MAY-2026,31-MAR-2026,903835401.0,336
"Vesey Street Capital Partners, L.L.C.",0001910342,0001104659-26-060001,13-MAY-2026,31-MAR-2026,85817429.0,1
Pinpoint Asset Management (Singapore) Pte. Ltd.,0002080247,0002080247-26-000002,13-MAY-2026,31-MAR-2026,425231329.0,144
"Edgemoor Investment Advisors, Inc.",0001313792,0001398344-26-009044,13-MAY-2026,31-MAR-2026,1270873054.0,170
"Applied Fundamental Research, LLC",0001849776,0001849776-26-000005,13-MAY-2026,31-MAR-2026,75781857.0,10
Commonwealth Bank of Australia,0000008565,0001193125-26-220523,13-MAY-2026,31-MAR-2026,231017841.0,2
"PYA Waltman Capital, LLC",0001800135,0001800135-26-000002,13-MAY-2026,31-MAR-2026,360706270.0,67
"Abbot Financial Management, Inc.",0001714341,0001714341-26-000002,13-MAY-2026,31-MAR-2026,235333708.0,132
BALLAST ADVISORS LLC,0001803415,0001803415-26-000002,13-MAY-2026,31-MAR-2026,343751.0,393
NEW SOUTH CAPITAL MANAGEMENT INC,0001044797,0001044797-26-000004,13-MAY-2026,31-MAR-2026,2086972487.0,51
"BARON SILVER STEVENS FINANCIAL ADVISORS, LLC",0001851395,0001172661-26-001755,13-MAY-2026,31-MAR-2026,689193705.0,134
"Champlain Investment Partners, LLC",0001315478,0001315478-26-000017,13-MAY-2026,31-MAR-2026,7880441354.0,130
MONETTA FINANCIAL SERVICES INC,0000869179,0000869179-26-000005,13-MAY-2026,31-MAR-2026,128976317.0,58
NORTHSTAR ASSET MANAGEMENT INC,0000869304,0001172661-26-001763,13-MAY-2026,31-MAR-2026,325850827.0,86
"nVerses Capital, LLC",0002011399,0002011399-26-000007,13-MAY-2026,31-MAR-2026,110043524.0,348
"Nicollet Investment Management, Inc.",0001729048,0001729048-26-000002,13-MAY-2026,31-MAR-2026,291959.0,76
SIT INVESTMENT ASSOCIATES INC,0000769317,0000897101-26-000165,13-MAY-2026,31-MAR-2026,4926237.0,501
"Black Cypress Capital Management, LLC",0002022614,0002022614-26-000002,13-MAY-2026,31-MAR-2026,139293680.0,31
"Alliance Wealth Advisors, LLC",0001849724,0001376474-26-000368,13-MAY-2026,31-MAR-2026,211797176.0,152
Causey Wealth LLC,0002132639,0002132639-26-000004,13-MAY-2026,31-MAR-2026,235566418.0,81
SPRUCEGROVE INVESTMENT MANAGEMENT LTD,0001234074,0001193125-26-220832,13-MAY-2026,31-MAR-2026,624998459.0,42
Fund Advisors of America Inc/FL,0002116327,0001705819-26-000039,13-MAY-2026,31-MAR-2026,98672919.0,118
ROBOTTI ROBERT,0001105838,0001140361-26-020972,13-MAY-2026,31-MAR-2026,641239830.0,59
CAPITAL INTERNATIONAL SARL,0001065349,0001065349-26-000005,13-MAY-2026,31-MAR-2026,6107855360.0,287
"BNB Wealth Management, LLC",0002111175,0002111175-26-000002,13-MAY-2026,31-MAR-2026,155755047.0,90
"Virtus Fixed Income Advisers, LLC",0002079921,0002079921-26-000004,13-MAY-2026,31-MAR-2026,122504711.0,23
"Iyo Bank, Ltd.",0001890435,0001890435-26-000002,13-MAY-2026,31-MAR-2026,281133917.0,35
Fairtree Asset Management (Pty) Ltd,0002059365,0002059365-26-000010,13-MAY-2026,31-MAR-2026,217770421.0,96
CAHILL FINANCIAL ADVISORS INC,0001600327,0001600327-26-000005,13-MAY-2026,31-MAR-2026,923893105.0,286
Tandem Investment Partners LLC,0002056333,0001172661-26-001751,13-MAY-2026,31-MAR-2026,117954043.0,73
NINE MASTS CAPITAL Ltd,0001569356,0001569356-26-000003,13-MAY-2026,31-MAR-2026,647886248.0,164
Forthright Family Wealth Advisory LLC,0002008648,0002008648-26-000002,13-MAY-2026,31-MAR-2026,149115110.0,63
"Bradyco, Inc.",0002055007,0001754960-26-000376,13-MAY-2026,31-MAR-2026,129078644.0,38
Black Creek Investment Management Inc.,0001528593,0001528593-26-000005,13-MAY-2026,31-MAR-2026,1863901630.0,25
BRIGHT VALLEY CAPITAL Ltd,0001965546,0001965546-26-000003,13-MAY-2026,31-MAR-2026,96744179.0,11
"LOWERY THOMAS, LLC",0001919701,0001951757-26-000843,13-MAY-2026,31-MAR-2026,174872395.0,55
"Strategic Financial Concepts, LLC",0001870686,0001754960-26-000380,13-MAY-2026,31-MAR-2026,405480565.0,298
AMERICAN FINANCIAL GROUP INC 401(K) RETIREMENT & SAVINGS PLAN,0000943719,0001042046-26-000019,13-MAY-2026,31-MAR-2026,302252662.0,1
MACKENZIE FINANCIAL CORP,0000919859,0001062993-26-002560,13-MAY-2026,31-MAR-2026,83340135384.0,1406
"RR Advisors, LLC",0001322613,0001322613-26-000003,13-MAY-2026,31-MAR-2026,360463561.0,27
Varenne Capital Partners,0001902567,0000945621-26-000681,13-MAY-2026,31-MAR-2026,402979679.0,27
PGIM Custom Harvest LLC,0001845793,0001137774-26-000113,13-MAY-2026,31-MAR-2026,6403814195.0,276
"KRAEMATON INVESTMENT ADVISORS, INC",0001910852,0001951757-26-000846,13-MAY-2026,31-MAR-2026,122849866.0,99
"Keystone Wealth Services, LLC",0001866189,0001866189-26-000003,13-MAY-2026,31-MAR-2026,467585209.0,293
"Wealth Management Associates, Inc.",0002067339,0001214659-26-006030,13-MAY-2026,31-MAR-2026,289632343.0,234
"Kovack Advisors, Inc.",0001728321,0001728321-26-000003,13-MAY-2026,31-MAR-2026,1874727029.0,1011
"ALETHEA CAPITAL MANAGEMENT, LLC",0001549408,0001549408-26-000002,13-MAY-2026,31-MAR-2026,186146127.0,13
Decheng Capital LLC,0002010850,0001104659-26-060145,13-MAY-2026,31-MAR-2026,661316235.0,14
"Avestar Capital, LLC",0001704404,0001172661-26-001783,13-MAY-2026,31-MAR-2026,1459903586.0,460
"Dynamic Wealth Strategies, LLC",0001812853,0001812853-26-000003,13-MAY-2026,31-MAR-2026,172864378.0,288
"Crescent Park Management, L.P.",0001629984,0001629984-26-000003,13-MAY-2026,31-MAR-2026,28986071.0,7
"CONSULTIVA WEALTH MANAGEMENT, CORP.",0001845849,0001845849-26-000002,13-MAY-2026,31-MAR-2026,34477619.0,261
"SOUTHERNSUN ASSET MANAGEMENT, LLC",0001089755,0001213900-26-055668,13-MAY-2026,31-MAR-2026,689910992.0,31
"Roger Wittlin Investment Advisory, LLC",0001911328,0001172661-26-001813,13-MAY-2026,31-MAR-2026,122278746.0,39
"Decatur Capital Management, Inc.",0001505961,0001376474-26-000372,13-MAY-2026,31-MAR-2026,218560635.0,33
Bandera Partners LLC,0001399386,0000921895-26-001267,13-MAY-2026,31-MAR-2026,221089698.0,17
"GeoWealth Management, LLC",0001593387,0001593387-26-000004,13-MAY-2026,31-MAR-2026,2776311549.0,853
Transmarket Holdings LP,0002134828,0002134828-26-000001,13-MAY-2026,31-MAR-2026,187226372.0,39
Nalanda India Equity Fund Ltd,0001622904,0001172661-26-001780,13-MAY-2026,31-MAR-2026,510418000.0,1
APG Asset Management US Inc.,0001323255,0001323255-26-000008,13-MAY-2026,31-MAR-2026,12979814568.0,59
PHILADELPHIA TRUST CO,0001110806,0001110806-26-000002,13-MAY-2026,31-MAR-2026,1416706.0,265
SKBA CAPITAL MANAGEMENT LLC,0000932024,0001941040-26-000326,13-MAY-2026,31-MAR-2026,728442232.0,79
"YARGER WEALTH STRATEGIES, LLC",0001908607,0001951757-26-000844,13-MAY-2026,31-MAR-2026,246580838.0,124
"Avail Investment Partners, LLC",0002134779,0002134779-26-000001,13-MAY-2026,31-MAR-2026,93624.0,137
Daiwa Securities Group Inc.,0001481045,0001481045-26-000007,13-MAY-2026,31-MAR-2026,34648360979.0,1113
Laurel Wealth Advisors LLC,0001757128,0001757128-26-000002,13-MAY-2026,31-MAR-2026,1011532718.0,192
"Hudock, Inc.",0001543536,0001172661-26-001770,13-MAY-2026,31-MAR-2026,679698077.0,200
" FOGEL CAPITAL MANAGEMENT, INC.",0002011427,0002011427-26-000004,13-MAY-2026,31-MAR-2026,218690138.0,52
"Pacific Excel Wealth Advisors, Inc.",0002110884,0002110884-26-000002,13-MAY-2026,31-MAR-2026,95099376.0,140
"J HAGAN CAPITAL, INC.",0002059107,0001986152-26-000086,13-MAY-2026,31-MAR-2026,185323595.0,83
Fox Hill Wealth Management,0002016110,0001754960-26-000377,13-MAY-2026,31-MAR-2026,207903769.0,117
"INDUS CAPITAL PARTNERS, LLC",0001350879,0001350879-26-000001,13-MAY-2026,31-MAR-2026,39725170.0,2
"Sivia Capital Partners, LLC",0002012032,0001941040-26-000322,13-MAY-2026,31-MAR-2026,515645838.0,455
FOLKETRYGDFONDET,0001269094,0001104659-26-059788,13-MAY-2026,31-MAR-2026,5635479807.0,11
RENAISSANCE GROUP LLC,0000944234,0000944234-26-000002,13-MAY-2026,31-MAR-2026,2389301285.0,234
"Teramo Advisors, LLC",0001904821,0001172661-26-001750,13-MAY-2026,31-MAR-2026,370290350.0,3
"MAINSAIL ASSET MANAGEMENT, LLC",0002016972,0002016972-26-000005,13-MAY-2026,31-MAR-2026,222764441.0,112
Balanced Rock Investment Advisors LLC,0002011851,0002011851-26-000002,13-MAY-2026,31-MAR-2026,142554786.0,96
De Lisle Partners LLP,0002011184,0002011184-26-000007,13-MAY-2026,31-MAR-2026,835946682.0,174
"DRW Securities, LLC",0001481986,0001481986-26-000003,13-MAY-2026,31-MAR-2026,1835844681.0,1104
ALGEBRIS (UK) LTD,0001700286,0001700286-26-000008,13-MAY-2026,31-MAR-2026,1382460150.0,70
"MPWM ADVISORY SOLUTIONS, LLC",0002056693,0002056693-26-000002,13-MAY-2026,31-MAR-2026,188755410.0,577
KENNEDY CAPITAL MANAGEMENT LLC,0000884589,0000884589-26-000006,13-MAY-2026,31-MAR-2026,4721748238.0,535
FIRST TRUST ADVISORS LP,0001125816,0001445546-26-003611,13-MAY-2026,31-MAR-2026,139951861780.0,2602
"Parkshore Wealth Management, Inc.",0002024251,0001172661-26-001776,13-MAY-2026,31-MAR-2026,299131707.0,69
"Waterfront Capital Partners, LLC",0001595077,0001595077-26-000003,13-MAY-2026,31-MAR-2026,0.0,1
Hudson Bay Capital Management LP,0001393825,0001393825-26-000041,13-MAY-2026,31-MAR-2026,16633115807.0,1261
"Trigran Investments, Inc.",0001336800,0001062993-26-002575,13-MAY-2026,31-MAR-2026,418174294.0,17
CARNEGIE MELLON UNIVERSITY,0001039067,0000898432-26-000359,13-MAY-2026,31-MAR-2026,64341510.0,5
GLOBEFLEX CAPITAL L P,0000921531,0000921531-26-000003,13-MAY-2026,31-MAR-2026,660816533.0,387
"CALTON & ASSOCIATES, INC.",0000822648,0001172661-26-001798,13-MAY-2026,31-MAR-2026,695926314.0,438
Stone Ridge Holdings Group LP,0002019841,0001172661-26-001811,13-MAY-2026,31-MAR-2026,19045190.0,12
NASPERS LTD,0001106051,0001193125-26-221503,13-MAY-2026,31-MAR-2026,252935001.0,3
" COSMIC MANAGEMENT, LLC",0002113747,0002113747-26-000007,13-MAY-2026,31-MAR-2026,228817672.0,4
ICON ADVISERS INC/CO,0001058470,0001058470-26-000003,13-MAY-2026,31-MAR-2026,432976835.0,144
Headlands Technologies LLC,0001570271,0001570271-26-000004,13-MAY-2026,31-MAR-2026,877920321.0,712
"SkyKnight Capital, L.P.",0001842707,0001193125-26-221551,13-MAY-2026,31-MAR-2026,107137522.0,3
Wilkinson Global Asset Management LLC,0001764000,0001172661-26-001793,13-MAY-2026,31-MAR-2026,1312839930.0,60
"Peck Wealth Management, LLC",0002135125,0002135125-26-000003,13-MAY-2026,31-MAR-2026,99698450.0,122
Coronation Fund Managers Ltd.,0001594320,0001172661-26-001800,13-MAY-2026,31-MAR-2026,2194331007.0,53
MASSACHUSETTS INSTITUTE OF TECHNOLOGY,0000351051,0001214659-26-006060,13-MAY-2026,31-MAR-2026,576963347.0,5
Heron Bay Capital Management,0001842149,0001951757-26-000852,13-MAY-2026,31-MAR-2026,1084725556.0,78
AEGIS FINANCIAL CORP,0001140753,0001104659-26-060221,13-MAY-2026,31-MAR-2026,580477863.0,37
Machina Capital S.A.S.,0001744373,0001744373-26-000002,13-MAY-2026,31-MAR-2026,508434234.0,353
Parkside Financial Bank & Trust,0001455267,0001398344-26-009088,13-MAY-2026,31-MAR-2026,1301572721.0,2684
MARTINGALE ASSET MANAGEMENT L P,0000936944,0000936944-26-000003,13-MAY-2026,31-MAR-2026,3987776991.0,794
"Ameritas Investment Partners, Inc.",0001055980,0001055980-26-000003,13-MAY-2026,31-MAR-2026,3253830355.0,3113
Employees Retirement System of Texas,0001398739,0001398739-26-000006,13-MAY-2026,31-MAR-2026,11436594.0,493
"Godshalk Welsh Capital Management, Inc.",0001631775,0001631775-26-000002,13-MAY-2026,31-MAR-2026,172473613.0,129
Valor Management LLC,0001846237,0001213900-26-055710,13-MAY-2026,31-MAR-2026,180883163.0,5
Vodafone Ventures Ltd,0001855428,0001123292-26-000661,13-MAY-2026,31-MAR-2026,453443342.0,1
APG Asset Management N.V.,0001434819,0001434819-26-000005,13-MAY-2026,31-MAR-2026,31560808322.0,513
"KIRTLAND HILLS CAPITAL MANAGEMENT, LLC",0002019084,0002019084-26-000003,13-MAY-2026,31-MAR-2026,314986839.0,156
"Latash Investments, LLC",0001317961,0001398344-26-009076,13-MAY-2026,31-MAR-2026,128816033.0,19
Mizuho Markets Cayman LP,0001803149,0001062993-26-002584,13-MAY-2026,31-MAR-2026,1859210321.0,78
State of Wyoming,0001821626,0001821626-26-000003,13-MAY-2026,31-MAR-2026,843654466.0,1783
TLS Advisors LLC,0001768824,0001768824-26-000004,13-MAY-2026,31-MAR-2026,42139.0,16
"Mariner, LLC",0001373442,0001580642-26-003158,13-MAY-2026,31-MAR-2026,85650205598.0,3545
Sassicaia Capital Advisers LLC,0001692751,0001420506-26-000958,13-MAY-2026,31-MAR-2026,88768491.0,34
"BlackRock, Inc.",0002012383,0002012383-26-001841,13-MAY-2026,31-MAR-2026,5699208581266.0,5606
"Northern Capital Management, Inc.",0001581794,0001581794-26-000004,13-MAY-2026,31-MAR-2026,199451250.0,51
"LFL Advisers, LLC",0001694127,0001694127-26-000002,13-MAY-2026,31-MAR-2026,332411991.0,9
Gibbs Wealth Management,0002081110,0002085853-26-000590,13-MAY-2026,31-MAR-2026,758978341.0,430
"Alamar Capital Management, LLC",0001846995,0001846995-26-000001,13-MAY-2026,31-MAR-2026,163702563.0,84
Militia Capital Management LLC,0002130487,0002130487-26-000002,13-MAY-2026,31-MAR-2026,435121573.0,220
Truvestments Capital LLC,0001750405,0001750405-26-000004,13-MAY-2026,31-MAR-2026,554496245.0,1176
QUADRANT CAPITAL GROUP LLC,0001650717,0001650717-26-000003,13-MAY-2026,31-MAR-2026,3344684108.0,2707
TOYOTA MOTOR CORP/,0001094517,0001193125-26-220642,13-MAY-2026,31-MAR-2026,2440647779.0,4
"Inlet Private Wealth, LLC",0001759751,0001172661-26-001766,13-MAY-2026,31-MAR-2026,391566955.0,128
"Capital International, Inc./CA/",0000895213,0000895213-26-000004,13-MAY-2026,31-MAR-2026,12971169269.0,303
Cercano Management LLC,0001936416,0001062993-26-002563,13-MAY-2026,31-MAR-2026,2315476853.0,139
AMERICAN FINANCIAL GROUP INC,0001042046,0001042046-26-000018,13-MAY-2026,31-MAR-2026,269703663.0,71
"Synergy Asset Management, LLC",0001699080,0001699080-26-000005,13-MAY-2026,31-MAR-2026,941698789.0,252
"Delta Investment Management, LLC",0001757043,0001757043-26-000003,13-MAY-2026,31-MAR-2026,558807664.0,273
"Pinnacle Financial Group, LLC / IL",0001905962,0001104659-26-059958,13-MAY-2026,31-MAR-2026,364830996.0,111
"Ensign Peak Advisors, Inc",0001454984,0001454984-26-000003,13-MAY-2026,31-MAR-2026,53670207280.0,1708
D L CARLSON INVESTMENT GROUP INC,0001021117,0001021117-26-000002,13-MAY-2026,31-MAR-2026,581796640.0,135
Teilinger Capital Ltd.,0001531879,0001546531-26-000009,13-MAY-2026,31-MAR-2026,155253070.0,7
"Denver PWM, LLC",0001657980,0001420506-26-000950,13-MAY-2026,31-MAR-2026,290921960.0,87
Havemeyer Place LP,0002026128,0002026128-26-000002,13-MAY-2026,31-MAR-2026,866653026.0,498
Global IMC LLC,0001741619,0001104659-26-059848,13-MAY-2026,31-MAR-2026,47149595.0,16
Banco BTG Pactual S.A.,0001536080,0001536080-26-000002,13-MAY-2026,31-MAR-2026,512642477.0,102
"Freestone Capital Holdings, LLC",0001470876,0001172661-26-001772,13-MAY-2026,31-MAR-2026,3284931890.0,530
Triumph Capital Management,0001730765,0001730765-26-000004,13-MAY-2026,31-MAR-2026,491249156.0,1838
"One Capital Management, LLC",0001606588,0001606588-26-000003,13-MAY-2026,31-MAR-2026,3647659641.0,524
TOKIO MARINE ASSET MANAGEMENT CO LTD,0001504169,0001172661-26-001752,13-MAY-2026,31-MAR-2026,2785542992.0,512
BARR E S & CO,0001040210,0001040210-26-000003,13-MAY-2026,31-MAR-2026,1719160582.0,108
"Porter White Investment Advisors, Inc.",0001612457,0001172661-26-001742,13-MAY-2026,31-MAR-2026,249718840.0,40
Proem Advisors LLC,0001842526,0001172661-26-001768,13-MAY-2026,31-MAR-2026,302761515.0,29
Elm Partners Management LLC,0001743941,0001172661-26-001760,13-MAY-2026,31-MAR-2026,2307121166.0,158
Achmea Investment Management B.V.,0001697765,0001697765-26-000002,13-MAY-2026,31-MAR-2026,3788519.0,108
"CHOREO, LLC",0001679031,0001214659-26-006019,13-MAY-2026,31-MAR-2026,8145185381.0,1613
"D.B. Root & Company, LLC",0001731717,0001731717-26-000002,13-MAY-2026,31-MAR-2026,418590291.0,191
"Rezny Wealth Management, Inc.",0001535859,0001172661-26-001756,13-MAY-2026,31-MAR-2026,464434039.0,38
"Orion Porfolio Solutions, LLC",0001360533,0001580642-26-003152,13-MAY-2026,31-MAR-2026,11730488780.0,1927
"Sepio Capital, LP",0001751412,0001172661-26-001754,13-MAY-2026,31-MAR-2026,1841654887.0,369
Taproot Management LP,0002074098,0002074098-26-000004,13-MAY-2026,31-MAR-2026,529702542.0,180
Ovata Capital Management Ltd,0001724517,0001724517-26-000004,13-MAY-2026,31-MAR-2026,715429147.0,38
Verger Capital Management LLC,0001627417,0001172661-26-001746,13-MAY-2026,31-MAR-2026,339200250.0,13
"Delphi Financial Group, Inc.",0000859139,0001193125-26-220537,13-MAY-2026,31-MAR-2026,221640804.0,32
Capital Advisor Network LLC,0002131047,0002131047-26-000001,13-MAY-2026,31-MAR-2026,85097755.0,149
Mivtachim The Workers Social Insurance Fund Ltd. (Under Special Management),0001599719,0001178913-26-002599,13-MAY-2026,31-MAR-2026,789347313.0,44
Geometric Wealth Advisors,0001900576,0001900576-26-000003,13-MAY-2026,31-MAR-2026,798639950.0,85
"1888 Investments, LLC",0001885092,0001885092-26-000002,13-MAY-2026,31-MAR-2026,63002420.0,3
BIT Capital GmbH,0002053305,0002053305-26-000003,13-MAY-2026,31-MAR-2026,1791767023.0,76
"Ridge Creek Global, Inc",0002111429,0002111429-26-000004,13-MAY-2026,31-MAR-2026,117913708.0,85
Resurgent Financial Advisors LLC,0001912339,0001912339-26-000002,13-MAY-2026,31-MAR-2026,274402049.0,256
Findlay Park Partners LLP,0001351950,0000945621-26-000683,13-MAY-2026,31-MAR-2026,7173988916.0,56
KEYNOTE FINANCIAL SERVICES LLC,0002026127,0002026127-26-000002,13-MAY-2026,31-MAR-2026,188036457.0,174
River Wealth Advisors LLC,0001642570,0001642570-26-000005,13-MAY-2026,31-MAR-2026,870756957.0,205
Magma Venture Partners General Partner Ltd.,0001907544,0001213900-26-055412,13-MAY-2026,31-MAR-2026,59203262.0,2
"TOBIAS FINANCIAL ADVISORS, INC.",0001802080,0001172661-26-001774,13-MAY-2026,31-MAR-2026,718293747.0,143
"New Mountain Capital, L.L.C.",0001407718,0001172661-26-001765,13-MAY-2026,31-MAR-2026,109760000.0,1
Kingdom Financial Group LLC.,0001962236,0001962236-26-000003,13-MAY-2026,31-MAR-2026,349397914.0,864
Magnetar Financial LLC,0001352851,0001104659-26-059841,13-MAY-2026,31-MAR-2026,9830722644.0,1129
Pitcairn Wealth Advisors LLC,0002089089,0001398344-26-009057,13-MAY-2026,31-MAR-2026,1086518573.0,271
"AltraVue Capital, LLC",0001740837,0001740837-26-000006,13-MAY-2026,31-MAR-2026,1161036548.0,27
BARROW HANLEY MEWHINNEY & STRAUSS LLC,0000313028,0000313028-26-000021,13-MAY-2026,31-MAR-2026,30518566460.0,377
ACADIAN ASSET MANAGEMENT LLC,0000916542,0001140361-26-020957,13-MAY-2026,31-MAR-2026,70490269.0,2011
"Cunning Capital Partners, LP",0001571075,0001571075-26-000002,13-MAY-2026,31-MAR-2026,196547.0,56
"Trek Financial, LLC",0001768195,0001104659-26-059964,13-MAY-2026,31-MAR-2026,1882891403.0,470
"Hennion & Walsh Asset Management, Inc.",1861642,0002000324-26-001898,13-MAY-2026,31-MAR-2026,2971813583.0,928
Turiya Advisors Asia Ltd,0001554179,0001554179-26-000003,13-MAY-2026,31-MAR-2026,496246684.0,5
"Alliance Private Wealth, LLC",0002109849,0001951757-26-000841,13-MAY-2026,31-MAR-2026,278305779.0,80
"BTS Asset Management, Inc.",0001532842,0001580642-26-003151,13-MAY-2026,31-MAR-2026,25945017.0,31
Benchmark Investment Advisors LLC,0001910971,0001104659-26-060063,13-MAY-2026,31-MAR-2026,172039193.0,76
Corsicana & Co.,0001869923,0001869923-26-000003,13-MAY-2026,31-MAR-2026,157917520.0,276
PROTECTIVE LIFE CORP,0000355429,0001104659-26-059931,13-MAY-2026,31-MAR-2026,30082849.0,155
"Pacifica Capital Investments, LLC",0001486713,0001104659-26-060026,13-MAY-2026,31-MAR-2026,293752402.0,15
Keystone Financial Group,0001729299,0001729299-26-000003,13-MAY-2026,31-MAR-2026,1461120082.0,524
Packer & Co Ltd,0001664017,0001664017-26-000002,13-MAY-2026,31-MAR-2026,267409.0,10
"Pinegrove Venture Partners, LLC",0002011811,0002085853-26-000587,13-MAY-2026,31-MAR-2026,2072578.0,5
PRING TURNER CAPITAL GROUP INC,0001568839,0001104659-26-059997,13-MAY-2026,31-MAR-2026,166115441.0,72
Vitol Holding B.V.,0001546531,0001546531-26-000010,13-MAY-2026,31-MAR-2026,11903200.0,1
"CASCADE INVESTMENT GROUP, INC.",0000919447,0001172661-26-001767,13-MAY-2026,31-MAR-2026,151899709.0,147
"AXQ CAPITAL, LP",0001916908,0001420506-26-000954,13-MAY-2026,31-MAR-2026,777054694.0,973
Marcho Partners LLP,0001782974,0001782974-26-000002,13-MAY-2026,31-MAR-2026,123831920.0,5
"Hikari Tsushin, Inc.",0001423673,0001423673-26-000002,13-MAY-2026,31-MAR-2026,1450537539.0,78
"SHERMAN PORFOLIOS, LLC",0002096483,0001104659-26-059973,13-MAY-2026,31-MAR-2026,1303733651.0,98
"Factorial Partners, LLC",0001732687,0001214659-26-006042,13-MAY-2026,31-MAR-2026,137806120.0,60
Mirabaud Asset Management (France) SAS,0002033031,0001680493-26-000007,13-MAY-2026,31-MAR-2026,195701595.0,12
"Lunt Capital Management, Inc.",0001608034,0001608034-26-000002,13-MAY-2026,31-MAR-2026,260463922.0,97
HERALD INVESTMENT MANAGEMENT Ltd,0001512022,0001512022-26-000005,13-MAY-2026,31-MAR-2026,717648618.0,97
Stonehage Fleming Financial Services Holdings Ltd,0001786379,0001214659-26-006053,13-MAY-2026,31-MAR-2026,2748644823.0,226
JPMORGAN CHASE & CO,0000019617,0000019617-26-000225,13-MAY-2026,31-MAR-2026,1473868498981.0,6525
"Lynch Investment Planning, LLC",0002110354,0001754960-26-000378,13-MAY-2026,31-MAR-2026,111286797.0,54
MIC Capital Management UK LLP,0001889830,0001889830-26-000002,13-MAY-2026,31-MAR-2026,352485087.0,14
Mirabaud Asset Management Ltd,0001680493,0001680493-26-000005,13-MAY-2026,31-MAR-2026,121380262.0,32
INGALLS & SNYDER LLC,0001041885,0001041885-26-000008,13-MAY-2026,31-MAR-2026,2817089.0,457
"INVICTUS PRIVATE WEALTH, LLC",0001939208,0001172661-26-001764,13-MAY-2026,31-MAR-2026,1616695475.0,84
Family Office Research LLC,0002041267,0001172661-26-001761,13-MAY-2026,31-MAR-2026,230193451.0,75
"Wheels Up Wealth, Inc.",0002107618,0002107618-26-000002,13-MAY-2026,31-MAR-2026,106380952.0,24
COMGEST GLOBAL INVESTORS S.A.S.,0001574947,0001172661-26-001785,13-MAY-2026,31-MAR-2026,4586418205.0,52
PACIFIC FINANCIAL GROUP INC,0001279926,0001214659-26-006146,14-MAY-2026,31-MAR-2026,185579098.0,87
Boreal Capital Management LLC,0002080094,0002080094-26-000005,14-MAY-2026,31-MAR-2026,122945109.0,501
"LEVEL FOUR ADVISORY SERVICES, LLC",0001696715,0001696715-26-000004,14-MAY-2026,31-MAR-2026,3046288058.0,866
Charter Oak Advisors LP,0002022905,0001420506-26-000997,14-MAY-2026,31-MAR-2026,164999132.0,13
MIZUHO MARKETS AMERICAS LLC,0001825516,0001062993-26-002603,14-MAY-2026,31-MAR-2026,3601855269.0,157
MENORA MIVTACHIM HOLDINGS LTD.,0001351917,0001178913-26-002684,14-MAY-2026,31-MAR-2026,21122524464.0,155
MY.Alpha Management HK Advisors Ltd,0001910173,0001910173-26-000006,14-MAY-2026,31-MAR-2026,245798470.0,11
"Pioneer Family Office, LLC",0002135110,0002135110-26-000002,14-MAY-2026,31-MAR-2026,155669415.0,122
SSI INVESTMENT MANAGEMENT LLC,0000938487,0001172661-26-001838,14-MAY-2026,31-MAR-2026,1449621238.0,240
"Requisite Capital Management, LLC",0001730573,0001951757-26-000856,14-MAY-2026,31-MAR-2026,536702498.0,114
Dodge & Cox,0000200217,0001193125-26-223352,14-MAY-2026,31-MAR-2026,181976456224.0,222
"Broadleaf Partners, LLC",0001712686,0001193125-26-223013,14-MAY-2026,31-MAR-2026,428893859.0,84
Spahn Wealth & Retirement LLC,0001949033,0001949033-26-000002,14-MAY-2026,31-MAR-2026,78569258.0,25
Carrhae Capital LLP,0001555254,0001172661-26-001832,14-MAY-2026,31-MAR-2026,1417213914.0,21
ZACKS INVESTMENT MANAGEMENT,0001086483,0001172661-26-001904,14-MAY-2026,31-MAR-2026,12471344181.0,706
"Trivant Custom Portfolio Group, LLC",0001977992,0001977992-26-000002,14-MAY-2026,31-MAR-2026,182397500.0,82
ELKHORN PARTNERS LIMITED PARTNERSHIP,0000928400,0000900440-26-000041,14-MAY-2026,31-MAR-2026,157075878.0,48
"Cambridge Financial Group, Inc.",0001334199,0001334199-26-000002,14-MAY-2026,31-MAR-2026,267381557.0,33
DE BURLO GROUP INC,0001134288,0001062993-26-002621,14-MAY-2026,31-MAR-2026,441269926.0,88
Liberty 77 Capital L.P.,0001905374,0001172661-26-001818,14-MAY-2026,31-MAR-2026,1456636440.0,3
Fort Point Capital Partners LLC,0001589282,0001589282-26-000004,14-MAY-2026,31-MAR-2026,762464881.0,220
"Harvest Fund Management Co., Ltd",0001694126,0001694126-26-000003,14-MAY-2026,31-MAR-2026,2351639.0,544
Aristides Capital LLC,0001595521,0001595521-26-000006,14-MAY-2026,31-MAR-2026,302616370.0,155
"Douglass Winthrop Advisors, LLC",0001308527,0001308527-26-000002,14-MAY-2026,31-MAR-2026,5461658974.0,303
"Bienville Capital Management, LLC",0001605070,0001172661-26-001828,14-MAY-2026,31-MAR-2026,526841591.0,73
Keebeck Wealth Management,0001803675,0001172661-26-001942,14-MAY-2026,31-MAR-2026,888994426.0,426
"ARROWSTREET CAPITAL, LIMITED PARTNERSHIP",0001164508,0001164508-26-000028,14-MAY-2026,31-MAR-2026,184751608360.0,1810
Vision Capital Corp,0001764403,0001764403-26-000002,14-MAY-2026,31-MAR-2026,183152131.0,9
"Sio Capital Management, LLC",0001482416,0001214659-26-006200,14-MAY-2026,31-MAR-2026,693874941.0,73
PRUDENTIAL PLC,0000898419,0000898419-26-000003,14-MAY-2026,31-MAR-2026,17072345507.0,680
"Dana Investment Advisors, Inc.",0001427514,0001427514-26-000003,14-MAY-2026,31-MAR-2026,3354642308.0,556
"Macro Advisors, Inc.",0001821406,0001172661-26-001919,14-MAY-2026,31-MAR-2026,242176862.0,40
"Winslow Capital Management, LLC",0000900973,0000900973-26-000004,14-MAY-2026,31-MAR-2026,25648413845.0,60
Independent Franchise Partners LLP,0001483866,0001172661-26-001918,14-MAY-2026,31-MAR-2026,14289822035.0,26
"Dauntless Investment Group, LLC",0002044285,0002071844-26-000522,14-MAY-2026,31-MAR-2026,35581674.0,61
"Soleus Capital Management, L.P.",0001802630,0001802630-26-000003,14-MAY-2026,31-MAR-2026,2469218478.0,93
FFT WEALTH MANAGEMENT LLC,0001653199,0001653199-26-000003,14-MAY-2026,31-MAR-2026,552325922.0,99
"Hackensack Meridian Health, Inc.",0001851813,0001851813-26-000004,14-MAY-2026,31-MAR-2026,1059762925.0,7
HCEP Management Ltd,0001822015,0001822015-26-000004,14-MAY-2026,31-MAR-2026,80660747.0,4
"Miura Global Management, LLC",0001352272,0001352272-26-000005,14-MAY-2026,31-MAR-2026,18657725.0,13
BOWEN HANES & CO INC,0001077583,0001077583-26-000003,14-MAY-2026,31-MAR-2026,4106441528.0,151
"McKinney Capital Management, LLC",0002133532,0001765380-26-000211,14-MAY-2026,31-MAR-2026,116429243.0,46
"EntryPoint Capital, LLC",0001992519,0001992519-26-000005,14-MAY-2026,31-MAR-2026,341215511.0,731
"Taylor Financial Group, Inc.",0002012516,0001172661-26-001849,14-MAY-2026,31-MAR-2026,164982264.0,99
"Dynasty Wealth Management, LLC",0001727599,0001727599-26-000003,14-MAY-2026,31-MAR-2026,11469661372.0,333
"MayTech Global Investments, LLC",0001731134,0001172661-26-001930,14-MAY-2026,31-MAR-2026,819831982.0,23
"PlanVest Financial, Inc",0002135239,0002135239-26-000001,14-MAY-2026,31-MAR-2026,131496053.0,565
ADVISORY RESEARCH INC,0000902584,0000902584-26-000003,14-MAY-2026,31-MAR-2026,813482284.0,137
CAXTON CORP,0001388551,0000919574-26-003017,14-MAY-2026,31-MAR-2026,4024354.0,7
"FJ Investments, LLC",0001903573,0000912282-26-000713,14-MAY-2026,31-MAR-2026,1533610121.0,5
"Beartown Capital Management, LLC",0001877162,0001398344-26-009146,14-MAY-2026,31-MAR-2026,126745232.0,30
"Rialto Wealth Management, LLC",0002054966,0002054966-26-000002,14-MAY-2026,31-MAR-2026,445280767.0,1730
CAMDEN ASSET MANAGEMENT L P /CA,0000903944,0001104659-26-060912,14-MAY-2026,31-MAR-2026,2941647409.0,69
Babb Wealth Advisors LLC,0002047312,0001941040-26-000361,14-MAY-2026,31-MAR-2026,182924048.0,19
"Patient Capital Management, LLC",0001854794,0001854794-26-000004,14-MAY-2026,31-MAR-2026,2681827464.0,38
"Fieldview Capital Management, LLC",0002040221,0001420506-26-000983,14-MAY-2026,31-MAR-2026,342580172.0,468
POTOMAC FUND MANAGEMENT INC /ADV,0000826000,0000826000-26-000005,14-MAY-2026,31-MAR-2026,2877825028.0,105
Rudius Management LP,0001835407,0001835407-26-000003,14-MAY-2026,31-MAR-2026,357607455.0,6
"Sanders Capital, LLC",0001508097,0001172661-26-001934,14-MAY-2026,31-MAR-2026,83933369601.0,44
Prime Buchholz LLC,0002051999,0002051999-26-000004,14-MAY-2026,31-MAR-2026,191344445.0,22
Marnell Management LLC,0001852314,0001852314-26-000003,14-MAY-2026,31-MAR-2026,150424471.0,64
"Knollwood Investment Advisory, LLC",0001999346,0001999346-26-000003,14-MAY-2026,31-MAR-2026,991654121.0,303
"Baird Financial Group, Inc.",0001648711,0001648711-26-000004,14-MAY-2026,31-MAR-2026,64010237839.0,1826
Financial Engines Advisors L.L.C.,0001420473,0001214659-26-006143,14-MAY-2026,31-MAR-2026,49249848653.0,530
"Tripletail Wealth Management, LLC",0002079812,0002079812-26-000002,14-MAY-2026,31-MAR-2026,73351869.0,255
SATOVSKY ASSET MANAGEMENT LLC,0001807288,0001214659-26-006186,14-MAY-2026,31-MAR-2026,566495299.0,73
Premier Fund Managers Ltd,0001673907,0001673907-26-000005,14-MAY-2026,31-MAR-2026,1413255.0,166
TOWLE & CO,0001224014,0001224014-26-000003,14-MAY-2026,31-MAR-2026,257471642.0,54
"Modern Wealth Management, LLC",0002001900,0002001900-26-000006,14-MAY-2026,31-MAR-2026,5821834647.0,870
PLATINUM INVESTMENT MANAGEMENT LTD,0001256071,0001256071-26-000005,14-MAY-2026,31-MAR-2026,396751545.0,89
TLT Family Holdco ULC,0002081869,0001140361-26-021206,14-MAY-2026,31-MAR-2026,724098912.0,8
"Empower Advisory Group, LLC",0001978885,0001420506-26-000999,14-MAY-2026,31-MAR-2026,38522644623.0,510
"Risk Paradigm Group, LLC",0001569886,0001569886-26-000004,14-MAY-2026,31-MAR-2026,117222697.0,59
"Global Endowment Management, LP",0001512237,0001512237-26-000003,14-MAY-2026,31-MAR-2026,896126000.0,126
Standard Family Office LLC,0001809494,0001809494-26-000011,14-MAY-2026,31-MAR-2026,96779281.0,31
EVR Research LP,0001843019,0001843019-26-000003,14-MAY-2026,31-MAR-2026,175561400.0,29
Wind River Trust Co,0001657703,0001104659-26-060933,14-MAY-2026,31-MAR-2026,265172951.0,11
"SIMPLEX TRADING, LLC",0001488542,0001488542-26-000009,14-MAY-2026,31-MAR-2026,3231108117.0,2613
Langdon Equity Partners,0002111148,0002111148-26-000002,14-MAY-2026,31-MAR-2026,133589725.0,11
Marathon Trading Investment Management LLC,0001572748,0001572748-26-000006,14-MAY-2026,31-MAR-2026,336870750.0,150
Sagil Capital LLP,0001747744,0001747744-26-000003,14-MAY-2026,31-MAR-2026,156124390.0,16
"LifePlan Investment Advisors, Inc.",0002045484,0001214659-26-006150,14-MAY-2026,31-MAR-2026,254490731.0,122
Clutterbuck Capital Management LLC,0001517638,0001517638-26-000004,14-MAY-2026,31-MAR-2026,164114970.0,4
MCRAE CAPITAL MANAGEMENT INC,0000320376,0001172661-26-001897,14-MAY-2026,31-MAR-2026,482108370.0,105
SEG Family Corp.,0002080629,0001140361-26-021214,14-MAY-2026,31-MAR-2026,225301192.0,1
Horiko Capital Management LLC,0001762718,0001754960-26-000381,14-MAY-2026,31-MAR-2026,433517442.0,20
"Weaver C. Barksdale & Associates, Inc.",0001294588,0001214659-26-006136,14-MAY-2026,31-MAR-2026,104872915.0,62
AFBI LP,0001885432,0000912282-26-000711,14-MAY-2026,31-MAR-2026,131156249.0,1
"Blue Water Life Science Advisors, LP",0001789778,0001420506-26-001003,14-MAY-2026,31-MAR-2026,124713479.0,10
"Sand Hill Global Advisors, LLC",0001009209,0001580642-26-003176,14-MAY-2026,31-MAR-2026,2972107243.0,204
"NetEase, Inc.",0001110646,0001104659-26-060548,14-MAY-2026,31-MAR-2026,934467146.0,2
"Fortis Advisors, LLC",0001697478,0001697478-26-000004,14-MAY-2026,31-MAR-2026,199612846.0,119
"Pier Capital, LLC",0001310051,0001310051-26-000004,14-MAY-2026,31-MAR-2026,606172735.0,122
Gemsstock Ltd.,0001724140,0001724140-26-000005,14-MAY-2026,31-MAR-2026,948797124.0,28
Laurion Capital Management LP,0001390202,0001390202-26-000008,14-MAY-2026,31-MAR-2026,1065511518.0,189
Sciencast Management LP,0001653169,0001653169-26-000003,14-MAY-2026,31-MAR-2026,785116009.0,243
"Compound Planning, Inc.",0001978879,0001978879-26-000003,14-MAY-2026,31-MAR-2026,3242116753.0,1198
"Capital Analysts, LLC",0001624758,0001624758-26-000005,14-MAY-2026,31-MAR-2026,3805497.0,1537
SWF LLC,0002065728,0000900440-26-000038,14-MAY-2026,31-MAR-2026,1146859033.0,11
"JRM Investment Counsel, LLC",0001631084,0001631084-26-000002,14-MAY-2026,31-MAR-2026,375409177.0,21
"Twin Tree Management, LP",0001535588,0001535588-26-000003,14-MAY-2026,31-MAR-2026,476184936.0,385
Inherent Management Corp.,0002026217,0001405086-26-000302,14-MAY-2026,31-MAR-2026,196761050.0,9
"Bare Financial Services, Inc",0002009426,0002009426-26-000004,14-MAY-2026,31-MAR-2026,378341178.0,1730
"Tempo Wealth, LLC",0002112005,0002112005-26-000002,14-MAY-2026,31-MAR-2026,573408222.0,213
"Thrive Capital Management, LLC",0001765681,0001012975-26-000420,14-MAY-2026,31-MAR-2026,343686077.0,5
AMERICAN SECURITIES LLC,0001475483,0001140361-26-021229,14-MAY-2026,31-MAR-2026,3930257794.0,2
ShawSpring Partners LLC,0001766908,0001172661-26-001956,14-MAY-2026,31-MAR-2026,267608814.0,12
Trustees of Dartmouth College,0001599404,0001599404-26-000003,14-MAY-2026,31-MAR-2026,251587520.0,11
"ENDEAVOR PRIVATE WEALTH, INC.",0001906023,0001906023-26-000003,14-MAY-2026,31-MAR-2026,348718643.0,202
Working Capital Advisors (UK) Ltd.,0001807878,0001807878-26-000002,14-MAY-2026,31-MAR-2026,59103937.0,2
"HARBERT FUND ADVISORS, INC.",0001616659,0000919574-26-003023,14-MAY-2026,31-MAR-2026,3028072.0,2
ALGERT GLOBAL LLC,0001275218,0001275218-26-000002,14-MAY-2026,31-MAR-2026,6647047.0,1134
"Centiva Capital, LP",0001692507,0001172661-26-001915,14-MAY-2026,31-MAR-2026,2146650919.0,1285
CAXTON ASSOCIATES LLP,0002051323,0002051323-26-000009,14-MAY-2026,31-MAR-2026,4309163476.0,752
Investors Towarzystwo Funduszy Inwestycyjnych Spolka Akcyjna,0002079571,0002079571-26-000003,14-MAY-2026,31-MAR-2026,242088620.0,191
"CWM, LLC",0001535847,0001580642-26-003177,14-MAY-2026,31-MAR-2026,38037928000.0,5645
Dai-ichi Life International Holdings LLC,0001977663,0000898432-26-000375,14-MAY-2026,31-MAR-2026,1524339.0,5
"Allred Capital Management, LLC",0001765885,0001172661-26-001821,14-MAY-2026,31-MAR-2026,274585723.0,155
"Miller Capital Partners, Inc.",0002111377,0002111377-26-000003,14-MAY-2026,31-MAR-2026,206646708.0,259
Granger Management LLC,0001842881,0001172661-26-001921,14-MAY-2026,31-MAR-2026,358215861.0,6
BNP PARIBAS ASSET MANAGEMENT Holding S.A.,1520354,0001520354-26-000036,14-MAY-2026,31-MAR-2026,86140846164.0,2258
"Mill Creek Capital Advisors, LLC",0001964962,0001964962-26-000003,14-MAY-2026,31-MAR-2026,4867756849.0,260
"Rosalind Advisors, Inc.",0001622627,0001622627-26-000015,14-MAY-2026,31-MAR-2026,244077131.0,32
"SlateStone Wealth, LLC",0001764049,0001764049-26-000005,14-MAY-2026,31-MAR-2026,1213023.0,291
"Aspirean Wealth, LLC",0002110285,0001172661-26-001840,14-MAY-2026,31-MAR-2026,92076344.0,18
BRISTOL JOHN W & CO INC /NY/,0000276101,0000276101-26-000002,14-MAY-2026,31-MAR-2026,6075480486.0,61
"Arcadia Wealth Management, Inc.",0002059339,0001951757-26-000865,14-MAY-2026,31-MAR-2026,184785682.0,55
BANK OF KOREA,0001965704,0001965704-26-000002,14-MAY-2026,31-MAR-2026,4133588843.0,3
CDAM (UK) Ltd,0001719387,0001719387-26-000003,14-MAY-2026,31-MAR-2026,450929763.0,11
Capula Management Ltd,0001557017,0001172661-26-001894,14-MAY-2026,31-MAR-2026,11465187155.0,413
FCA CORP /TX,0001166402,0001104659-26-061022,14-MAY-2026,31-MAR-2026,354064491.0,191
"SPRENG CAPITAL MANAGEMENT, INC.",0001800913,0001172661-26-001844,14-MAY-2026,31-MAR-2026,212037746.0,66
"Morse Asset Management, Inc",0001705711,0001705711-26-000004,14-MAY-2026,31-MAR-2026,481115395.0,403
Integrity Financial Corp /WA,0001917704,0001398344-26-009162,14-MAY-2026,31-MAR-2026,200999475.0,292
Baring Fintech Manager Holding Ltd,0002053290,0001104659-26-060847,14-MAY-2026,31-MAR-2026,1337100604.0,1
PUBLIC EMPLOYEES RETIREMENT ASSOCIATION OF COLORADO,0000315297,0000315297-26-000005,14-MAY-2026,31-MAR-2026,25482472.0,1848
"Pinnacle Financial Partners, Inc.",0002082866,0001172661-26-001938,14-MAY-2026,31-MAR-2026,13071076452.0,1076
Selkirk Management LLC,0001565432,0001172661-26-001899,14-MAY-2026,31-MAR-2026,294170152.0,11
MARTIN & CO INC /TN/,0001008868,0001172661-26-001826,14-MAY-2026,31-MAR-2026,587422789.0,101
Morgan Stanley Institutional Investment Advisors LLC,0002026079,0002026079-26-000004,14-MAY-2026,31-MAR-2026,1037155249.0,5
Owl Creek Wealth Partners LLC,0002133805,0002133805-26-000001,14-MAY-2026,31-MAR-2026,280668924.0,1239
Maren Capital LLC,0001961415,0001420506-26-000993,14-MAY-2026,31-MAR-2026,1911824786.0,19
"Trace Wealth Advisors, LLC",0002055838,0001172661-26-001853,14-MAY-2026,31-MAR-2026,133435337.0,66
"Fivespan Partners, LP",0002040262,0002040262-26-000006,14-MAY-2026,31-MAR-2026,377370434.0,4
Maxi Investments CY Ltd,0001838222,0001838222-26-000006,14-MAY-2026,31-MAR-2026,457661.0,83
Greenline Wealth Management LLC,0002111541,0002085853-26-000592,14-MAY-2026,31-MAR-2026,86700171.0,94
Allie Family Office LLC,0001908612,0001908612-26-000002,14-MAY-2026,31-MAR-2026,228480129.0,103
SNYDER CAPITAL MANAGEMENT L P,0001050477,0000935836-26-000245,14-MAY-2026,31-MAR-2026,5155359738.0,70
"Battery Global Advisors, LLC",0001582272,0001582272-26-000003,14-MAY-2026,31-MAR-2026,186170217.0,154
Tikvah Management LLC,0001606477,0000919574-26-003024,14-MAY-2026,31-MAR-2026,322777273.0,21
Petiole USA ltd,0001600202,0001172661-26-001905,14-MAY-2026,31-MAR-2026,143009673.0,32
Blue Whale Capital LLP,0001801547,0001801547-26-000003,14-MAY-2026,31-MAR-2026,2102864636.0,26
Hudson Portfolio Management LLC,0001847700,0001172661-26-001950,14-MAY-2026,31-MAR-2026,118704594.0,111
"Strive Asset Management, LLC",0001954109,0001954109-26-000002,14-MAY-2026,31-MAR-2026,0.0,1
"Pembroke Management, LTD",0001063497,0001172661-26-001845,14-MAY-2026,31-MAR-2026,691436350.0,97
Regal Investment Advisors LLC,0001559789,0001559789-26-000003,14-MAY-2026,31-MAR-2026,1732164443.0,653
"Propel Bio Management, LLC",0001969764,0000898432-26-000369,14-MAY-2026,31-MAR-2026,158658759.0,38
Kerusso Capital Management LLC,0002029597,0001172661-26-001829,14-MAY-2026,31-MAR-2026,199744141.0,53
"RPg Family Wealth Advisory, LLC",0001569884,0001569884-26-000006,14-MAY-2026,31-MAR-2026,479140789.0,140
MARATHON CAPITAL MANAGEMENT,0001213206,0001172661-26-001839,14-MAY-2026,31-MAR-2026,445244252.0,171
"M.D. Sass, LLC",0000922940,0001172661-26-001945,14-MAY-2026,31-MAR-2026,1319173469.0,36
"Strategic Financial Planning, Inc.",0001802277,0001214659-26-006173,14-MAY-2026,31-MAR-2026,170912883.0,40
Westerkirk Capital Inc.,0002080423,0002080423-26-000004,14-MAY-2026,31-MAR-2026,928886567.0,208
Blue Owl Capital Holdings LP,0001858703,0001193125-26-223563,14-MAY-2026,31-MAR-2026,372173000.0,75
"AFT, FORSYTH & COMPANY, INC.",0001512073,0001512073-26-000004,14-MAY-2026,31-MAR-2026,212426899.0,123
Monolith Management Ltd,0002008306,0002008306-26-000002,14-MAY-2026,31-MAR-2026,256739405.0,31
Hyperion Asset Management Ltd,0001619844,0001172661-26-001924,14-MAY-2026,31-MAR-2026,3137642601.0,18
Migdal Insurance & Financial Holdings Ltd.,0001415912,0001178913-26-002681,14-MAY-2026,31-MAR-2026,11527822061.0,360
Arrowpoint Investment Partners (Singapore) Pte. Ltd.,0002032331,0002032331-26-000010,14-MAY-2026,31-MAR-2026,68761236.0,77
George Kaiser Family Foundation,0001265376,0001140361-26-021109,14-MAY-2026,31-MAR-2026,882839284.0,71
"Comprehensive Wealth Management, LLC",0001535202,0001535202-26-000002,14-MAY-2026,31-MAR-2026,197819900.0,39
Rhenman & Partners Asset Management AB,0001599882,0001213900-26-056196,14-MAY-2026,31-MAR-2026,810489964.0,86
"Gunpowder Capital Management, LLC dba Oliver Wealth Management",0002114795,0002114795-26-000002,14-MAY-2026,31-MAR-2026,131844231.0,408
"Permanent Capital Management, LP",0002054108,0001951757-26-000858,14-MAY-2026,31-MAR-2026,643012543.0,155
Brentview Investment Management LLC,0002052564,0002052564-26-000003,14-MAY-2026,31-MAR-2026,231273122.0,63
"WGI DM, LLC",0002059126,0002059126-26-000003,14-MAY-2026,31-MAR-2026,999526128.0,6
"Institute for Wealth Management, LLC.",0001533954,0001754960-26-000382,14-MAY-2026,31-MAR-2026,931325592.0,540
EVERGREEN CAPITAL MANAGEMENT LLC,0001260824,0001172661-26-001935,14-MAY-2026,31-MAR-2026,4607284488.0,1498
1832 Asset Management L.P.,0000944388,0001062993-26-002620,14-MAY-2026,31-MAR-2026,75529150002.0,628
Osmosis Investment Management UK Ltd,0001780700,0001780700-26-000004,14-MAY-2026,31-MAR-2026,3722467766.0,456
"One William Street Capital Management, L.P.",0001534300,0001172661-26-001917,14-MAY-2026,31-MAR-2026,52029455.0,11
Mitsui Sumitomo Insurance Co Ltd,0001142206,0001193125-26-222668,14-MAY-2026,31-MAR-2026,3895968226.0,1
CANADA LIFE ASSURANCE Co,0001046192,0001046192-26-000009,14-MAY-2026,31-MAR-2026,55820162.0,1841
"American Family Investments, Inc.",0002029723,0001420506-26-001005,14-MAY-2026,31-MAR-2026,3802690186.0,13
"RGM Capital, LLC",0001323953,0001323953-26-000012,14-MAY-2026,31-MAR-2026,0.0,1
"CLOVERFIELDS CAPITAL GROUP, LP",0001819581,0001819581-26-000003,14-MAY-2026,31-MAR-2026,309094016.0,91
"Redwood Investment Management, LLC",0001717479,0001717479-26-000002,14-MAY-2026,31-MAR-2026,805253.0,264
"Cedar Wealth Management, LLC",0001665642,0001665642-26-000003,14-MAY-2026,31-MAR-2026,343564731.0,89
"RPG Investment Advisory, LLC",0001666664,0001172661-26-001926,14-MAY-2026,31-MAR-2026,829041374.0,92
1922 Investment Co LLC,0001584289,0001104659-26-060546,14-MAY-2026,31-MAR-2026,2922275.0,3
"Smead Capital Management, Inc.",0001427008,0001172661-26-001955,14-MAY-2026,31-MAR-2026,4597098186.0,32
"Aft, Forsyth & Sober, LLC",0001566801,0001566801-26-000003,14-MAY-2026,31-MAR-2026,327785238.0,62
PORTLAND INVESTMENT COUNSEL INC.,0001081668,0001081668-26-000007,14-MAY-2026,31-MAR-2026,311618302.0,55
"Roof Eidam Maycock Peralta, LLC",0001028874,0001172661-26-001952,14-MAY-2026,31-MAR-2026,435993058.0,125
BC Partners PE LP,0002069049,0001213900-26-056510,14-MAY-2026,31-MAR-2026,5959578156.0,2
"Cauble & Harre Wealth Management, Inc.",0002064807,0001214659-26-006128,14-MAY-2026,31-MAR-2026,125540330.0,74
Pillsbury Lake Capital LLC,0002111915,0001420506-26-001006,14-MAY-2026,31-MAR-2026,220740168.0,31
Acasta Partners UK LLP,0002090007,0002090007-26-000004,14-MAY-2026,31-MAR-2026,262926646.0,19
"Medina Value Partners, LLC",0001843543,0001843543-26-000003,14-MAY-2026,31-MAR-2026,477455650.0,30
"Beaird Harris Wealth Management, LLC",0001908938,0001908938-26-000002,14-MAY-2026,31-MAR-2026,1471312081.0,686
"Game Creek Capital, LP",0001731132,0001172661-26-001951,14-MAY-2026,31-MAR-2026,260575971.0,78
"Klingman & Associates, LLC",0001662449,0001172661-26-001944,14-MAY-2026,31-MAR-2026,2089160347.0,332
Menard Financial Group LLC,0001803156,0001803156-26-000003,14-MAY-2026,31-MAR-2026,143110313.0,82
Glenorchy Capital Ltd,0002008506,0002008506-26-000002,14-MAY-2026,31-MAR-2026,185000596.0,62
Bullseye Asset Management LLC,0001513779,0001513779-26-000002,14-MAY-2026,31-MAR-2026,172697.0,60
KHALL LLC,0001569242,0001569242-26-000007,14-MAY-2026,31-MAR-2026,82020673.0,1
"Saraza Management, LP",0001894188,0001894188-26-000006,14-MAY-2026,31-MAR-2026,238614486.0,20
BANK OF NOVA SCOTIA,0000009631,0000009631-26-000016,14-MAY-2026,31-MAR-2026,57135946157.0,1006
Mount Capital Ltd,0001896379,0001896379-26-000003,14-MAY-2026,31-MAR-2026,248176654.0,18
LONG WALK MANAGEMENT LP,0001869470,0001869470-26-000006,14-MAY-2026,31-MAR-2026,343533471.0,11
ArchPoint Investors,0001483472,0001420506-26-000985,14-MAY-2026,31-MAR-2026,420026066.0,78
Johns Hopkins University,0001764756,0001764756-26-000003,14-MAY-2026,31-MAR-2026,1379805262.0,13
"Siena Capital Partners GP, LLC",0001694886,0001694886-26-000005,14-MAY-2026,31-MAR-2026,385470566.0,100
Triata Capital Ltd,0002014039,0002014039-26-000003,14-MAY-2026,31-MAR-2026,551815796.0,14
Aviso Financial Inc.,0002033534,0002033534-26-000005,14-MAY-2026,31-MAR-2026,2815620210.0,338
MCGUIRE CAPITAL ADVISORS INC,0002112006,0002112006-26-000003,14-MAY-2026,31-MAR-2026,156245302.0,868
EDENTREE ASSET MANAGEMENT Ltd,0001980273,0001980273-26-000002,14-MAY-2026,31-MAR-2026,331749151.0,65
Hidden Lake Asset Management LP,0001750312,0001750312-26-000004,14-MAY-2026,31-MAR-2026,150886419.0,20
140 Summer Partners LP,0001820788,0000919574-26-003018,14-MAY-2026,31-MAR-2026,1132488371.0,20
AVIVA PLC,0001140022,0001140022-26-000005,14-MAY-2026,31-MAR-2026,59606790996.0,844
Timelo Investment Management Inc.,0001851296,0000919574-26-003066,14-MAY-2026,31-MAR-2026,73021791.0,48
"Watchtower Advisors, LP",0001807092,0001807092-26-000007,14-MAY-2026,31-MAR-2026,140993511.0,12
Financial Network Wealth Advisors LLC,0002012031,0002012031-26-000002,14-MAY-2026,31-MAR-2026,97719865.0,772
Heritage Wealth Advisors,0001591122,0001591122-26-000003,14-MAY-2026,31-MAR-2026,2559630983.0,692
BANC FUNDS CO LLC,0001029311,0001029311-26-000046,14-MAY-2026,31-MAR-2026,537191828.0,97
Jupiter Wealth Management LLC,0001774207,0001774207-26-000002,14-MAY-2026,31-MAR-2026,253012913.0,90
Venator Management LLC,0001838211,0001838211-26-000005,14-MAY-2026,31-MAR-2026,415877045.0,28
"PINCUS CAPITAL MANAGEMENT, LP",0002109652,0001214659-26-006122,14-MAY-2026,31-MAR-2026,143622267.0,50
Veritas Asset Management LLP,0001541448,0001172661-26-001833,14-MAY-2026,31-MAR-2026,5903025860.0,21
Ballast Financial Advisors LLC,0002109821,0001172661-26-001850,14-MAY-2026,31-MAR-2026,97531694.0,68
"JONES ROAD CAPITAL MANAGEMENT, L.P.",0001842361,0001842361-26-000003,14-MAY-2026,31-MAR-2026,51196559.0,13
"RiverPark Advisors, LLC",0001484256,0001104659-26-061102,14-MAY-2026,31-MAR-2026,276143551.0,150
"Delos Wealth Advisors, LLC",0001878326,0001878326-26-000002,14-MAY-2026,31-MAR-2026,174658895.0,253
TRUSTMARK BANK TRUST DEPARTMENT,0000861176,0001140361-26-021193,14-MAY-2026,31-MAR-2026,1555734386.0,271
"Siren, L.L.C.",0002005245,0002005245-26-000006,14-MAY-2026,31-MAR-2026,3607379030.0,100
Meiji Yasuda Asset Management Co Ltd.,0001491685,0001193125-26-223095,14-MAY-2026,31-MAR-2026,2003316728.0,548
"FULLER & THALER ASSET MANAGEMENT, INC.",0001082327,0001420506-26-000992,14-MAY-2026,31-MAR-2026,29701663569.0,497
BROWN BROTHERS HARRIMAN & CO,0000014661,0001104659-26-060871,14-MAY-2026,31-MAR-2026,18647911623.0,1800
"Novak & Powell Financial Services, Inc.",0002011548,0002011548-26-000002,14-MAY-2026,31-MAR-2026,185626233.0,163
Woodbridge Co Ltd,0001397960,0001140361-26-021195,14-MAY-2026,31-MAR-2026,27809975980.0,46
"COWA, LLC",0001844480,0001172661-26-001949,14-MAY-2026,31-MAR-2026,370604529.0,158
"Rock Point Advisors, LLC",0001301540,0001301540-26-000002,14-MAY-2026,31-MAR-2026,369594949.0,118
"Sloy Dahl & Holst, LLC",0001690295,0001172661-26-001837,14-MAY-2026,31-MAR-2026,728419209.0,112
Hara Capital LLC,0002010015,0002010015-26-000005,14-MAY-2026,31-MAR-2026,200425244.0,311
JB CAPITAL PARTNERS LP,0001138532,0001213900-26-056531,14-MAY-2026,31-MAR-2026,580513208.0,85
"Orvieto Partners, L.P.",0002052484,0002052484-26-000002,14-MAY-2026,31-MAR-2026,116851814.0,44
First Washington CORP,0001390043,0001390043-26-000002,14-MAY-2026,31-MAR-2026,353454810.0,50
TIMUCUAN ASSET MANAGEMENT INC/FL,0001034541,0001034541-26-000003,14-MAY-2026,31-MAR-2026,2717098993.0,28
"Grantham, Mayo, Van Otterloo & Co. LLC",0001352662,0001072613-26-000397,14-MAY-2026,31-MAR-2026,39095353375.0,628
"IronBridge Private Wealth, LLC",0001850996,0001172661-26-001846,14-MAY-2026,31-MAR-2026,310052751.0,45
"Chandler Asset Management, Inc.",0001665018,0001665018-26-000004,14-MAY-2026,31-MAR-2026,659389992.0,23
PJT Investments Corp.,0002080606,0001140361-26-021201,14-MAY-2026,31-MAR-2026,252294097.0,8
"LGL PARTNERS, LLC",0001653202,0001653202-26-000002,14-MAY-2026,31-MAR-2026,242881408.0,66
GOLDENTREE ASSET MANAGEMENT LP,0001278951,0001278951-26-000002,14-MAY-2026,31-MAR-2026,1686713697.0,29
"FIDUCIARY FAMILY OFFICE, LLC",0002020280,0001172661-26-001820,14-MAY-2026,31-MAR-2026,350849317.0,179
"North Peak Capital Management, LLC",0001747888,0001747888-26-000002,14-MAY-2026,31-MAR-2026,601349423.0,7
ORLEANS CAPITAL MANAGEMENT CORP/LA,0001013234,0001013234-26-000002,14-MAY-2026,31-MAR-2026,147880314.0,106
LM Advisors LLC,0002011314,0002011314-26-000002,14-MAY-2026,31-MAR-2026,6325652.0,212
Northwest & Ethical Investments L.P.,0002033536,0002033536-26-000005,14-MAY-2026,31-MAR-2026,4323106900.0,512
Talos Eurisko Asset Management LP,0002041062,0002041062-26-000004,14-MAY-2026,31-MAR-2026,585262322.0,23
Lingotto Investment Management LLP,0001732768,0001172661-26-001922,14-MAY-2026,31-MAR-2026,5043086867.0,34
"BRIGHT FINANCIAL ADVISORS, INC.",0002022456,0001172661-26-001920,14-MAY-2026,31-MAR-2026,218243003.0,67
"Ankerstar Wealth, LLC",0002053917,0002053917-26-000004,14-MAY-2026,31-MAR-2026,94724764.0,955
POLEN CAPITAL MANAGEMENT LLC,0001034524,0001172661-26-001911,14-MAY-2026,31-MAR-2026,14456164077.0,221
AXIOM INVESTORS LLC /DE,0001109147,0001109147-26-000003,14-MAY-2026,31-MAR-2026,8985691073.0,121
SANTA MONICA PARTNERS LP,0000904793,0000904793-26-000003,14-MAY-2026,31-MAR-2026,179142.0,13
Peloton Wealth Strategists,0001080132,0001080132-26-000002,14-MAY-2026,31-MAR-2026,247243.0,86
OAK ASSOCIATES LTD /OH/,0000836372,0001193125-26-223607,14-MAY-2026,31-MAR-2026,1486182547.0,140
"Kintegral Advisory, LLC",0001569518,0000919574-26-003013,14-MAY-2026,31-MAR-2026,1055050230.0,233
EDGEWOOD MANAGEMENT LLC,0000860561,0001062993-26-002623,14-MAY-2026,31-MAR-2026,15496046298.0,87
Aldebaran Financial Inc.,0001353110,0001062993-26-002611,14-MAY-2026,31-MAR-2026,105288494.0,76
Moerus Capital Management LLC,0001742647,0001398344-26-009117,14-MAY-2026,31-MAR-2026,270751770.0,15
"SHCP, LLC",0002055834,0002055834-26-000009,14-MAY-2026,31-MAR-2026,0.0,1
"Safeguard Investment Advisory Group, LLC",0001846711,0001172661-26-001861,14-MAY-2026,31-MAR-2026,361985421.0,143
MEDICI CAPITAL LLC,0001777234,0001777234-26-000003,14-MAY-2026,31-MAR-2026,71559212.0,9
Vesa Equity Investment S.a r.l.,0001810554,0001213900-26-056256,14-MAY-2026,31-MAR-2026,0.0,1
Charles-Lim Capital Ltd,0001634255,0001634255-26-000003,14-MAY-2026,31-MAR-2026,301300250.0,5
PANAGORA ASSET MANAGEMENT INC,0000883677,0001172661-26-001914,14-MAY-2026,31-MAR-2026,26695028147.0,1159
"Newport Trust Company, LLC",0001722329,0001172661-26-001923,14-MAY-2026,31-MAR-2026,40727980409.0,64
"Biondo Investment Advisors, LLC",0001455176,0001455176-26-000005,14-MAY-2026,31-MAR-2026,779854769.0,82
"VIRTUS ADVISERS, LLC",0001587281,0001587281-26-000011,14-MAY-2026,31-MAR-2026,215166098.0,495
"GC Wealth Management RIA, LLC",0002011169,0001172661-26-001946,14-MAY-2026,31-MAR-2026,2415872081.0,506
Guilbault Capital LLC,0002134737,0002134737-26-000002,14-MAY-2026,31-MAR-2026,91274711.0,67
"EP Wealth Advisors, LLC",0001540569,0001398344-26-009125,14-MAY-2026,31-MAR-2026,20340649835.0,1496
FIDUCIARY MANAGEMENT INC /WI/,0000764532,0000764532-26-000003,14-MAY-2026,31-MAR-2026,8057092964.0,62
Fosse Capital Partners LLP,0001789908,0001789908-26-000003,14-MAY-2026,31-MAR-2026,135374719.0,2
HighPoint Advisor Group LLC,0001616034,0001616034-26-000004,14-MAY-2026,31-MAR-2026,2386208832.0,642
Swiss Life Asset Management Ltd,0001637689,0001172661-26-001895,14-MAY-2026,31-MAR-2026,20422601436.0,1506
GENERATION INVESTMENT MANAGEMENT LLP,0001375534,0001752724-26-000018,14-MAY-2026,31-MAR-2026,11158557349.0,29
Atika Capital Management LLC,0001599731,0001214659-26-006119,14-MAY-2026,31-MAR-2026,633628388.0,52
LITTLEJOHN & CO LLC,0001042537,0001042537-26-000003,14-MAY-2026,31-MAR-2026,105514912.0,9
RMG Wealth Management LLC,0001844731,0001214659-26-006124,14-MAY-2026,31-MAR-2026,866367869.0,606
"Channing Capital Management, LLC",0001302404,0001172661-26-001835,14-MAY-2026,31-MAR-2026,3905055736.0,108
"Camarda Financial Advisors, LLC",0001536444,0001536444-26-000004,14-MAY-2026,31-MAR-2026,189988927.0,104
Stonebridge Capital Advisors LLC,0001600035,0001600035-26-000002,14-MAY-2026,31-MAR-2026,1428522188.0,211
"Corebridge Financial, Inc.",0001889539,0001889539-26-000118,14-MAY-2026,31-MAR-2026,1091022820.0,3
Alpine Fox Capital LLC,0002096493,0002096493-26-000002,14-MAY-2026,31-MAR-2026,106239129.0,13
"Sterling Wealth Management, Inc.",0002011149,0001172661-26-001854,14-MAY-2026,31-MAR-2026,364253349.0,112
"Frec Markets, Inc.",0002111359,0002111359-26-000005,14-MAY-2026,31-MAR-2026,587243150.0,644
"Johnson Financial Group, LLC",0001706327,0001172661-26-001933,14-MAY-2026,31-MAR-2026,1501942567.0,185
Federation des caisses Desjardins du Quebec,0002022297,0002022297-26-000005,14-MAY-2026,31-MAR-2026,27801931021.0,2964
"Algorithmic Investment Models, LLC",0001806628,0001172661-26-001908,14-MAY-2026,31-MAR-2026,81035618.0,32
Dixon Mitchell Investment Counsel Inc.,0001993485,0001993485-26-000003,14-MAY-2026,31-MAR-2026,2876364467.0,140
Arvin Capital Management LP,0001961738,0001961738-26-000002,14-MAY-2026,31-MAR-2026,427876578.0,23
PEAK6 LLC,0001389958,0001389958-26-000013,14-MAY-2026,31-MAR-2026,3461030297.0,808
MGO ONE SEVEN LLC,0001731444,0001172661-26-001929,14-MAY-2026,31-MAR-2026,4977660155.0,1399
DNB Asset Management AS,0001456670,0000912282-26-000720,14-MAY-2026,31-MAR-2026,28047861559.0,1235
"University of Massachusetts Foundation, Inc.",0001802874,0001802874-26-000007,14-MAY-2026,31-MAR-2026,0.0,1
Campion Asset Management,0001843492,0001172661-26-001859,14-MAY-2026,31-MAR-2026,147443985.0,82
"Tamar Securities, LLC",0001703081,0001172661-26-001937,14-MAY-2026,31-MAR-2026,932429039.0,80
"E&R Wealth Management, LLC",0002109932,0001172661-26-001928,14-MAY-2026,31-MAR-2026,100390194.0,12
 NEUBERGER BERMAN GROUP LLC,0001465109,0001465109-26-000030,14-MAY-2026,31-MAR-2026,131387516373.0,2156
"Taylor Securities Services, Inc.",0002115182,0002115182-26-000002,14-MAY-2026,31-MAR-2026,214187975.0,55
"Aspen Grove Capital, LLC",0001806027,0001806027-26-000006,14-MAY-2026,31-MAR-2026,514146362.0,200
"First Pacific Advisors, LP",0001377581,0001377581-26-000005,14-MAY-2026,31-MAR-2026,7134031383.0,85
"MFN Partners Management, LP",0001732811,0000904454-26-000287,14-MAY-2026,31-MAR-2026,4774794447.0,10
"DEEPWATER ASSET MANAGEMENT, LLC",0001964171,0001172661-26-001817,14-MAY-2026,31-MAR-2026,157846156.0,39
"WITTENBERG INVESTMENT MANAGEMENT, INC.",0001697790,0001062993-26-002625,14-MAY-2026,31-MAR-2026,269014266.0,74
PUBLIC EMPLOYEES RETIREMENT SYSTEM OF OHIO,0001007280,0001007280-26-000009,14-MAY-2026,31-MAR-2026,30916647037.0,2302
CHARTIST INC /CA/,0001129770,0001129770-26-000002,14-MAY-2026,31-MAR-2026,139228712.0,20
"Clarkston Capital Partners, LLC",0001562855,0001398344-26-009118,14-MAY-2026,31-MAR-2026,1310553509.0,98
"Stamos Capital Partners, L.P.",0001705399,0001172661-26-001842,14-MAY-2026,31-MAR-2026,639670078.0,142
DYMON ASIA CAPITAL (SINGAPORE) PTE. LTD.,0001672142,0001172661-26-001907,14-MAY-2026,31-MAR-2026,454754959.0,147
PARK CIRCLE Co,0001546592,0001104659-26-061134,14-MAY-2026,31-MAR-2026,105260398.0,49
"Monte Financial Group, LLC",0001755651,0001951757-26-000859,14-MAY-2026,31-MAR-2026,281598010.0,100
"Virtus Investment Advisers, LLC",0000019481,0000019481-26-000004,14-MAY-2026,31-MAR-2026,362526576.0,450
"Rench Wealth Management, Inc.",0001599016,0001599016-26-000002,14-MAY-2026,31-MAR-2026,332387969.0,62
Garden State Investment Advisory Services LLC,0001965351,0001172661-26-001823,14-MAY-2026,31-MAR-2026,418195566.0,292
Corient IA LLC,0002058426,0002058426-26-000003,14-MAY-2026,31-MAR-2026,106365520.0,279
Discovery Value Fund,0001750451,0001750451-26-000004,14-MAY-2026,31-MAR-2026,34683626.0,1
Artal Group S.A.,0001053906,0001053906-26-000006,14-MAY-2026,31-MAR-2026,1010581941.0,2
United American Securities Inc. (d/b/a UAS Asset Management),0001349353,0000919574-26-003005,14-MAY-2026,31-MAR-2026,458332026.0,11
BROWN CAPITAL MANAGEMENT LLC,0000885062,0001398344-26-009159,14-MAY-2026,31-MAR-2026,703989643.0,56
BEACON INVESTMENT ADVISORS LLC,0001961635,0001172661-26-001953,14-MAY-2026,31-MAR-2026,264919436.0,171
DKRT Investments Corp.,0002080627,0001140361-26-021233,14-MAY-2026,31-MAR-2026,394564974.0,48
ACADEMY CAPITAL MANAGEMENT,0001031972,0001031972-26-000003,14-MAY-2026,31-MAR-2026,699417109.0,37
Tsai Capital Corp,0001574850,0001104659-26-060992,14-MAY-2026,31-MAR-2026,134397117.0,19
Proficio Capital Partners LLC,0001654175,0001214659-26-006130,14-MAY-2026,31-MAR-2026,1871791658.0,248
Laurore Ltd,0002082507,0001104659-26-060507,14-MAY-2026,31-MAR-2026,263034039.0,1
Hall Kathryn A.,0001512944,0001512944-26-000004,14-MAY-2026,31-MAR-2026,0.0,1
"Cynosure Group, LLC",0001763409,0001172661-26-001816,14-MAY-2026,31-MAR-2026,800290044.0,198
"TWIN FOCUS CAPITAL PARTNERS, LLC",0001387761,0001172661-26-001948,14-MAY-2026,31-MAR-2026,870136873.0,172
"LORD, ABBETT & CO. LLC",0000728100,0000930413-26-001592,14-MAY-2026,31-MAR-2026,30624752.0,549
Wilmar Advisors LLC,0002052481,0001213900-26-056417,14-MAY-2026,31-MAR-2026,115668369.0,27
PSquared Asset Management AG,0001623624,0000945621-26-000698,14-MAY-2026,31-MAR-2026,287430950.0,15
"RWQ Financial Management Services, Inc.",0001846544,0001172661-26-001954,14-MAY-2026,31-MAR-2026,153440354.0,22
"LHM, INC.",0002009224,0001213900-26-056183,14-MAY-2026,31-MAR-2026,253976659.0,22
NEXT CENTURY GROWTH INVESTORS LLC,0001134007,0001134007-26-000003,14-MAY-2026,31-MAR-2026,1379535109.0,112
"Nixon Capital, LLC",0001846352,0001941040-26-000352,14-MAY-2026,31-MAR-2026,292764309.0,22
"Galvin, Gaustad & Stein, LLC",0001840945,0001172661-26-001932,14-MAY-2026,31-MAR-2026,1247453244.0,251
"Westwood Global Investments, LLC",0001356513,0001356513-26-000003,14-MAY-2026,31-MAR-2026,2682511119.0,12
"Worth Venture Partners, LLC",0001696778,0001214659-26-006132,14-MAY-2026,31-MAR-2026,31553049.0,55
"Meros Investment Management, LP",0001911372,0001911372-26-000002,14-MAY-2026,31-MAR-2026,230743875.0,52
Palliser Capital (UK) Ltd,0001881490,0001881490-26-000004,14-MAY-2026,31-MAR-2026,128845217.0,5
"Seven Springs Wealth Group, LLC",0001803898,0001172661-26-001912,14-MAY-2026,31-MAR-2026,432485723.0,81
William Allan Corp,0001910961,0001172661-26-001858,14-MAY-2026,31-MAR-2026,168981616.0,59
Mudita Advisors LLP,0001907809,0001172661-26-001925,14-MAY-2026,31-MAR-2026,490065486.0,28
Alfreton Capital LLP,0001873435,0001873435-26-000006,14-MAY-2026,31-MAR-2026,308024284.0,5
Infusive Asset Management Inc.,0001749333,0001749333-26-000004,14-MAY-2026,31-MAR-2026,206633681.0,32
Vinva Investment Management Ltd,0001968109,0001754960-26-000383,14-MAY-2026,31-MAR-2026,8067711251.0,435
Fosun International Ltd,0001447884,0001104659-26-060701,14-MAY-2026,31-MAR-2026,398585897.0,66
RiverGlades Family Offices LLC,0001619779,0001619779-26-000001,14-MAY-2026,31-MAR-2026,170072937.0,87
"Rockbridge Investment Management, LCC",0001821984,0001214659-26-006169,14-MAY-2026,31-MAR-2026,1112809148.0,137
Silvant Capital Management LLC,0001738728,0001738728-26-000004,14-MAY-2026,31-MAR-2026,2894014714.0,315
Sellaronda Global Management LP,0001975764,0001999371-26-010673,14-MAY-2026,31-MAR-2026,152498525.0,8
Dundas Partners LLP,0001742418,0001742418-26-000003,14-MAY-2026,31-MAR-2026,1254142748.0,49
"3 FACTOR INDEXING, LLC",0002135169,0002135169-26-000002,14-MAY-2026,31-MAR-2026,105886495.0,453
"HAZLETT, BURT & WATSON, INC.",0000046392,0000046392-26-000003,14-MAY-2026,31-MAR-2026,319721.0,912
Rodgers Brothers Inc.,0001397290,0001172661-26-001958,14-MAY-2026,31-MAR-2026,865515088.0,242
"Riverview Capital Advisers, LLC",0001962933,0001962933-26-000002,14-MAY-2026,31-MAR-2026,299672479.0,86
Syncona Portfolio Ltd,0001725042,0001193125-26-222811,14-MAY-2026,31-MAR-2026,25705701.0,2
MEDIATEL PARTNERS,0001133939,0000897423-26-000080,14-MAY-2026,31-MAR-2026,33327700.0,2
BTG Pactual Asset Management US LLC,0001569579,0001569579-26-000002,14-MAY-2026,31-MAR-2026,1028009040.0,304
EMORY UNIVERSITY,0001377635,0001377635-26-000005,14-MAY-2026,31-MAR-2026,267392519.0,7
Helix Partners Management LP,0001995612,0001995612-26-000005,14-MAY-2026,31-MAR-2026,156739500.0,11
"Coastal Bridge Advisors, LLC",0001665976,0002085853-26-000594,14-MAY-2026,31-MAR-2026,1411526960.0,445
RENAISSANCERE HOLDINGS LTD,0000913144,0000905148-26-002280,14-MAY-2026,31-MAR-2026,406250237.0,5
SMA Capital LLC,0002075338,0002075338-26-000005,14-MAY-2026,31-MAR-2026,231640613.0,95
"Crestview Partners III GP, L.P.",0001703027,0000950142-26-001387,14-MAY-2026,31-MAR-2026,195048341.0,2
"ADE, LLC",0001845950,0001845950-26-000004,14-MAY-2026,31-MAR-2026,208610515.0,86
"Owls Nest Partners IA, LLC",0001845806,0001398344-26-009193,14-MAY-2026,31-MAR-2026,285712275.0,13
Bakala Capital LLC,0001976751,0001140361-26-021308,14-MAY-2026,31-MAR-2026,20798607.0,11
MIROVA,0001767843,0001104659-26-061161,14-MAY-2026,31-MAR-2026,2462301662.0,179
SRB CORP,0001496228,0000904454-26-000289,14-MAY-2026,31-MAR-2026,1628203563.0,23
"Simcoe Capital Management, LLC",0001633362,0001633362-26-000003,14-MAY-2026,31-MAR-2026,539016309.0,14
Provida Pension Fund Administrator,0000931588,0001628280-26-035175,14-MAY-2026,31-MAR-2026,0.0,0
"Crestview Partners IV GP, L.P.",0001818687,0000950142-26-001388,14-MAY-2026,31-MAR-2026,331682798.0,2
M28 Capital Management LP,0001807489,0000902664-26-002442,14-MAY-2026,31-MAR-2026,53799035.0,9
"GLAZER CAPITAL, LLC",0001076809,0001076809-26-000062,14-MAY-2026,31-MAR-2026,4706068.0,489
" DAG VENTURES, LLC",0001624576,0001624576-26-000005,14-MAY-2026,31-MAR-2026,128820116.0,3
Unicom Capital LLC,0001541197,0001193125-26-223978,14-MAY-2026,31-MAR-2026,0.0,1
StoneX Group Inc.,0000913760,0000913760-26-000032,14-MAY-2026,31-MAR-2026,1857831976.0,917
ADVENTIST HEALTH SYSTEM SUNBELT HEALTHCARE CORP,0001103139,0001172661-26-001963,14-MAY-2026,31-MAR-2026,2857171538.0,21
"Matrix Capital Management Company, LP",0001410830,0001172661-26-001967,14-MAY-2026,31-MAR-2026,46314000.0,1
Kryger Capital LLC,0002123957,0002123957-26-000002,14-MAY-2026,31-MAR-2026,1414260170.0,76
Nitor Capital Management LLC,0002019017,0002019017-26-000008,14-MAY-2026,31-MAR-2026,129875818.0,24
RENAISSANCE TECHNOLOGIES LLC,0001037389,0001037389-26-000033,14-MAY-2026,31-MAR-2026,63929893013.0,3213
"Legacy Bridge, LLC",0001689144,0001689144-26-000002,14-MAY-2026,31-MAR-2026,262209714.0,320
"Affinity Asset Advisors, LLC",0001773195,0001315863-26-000411,14-MAY-2026,31-MAR-2026,1705088311.0,95
"ABRAMS CAPITAL MANAGEMENT, L.P.",0001358706,0001172661-26-001966,14-MAY-2026,31-MAR-2026,4638238227.0,11
"Collar Capital Management, LLC",0002056719,0001172661-26-001976,14-MAY-2026,31-MAR-2026,154501614.0,72
"Solstein Capital, LLC",0001730769,0001941040-26-000363,14-MAY-2026,31-MAR-2026,243627852.0,441
Spruce Street Capital LP,0002050194,0002050194-26-000004,14-MAY-2026,31-MAR-2026,415936109.0,28
"GAMCO INVESTORS, INC. ET AL",0000807249,0001140361-26-021334,14-MAY-2026,31-MAR-2026,10155808033.0,1007
"Sentinel Advisory Group, LLC",0002118181,0002118181-26-000002,14-MAY-2026,31-MAR-2026,205227264.0,53
PARADIGM CAPITAL MANAGEMENT INC/NY,0001037792,0001037792-26-000007,14-MAY-2026,31-MAR-2026,2613898516.0,112
"SR One Capital Management, LP",0001910264,0001193125-26-224136,14-MAY-2026,31-MAR-2026,915442498.0,14
Nan Fung Group Holdings Ltd,0001782539,0001012975-26-000423,14-MAY-2026,31-MAR-2026,121264536.0,24
"SILVERARC CAPITAL MANAGEMENT, LLC",0001816307,0001420506-26-001011,14-MAY-2026,31-MAR-2026,848646466.0,67
"OAKTOP CAPITAL MANAGEMENT II, L.P.",0001550660,0001172661-26-001972,14-MAY-2026,31-MAR-2026,1340190988.0,14
"Traction Financial Partners, LLC",0002007748,0002007748-26-000002,14-MAY-2026,31-MAR-2026,162427023.0,57
"St. James Investment Company, LLC",0001504492,0001504492-26-000004,14-MAY-2026,31-MAR-2026,638417603.0,22
"Sustainable Insight Capital Management, LLC",0001580677,0001580677-26-000002,14-MAY-2026,31-MAR-2026,297747990.0,86
Rivermont Capital Management LP,0001965613,0001965613-26-000003,14-MAY-2026,31-MAR-2026,474676871.0,20
LANSDOWNE PARTNERS (UK) LLP,0001608485,0000919574-26-003079,14-MAY-2026,31-MAR-2026,1866372538.0,22
"Defilade Capital Management, L.P.",0002088557,0002088557-26-000005,14-MAY-2026,31-MAR-2026,712175993.0,31
"MAPLELANE CAPITAL, LLC",0001512173,0000919574-26-003099,14-MAY-2026,31-MAR-2026,1191866012.0,35
KIZE CAPITAL LP,0001798860,0000902664-26-002440,14-MAY-2026,31-MAR-2026,79635749.0,6
Forest Avenue Capital Management LP,0001944889,0001944889-26-000003,14-MAY-2026,31-MAR-2026,1581744601.0,25
Purewater Capital LLC,0002135327,0002135327-26-000001,14-MAY-2026,31-MAR-2026,104296250.0,66
"Yakira Capital Management, Inc.",0001584639,0001420506-26-000977,14-MAY-2026,31-MAR-2026,341708560.0,196
Redwood Family Wealth LLC,0002116118,0001172661-26-001822,14-MAY-2026,31-MAR-2026,101931014.0,100
RHODES INVESTMENT ADVISORS INC /ADV,0001005186,0001214659-26-006133,14-MAY-2026,31-MAR-2026,116076261.0,116
VMS Asset Management Limited,0002107719,0002107719-26-000003,14-MAY-2026,31-MAR-2026,163772054.0,23
Strategy Capital LLC,0001592413,0001104659-26-060537,14-MAY-2026,31-MAR-2026,1222995313.0,11
"GABELLI & Co INVESTMENT ADVISERS, INC.",0000932724,0001140361-26-021336,14-MAY-2026,31-MAR-2026,674148997.0,297
"YCG, LLC",0001584801,0001584801-26-000003,14-MAY-2026,31-MAR-2026,1104813896.0,42
Heathbridge Capital Management Ltd.,0001503269,0001062993-26-002609,14-MAY-2026,31-MAR-2026,275202768.0,29
Ted Buchan & Co,0002033413,0001172661-26-001862,14-MAY-2026,31-MAR-2026,275316267.0,88
Estabrook Capital Management,0001344717,0001344717-26-000003,14-MAY-2026,31-MAR-2026,685262521.0,380
"First Eagle Investment Management, LLC",0001325447,0001325447-26-000018,14-MAY-2026,31-MAR-2026,58999944938.0,421
Marble Bar Asset Management LLP,0001346570,0001346570-26-000002,14-MAY-2026,31-MAR-2026,101849273.0,30
Axim Planning & Wealth,0001950607,0001941040-26-000358,14-MAY-2026,31-MAR-2026,82055530.0,83
August Group Capital Ltd,0002107394,0001941040-26-000359,14-MAY-2026,31-MAR-2026,86112721.0,93
Polymer Capital Management (US) LLC,0001973324,0001973324-26-000007,14-MAY-2026,31-MAR-2026,675081238.0,733
CAPITAL FUND MANAGEMENT S.A.,0001323645,0001323645-26-000007,14-MAY-2026,31-MAR-2026,11169966971.0,833
Brooklands Fund Management Ltd,0002036388,0002036388-26-000008,14-MAY-2026,31-MAR-2026,76004083.0,43
" MADRONE ADVISORS, LLC",0001964563,0001964563-26-000006,14-MAY-2026,31-MAR-2026,1027795063.0,5
COURAGE CAPITAL MANAGEMENT LLC,0001119376,0001119376-26-000007,14-MAY-2026,31-MAR-2026,70624.0,14
Venture Visionary Partners LLC,0001792283,0001172661-26-001979,14-MAY-2026,31-MAR-2026,2998545267.0,603
RBO & CO LLC,0001162827,0001162827-26-000002,14-MAY-2026,31-MAR-2026,619606447.0,57
LuminArx Capital Management LP,0001992915,0001992915-26-000002,14-MAY-2026,31-MAR-2026,133054824.0,65
BAUPOST GROUP LLC/MA,0001061768,0001061768-26-000007,14-MAY-2026,31-MAR-2026,5115380.0,22
"Senvest Management, LLC",0001328785,0001172661-26-001964,14-MAY-2026,31-MAR-2026,3006807167.0,49
Strategic Advisors LLC,0001569119,0001172661-26-001974,14-MAY-2026,31-MAR-2026,602159283.0,183
"Marble Wealth, LLC",0002110081,0001951757-26-000869,14-MAY-2026,31-MAR-2026,571388295.0,222
Tyro Capital Management LLC,0001915395,0001915395-26-000012,14-MAY-2026,31-MAR-2026,395017995.0,23
Pennsylvania State University,0002134719,0001213900-26-056739,14-MAY-2026,31-MAR-2026,191303724.0,2
"Alpha Wave Global, LP",0001558858,0001172661-26-001980,14-MAY-2026,31-MAR-2026,790519656.0,20
"Dai-ichi Life Insurance Company, Ltd",0001697728,0000898432-26-000373,14-MAY-2026,31-MAR-2026,3489756666.0,464
"BRANDYWINE MANAGERS, LLC",0001135121,0000919574-26-003102,14-MAY-2026,31-MAR-2026,169913980.0,40
ECOFI INVESTISSEMENTS SA,0002034064,0001104659-26-061157,14-MAY-2026,31-MAR-2026,54890432.0,36
Missouri Trust & Investment Co,0001908186,0001908186-26-000002,14-MAY-2026,31-MAR-2026,340831691.0,411
"Crestview Partners II GP, L.P.",0001505639,0000950142-26-001386,14-MAY-2026,31-MAR-2026,340948092.0,3
Kiltearn Partners LLP,0001582633,0000929638-26-001860,14-MAY-2026,31-MAR-2026,371665683.0,25
SCHWERIN BOYLE CAPITAL MANAGEMENT INC,0000937522,0001376474-26-000375,14-MAY-2026,31-MAR-2026,787983587.0,47
HEALTHCARE OF ONTARIO PENSION PLAN TRUST FUND,0001535845,0001535845-26-000004,14-MAY-2026,31-MAR-2026,60579012093.0,1450
BRANDYWINE TRUST CO,0001123803,0000919574-26-003103,14-MAY-2026,31-MAR-2026,551773174.0,31
DNCA FINANCE,0001752759,0001104659-26-061156,14-MAY-2026,31-MAR-2026,1746721826.0,105
Tree Line Advisors (Hong Kong) Ltd.,0001535096,0000929638-26-001861,14-MAY-2026,31-MAR-2026,232587600.0,3
Rockefeller Capital Management L.P.,0001739439,0001739439-26-000005,14-MAY-2026,31-MAR-2026,56396064511.0,4684
"Passive Capital Management, LLC.",0001958250,0001765380-26-000213,14-MAY-2026,31-MAR-2026,334936067.0,104
Shannon River Fund Management LLC,0001301050,0001013594-26-000581,14-MAY-2026,31-MAR-2026,524080072.0,28
"Entropy Technologies, LP",0001976151,0001976151-26-000004,14-MAY-2026,31-MAR-2026,2168030328.0,857
KAYNE ANDERSON RUDNICK INVESTMENT MANAGEMENT LLC,0001021223,0001398344-26-009183,14-MAY-2026,31-MAR-2026,34046662040.0,957
Dempze Nancy E,0001592614,0001592614-26-000004,14-MAY-2026,31-MAR-2026,182082885.0,92
"Epoch Investment Partners, Inc.",0001305841,0001172661-26-001965,14-MAY-2026,31-MAR-2026,16516032820.0,234
BRX Global LP,0001844103,0001844103-26-000003,14-MAY-2026,31-MAR-2026,76717910.0,3
"Natixis Investment Managers, LLC",0001053187,0001104659-26-061163,14-MAY-2026,31-MAR-2026,76922475.0,2
"WEALTH ALLIANCE, LLC",0001793904,0001951757-26-000867,14-MAY-2026,31-MAR-2026,1012647419.0,548
First Commonwealth Financial Corp /PA/,0000712537,0000712537-26-000024,14-MAY-2026,31-MAR-2026,628534975.0,264
Bleichroeder LP,0001781002,0001420506-26-001007,14-MAY-2026,31-MAR-2026,578573682.0,81
GABELLI FUNDS LLC,0001081407,0001140361-26-021337,14-MAY-2026,31-MAR-2026,14805190617.0,1264
Hilltop Holdings Inc.,0001265131,0001104659-26-061239,14-MAY-2026,31-MAR-2026,1100578208.0,634
"Lebenthal Global Advisors, LLC",0001845766,0001172661-26-001968,14-MAY-2026,31-MAR-2026,687707376.0,190
"Karpus Management, Inc.",0001048703,0001072613-26-000439,14-MAY-2026,31-MAR-2026,3205387141.0,231
Chescapmanager LLC,0001697162,0001140361-26-021281,14-MAY-2026,31-MAR-2026,626130552.0,20
Vivaldi Capital Management LP,0001682021,0001682021-26-000005,14-MAY-2026,31-MAR-2026,723233112.0,281
VEGA INVESTMENT SOLUTIONS,0002056914,0001104659-26-061159,14-MAY-2026,31-MAR-2026,418400185.0,175
"SC US (TTGP), LTD.",0001607841,0001193125-26-224178,14-MAY-2026,31-MAR-2026,9245702535.0,18
"Davis Wealth Advisors, LLC",0002104502,0001214659-26-006214,14-MAY-2026,31-MAR-2026,120340641.0,72
Unisphere Establishment,0002012090,0000947871-26-000533,14-MAY-2026,31-MAR-2026,11888337609.0,50
Betterment LLC,0001633901,0001633901-26-000003,14-MAY-2026,31-MAR-2026,52792904.0,615
CONTINENTAL GENERAL INSURANCE CO,0000024046,0000921895-26-001317,14-MAY-2026,31-MAR-2026,693367655.0,11
RETIREMITTEN FINANCIAL LLC,0002127635,0002127635-26-000003,14-MAY-2026,31-MAR-2026,206830274.0,184
"Point Break Capital Management, LLC",0001631943,0001631943-26-000010,14-MAY-2026,31-MAR-2026,88029754.0,13
"Arrington Capital Management, LLC",0002087115,0002087115-26-000002,14-MAY-2026,31-MAR-2026,88064043.0,23
MetLife Inc,0001099219,0001628280-26-035179,14-MAY-2026,31-MAR-2026,12335766.0,6
"North Ridge Wealth Advisors, Inc.",0001974277,0001974277-26-000005,14-MAY-2026,31-MAR-2026,177728779.0,193
"ENTREWEALTH, LLC",0002052200,0001941040-26-000368,14-MAY-2026,31-MAR-2026,223093533.0,104
Delaney Dennis R,0001661536,0001661536-26-000002,14-MAY-2026,31-MAR-2026,282436804.0,60
"Alvarez & Marsal Private Wealth Partners, LLC",0002109121,0001172661-26-001973,14-MAY-2026,31-MAR-2026,712164161.0,177
"MRP Capital Investments, LLC",0001964831,0001964831-26-000004,14-MAY-2026,31-MAR-2026,114789779.0,210
Orion Capital Management LLC,0001846758,0001846758-26-000002,14-MAY-2026,31-MAR-2026,289764970.0,482
"Wealth Advisors of Tampa Bay, LLC",0001715228,0002073679-26-000052,14-MAY-2026,31-MAR-2026,302375041.0,93
"Granby Capital Management, LLC",0001857581,0000919574-26-003117,14-MAY-2026,31-MAR-2026,174470750.0,14
Ripple Effect Asset Management LP,0002031590,0002000324-26-001911,14-MAY-2026,31-MAR-2026,143596711.0,13
Broadhurst Jeffrey B,0002114882,0002114882-26-000001,14-MAY-2026,31-MAR-2026,97572705.0,41
"ISLAY CAPITAL MANAGEMENT, LLC",0001738560,0001941040-26-000365,14-MAY-2026,31-MAR-2026,196975844.0,204
NATIXIS,0001274981,0001104659-26-061162,14-MAY-2026,31-MAR-2026,24958542784.0,1056
"Congruence Capital, LLC",0002085569,0001172661-26-001971,14-MAY-2026,31-MAR-2026,298208741.0,30
Redwood Financial Network Corp,0001927724,0001927724-26-000003,14-MAY-2026,31-MAR-2026,152526398.0,170
"Long Pond Capital, LP",0001499066,0001172661-26-001977,14-MAY-2026,31-MAR-2026,978107195.0,32
Laraway Financial Advisors Inc,0001908275,0001908275-26-000002,14-MAY-2026,31-MAR-2026,142265752.0,129
Avalon Global Asset Management LLC,0001314273,0001314273-26-000005,14-MAY-2026,31-MAR-2026,424866.0,26
"AIP, LLC",0001714498,0001140361-26-021352,14-MAY-2026,31-MAR-2026,268324102.0,3
"Oribel Capital Management, LP",0001661140,0001661140-26-000002,14-MAY-2026,31-MAR-2026,657455112.0,41
OSSIAM,0001767471,0001104659-26-061158,14-MAY-2026,31-MAR-2026,5685287345.0,388
"Potomac Capital Management, Inc.",0001418746,0001104659-26-061140,14-MAY-2026,31-MAR-2026,114440198.0,63
University of Wisconsin Foundation,0001697228,0001697228-26-000003,14-MAY-2026,31-MAR-2026,112648634.0,10
Pale Fire Capital SE,0001922318,0000921895-26-001322,14-MAY-2026,31-MAR-2026,1138129049.0,60
Metropolitan Life Insurance Co/NY,0000728618,0001628280-26-035185,14-MAY-2026,31-MAR-2026,328259424.0,11
PINEBRIDGE INVESTMENTS LLC,0002088548,0001628280-26-035187,14-MAY-2026,31-MAR-2026,11866178799.0,489
"Edenbrook Capital, LLC",0001666682,0000919574-26-003090,14-MAY-2026,31-MAR-2026,195585814.0,4
"Sunstone Asset Management, L.P.",0002111996,0000912282-26-000730,14-MAY-2026,31-MAR-2026,84862109.0,56
Bollard Group LLC,0001556218,0000929638-26-001858,14-MAY-2026,31-MAR-2026,3274555.0,303
"Bain Capital Credit, LP",0001317947,0001317947-26-000005,14-MAY-2026,31-MAR-2026,302971486.0,6
PINEBRIDGE INVESTMENTS ASIA LTD,0002111095,0001628280-26-035190,14-MAY-2026,31-MAR-2026,289276452.0,7
Cape Ann Asset Management Ltd,0001768237,0000929638-26-001859,14-MAY-2026,31-MAR-2026,440317640.0,11
"AE INDUSTRIAL PARTNERS, LP",0001880785,0001880785-26-000004,14-MAY-2026,31-MAR-2026,1629350831.0,4
"Lighthouse Investment Partners, LLC",0001600344,0001172661-26-001959,14-MAY-2026,31-MAR-2026,2666214066.0,664
Galaxy Digital Capital Management GP LLC,0002118292,0002118292-26-000003,14-MAY-2026,31-MAR-2026,77703184.0,39
"Firsthand Capital Management, Inc.",0001476179,0001398344-26-009198,14-MAY-2026,31-MAR-2026,46882333.0,47
Caisse de depot et placement du Quebec,0000898286,0001140361-26-021351,14-MAY-2026,31-MAR-2026,62432772923.0,684
"Norwood Investment Partners, LP",0001888610,0001888610-26-000002,14-MAY-2026,31-MAR-2026,64962594.0,15
"MetLife Investment Management, LLC",0001529735,0001628280-26-035183,14-MAY-2026,31-MAR-2026,19608179363.0,2765
"Stonepine Capital Management, LLC",0001440771,0001440771-26-000002,14-MAY-2026,31-MAR-2026,113691152.0,66
"Vanguard Personalized Indexing Management, LLC",0001767306,0001104659-26-061303,14-MAY-2026,31-MAR-2026,10188475632.0,2165
Discerene Group LP,0001632958,0001632958-26-000009,14-MAY-2026,31-MAR-2026,863733994.0,11
Lane Generational LLC,0001901384,0001941040-26-000366,14-MAY-2026,31-MAR-2026,125626431.0,39
Parafestas Anastasios,0001556198,0000929638-26-001857,14-MAY-2026,31-MAR-2026,657.0,2
"Teton Advisors, LLC",0002086025,0001140361-26-021338,14-MAY-2026,31-MAR-2026,142184152.0,153
Galaxy Digital Inc.,0001859392,0001859392-26-000057,14-MAY-2026,31-MAR-2026,635814370.0,55
"Roehl & Yi Investment Advisors, LLC",0002097566,0001941040-26-000367,14-MAY-2026,31-MAR-2026,266305603.0,180
MILFORD FUNDS LTD,0001775715,0001775715-26-000007,14-MAY-2026,31-MAR-2026,4771924080.0,75
Pivotal bioVenture Partners Investment Advisor LLC,0001844645,0001012975-26-000421,14-MAY-2026,31-MAR-2026,279777960.0,13
EQT Fund Management S.a r.l.,0001834239,0001193125-26-224227,14-MAY-2026,31-MAR-2026,1020749006.0,5
"TCM Advisors, LLC",0001911491,0001911491-26-000002,14-MAY-2026,31-MAR-2026,121183613.0,64
"BEACONLIGHT CAPITAL, LLC",0001569537,0000919574-26-003095,14-MAY-2026,31-MAR-2026,177309893.0,33
"BLALOCK WILLIAMS, LLC",0002092331,0001951757-26-000866,14-MAY-2026,31-MAR-2026,129342743.0,144
"AFFINITY INVESTMENT ADVISORS, LLC",0001520601,0001941040-26-000362,14-MAY-2026,31-MAR-2026,159872189.0,137
Kirkoswald Asset Management LLC,0001795594,0001795594-26-000004,14-MAY-2026,31-MAR-2026,5228518.0,2
Cumberland Partners Ltd,0001578985,0001104659-26-061281,14-MAY-2026,31-MAR-2026,1317691289.0,157
Jacobs Equity LLC,0002111761,0002111761-26-000003,14-MAY-2026,31-MAR-2026,111769316.0,105
J Digital 6 LLC,0002090663,0000905148-26-002278,14-MAY-2026,31-MAR-2026,140092412.0,2
"ARIEL INVESTMENTS, LLC",0000936753,0000936753-26-000025,14-MAY-2026,31-MAR-2026,8934260435.0,106
"Atlas Venture Life Science Advisors, LLC",0001917529,0001104659-26-061232,14-MAY-2026,31-MAR-2026,790032316.0,6
"Coalescence Partners Investment Management, LP",0001759662,0000919574-26-003113,14-MAY-2026,31-MAR-2026,462507014.0,12
THRYVE WEALTH MANAGEMENT LLC,0002113283,0001951757-26-000868,14-MAY-2026,31-MAR-2026,149712428.0,43
"JHP Wealth Management, LLC",0002110669,0002110669-26-000002,14-MAY-2026,31-MAR-2026,104604798.0,32
AKRE CAPITAL MANAGEMENT LLC,0001112520,0001112520-26-000009,14-MAY-2026,31-MAR-2026,6115870825.0,19
"Frederick Financial Consultants, LLC",0002055328,0002055328-26-000002,14-MAY-2026,31-MAR-2026,200990322.0,109
Presima Securities ULC,0001399360,0001172661-26-001978,14-MAY-2026,31-MAR-2026,178268498.0,48
Meritage Group LP,0001427119,0001427119-26-000004,14-MAY-2026,31-MAR-2026,2650066274.0,13
Rare Wolf Capital LLC,0002105393,0002105393-26-000002,14-MAY-2026,31-MAR-2026,154368719.0,127
Morningstar Investment Management LLC,0001673385,0001104659-26-061223,14-MAY-2026,31-MAR-2026,1615341004.0,315
Polymer Capital Management (HK) LTD,0001970465,0001970465-26-000004,14-MAY-2026,31-MAR-2026,713533104.0,147
OBERNDORF WILLIAM E,0001218663,0001193125-26-222994,14-MAY-2026,31-MAR-2026,53344226.0,7
"ShoreHaven Wealth Partners, LLC",0001844922,0001172661-26-001824,14-MAY-2026,31-MAR-2026,278436163.0,103
"Capital Planning Advisors, LLC",0001631941,0001172661-26-001916,14-MAY-2026,31-MAR-2026,691558105.0,146
Panview Capital Ltd,0002035224,0002035224-26-000003,14-MAY-2026,31-MAR-2026,467216851.0,12
Capital Innovations LLC,0001596076,0001596076-26-000002,14-MAY-2026,31-MAR-2026,399164.0,53
PITCAIRN CO,0000315014,0001398344-26-009138,14-MAY-2026,31-MAR-2026,0.0,1
"Corps Capital Advisors, LLC",0002054234,0001951757-26-000863,14-MAY-2026,31-MAR-2026,115240146.0,96
"DC Funds, LP",0001869028,0001398344-26-009112,14-MAY-2026,31-MAR-2026,1485900.0,3
"Sunesis Advisors, LLC",0001748269,0001748269-26-000004,14-MAY-2026,31-MAR-2026,221269171.0,59
TABLEAUX LLC,0002060663,0001951757-26-000854,14-MAY-2026,31-MAR-2026,206494682.0,113
PRAGMA GESTAO DE PATRIMONIO LTD,0001555512,0001555512-26-000002,14-MAY-2026,31-MAR-2026,189285073.0,18
"Greenstone Partners & Co., LLC",0001845565,0001420506-26-000995,14-MAY-2026,31-MAR-2026,395073140.0,9
Hazelview Securities Inc.,0001705265,0001420506-26-000988,14-MAY-2026,31-MAR-2026,537186217.0,45
MYDA Advisors LLC,0001589689,0001214659-26-006197,14-MAY-2026,31-MAR-2026,423601418.0,118
Spear Holdings RSC Ltd,0002023475,0000947871-26-000532,14-MAY-2026,31-MAR-2026,934886167.0,17
"Vernal Point Advisors, LLC",0001820363,0001820363-26-000003,14-MAY-2026,31-MAR-2026,245952487.0,21
INCEPTIONR LLC,0001821561,0002085853-26-000593,14-MAY-2026,31-MAR-2026,415390304.0,617
"Leo H. Evart, Inc.",0001920405,0001920405-26-000002,14-MAY-2026,31-MAR-2026,116917404.0,298
Nutshell Asset Management Ltd,0002021442,0002021442-26-000004,14-MAY-2026,31-MAR-2026,182538539.0,34
"Blueshift Asset Management, LLC",0001727827,0001727827-26-000004,14-MAY-2026,31-MAR-2026,329526577.0,484
Investors Portfolio Services LLC,0002073833,0002073833-26-000003,14-MAY-2026,31-MAR-2026,107892586.0,702
"MKP Capital Management, L.L.C.",0001534949,0001172661-26-001947,14-MAY-2026,31-MAR-2026,3043038188.0,19
Chou Associates Management Inc.,0001389403,0001104659-26-060931,14-MAY-2026,31-MAR-2026,210266544.0,31
POWER WEALTH MANAGEMENT LLC,0002001039,0001398344-26-009136,14-MAY-2026,31-MAR-2026,268458152.0,94
MAIRS & POWER INC,0001070134,0001172661-26-001819,14-MAY-2026,31-MAR-2026,9786094433.0,245
University of Illinois Foundation,0001994249,0001104659-26-060445,14-MAY-2026,31-MAR-2026,487421936.0,31
Knott David M Jr,0001892770,0001104659-26-060750,14-MAY-2026,31-MAR-2026,168034091.0,85
PINNBROOK CAPITAL MANAGEMENT LP,0001856103,0001856103-26-000003,14-MAY-2026,31-MAR-2026,122428034.0,33
"Artemis Wealth Advisors, LLC",0001767435,0001941040-26-000360,14-MAY-2026,31-MAR-2026,660989658.0,44
BRITISH COLUMBIA INVESTMENT MANAGEMENT Corp,0001228242,0001228242-26-000006,14-MAY-2026,31-MAR-2026,16897935950.0,689
"BANCO BILBAO VIZCAYA ARGENTARIA, S.A.",0000842180,0001193125-26-222858,14-MAY-2026,31-MAR-2026,14287207370.0,726
"INTEGRITY WEALTH ADVISORS, INC.",0001951908,0001172661-26-001860,14-MAY-2026,31-MAR-2026,166583050.0,70
SPG ADVISORS LLC,0001843253,0001214659-26-006141,14-MAY-2026,31-MAR-2026,6565863.0,10
"Royalty Pharma Sub-Manager, LLC",0002081668,0002081668-26-000006,14-MAY-2026,31-MAR-2026,172764205.0,4
Pertento Partners LLP,0001894571,0001894571-26-000006,14-MAY-2026,31-MAR-2026,942421610.0,15
CVC Management Holdings II Ltd.,0002023131,0001193125-26-223943,14-MAY-2026,31-MAR-2026,419737791.0,3
Dorsey & Whitney Trust CO LLC,0001384042,0001062993-26-002606,14-MAY-2026,31-MAR-2026,1818144386.0,710
"Signet Investment Advisory Group, Inc.",0001766328,0001172661-26-001847,14-MAY-2026,31-MAR-2026,218292701.0,69
Periscope Capital Inc. ,0001695320,0001193125-26-222255,14-MAY-2026,31-MAR-2026,574212567.0,414
Wills Financial Group LLC,0002059579,0002059579-26-000002,14-MAY-2026,31-MAR-2026,265349988.0,75
SWAN Capital LLC,0001952722,0001952722-26-000002,14-MAY-2026,31-MAR-2026,272034429.0,554
PBCay One RSC Ltd,0002013737,0000947871-26-000531,14-MAY-2026,31-MAR-2026,934890387.0,17
NICOLET BANKSHARES INC,0001174850,0001174850-26-000116,14-MAY-2026,31-MAR-2026,2710677701.0,562
Chancellor Financial Group WB LP,0002059742,0001951757-26-000864,14-MAY-2026,31-MAR-2026,139680089.0,138
CIBC WORLD MARKET INC.,0001421224,0001421224-26-000004,14-MAY-2026,31-MAR-2026,56918278434.0,1398
Camrose Capital Investment Partners LLP,0002040608,0002040608-26-000004,14-MAY-2026,31-MAR-2026,764196351.0,10
"Catalys Pacific, LLC",0002011385,0001104659-26-060911,14-MAY-2026,31-MAR-2026,230711689.0,2
Virtu Financial LLC,0001533964,0001533964-26-000010,14-MAY-2026,31-MAR-2026,2413621.0,1572
"Providence Capital Advisors, LLC",0001730814,0001730814-26-000003,14-MAY-2026,31-MAR-2026,612684143.0,200
"Davern Capital Partners, LP",0002003147,0000905148-26-002267,14-MAY-2026,31-MAR-2026,364540245.0,17
"LBMC INVESTMENT ADVISORS, LLC",0001536924,0001172661-26-001936,14-MAY-2026,31-MAR-2026,1639808832.0,230
"Dalal Street, LLC",0001549575,0001549575-26-000009,14-MAY-2026,31-MAR-2026,422885142.0,3
Treasurer of the State of North Carolina,0001761054,0001761054-26-000003,14-MAY-2026,31-MAR-2026,31790532.0,1006
"BCWM, LLC",0001542165,0001542165-26-000002,14-MAY-2026,31-MAR-2026,352795486.0,57
"LIBERTY ONE INVESTMENT MANAGEMENT, LLC",0001807328,0001398344-26-009114,14-MAY-2026,31-MAR-2026,969978171.0,154
SEAVIEW INVESTMENT MANAGERS LLC,0001832158,0001832158-26-000002,14-MAY-2026,31-MAR-2026,277377343.0,73
"Mason Investment Advisory Services, Inc.",0001635007,0001140361-26-021278,14-MAY-2026,31-MAR-2026,2165773388.0,79
PLATINUM PARAMOUNT INVESTMENT LTD.,0002089123,0002089123-26-000002,14-MAY-2026,31-MAR-2026,689222879.0,2
1834 INVESTMENT ADVISORS CO,0001138486,0001172661-26-001927,14-MAY-2026,31-MAR-2026,801297142.0,206
"Wolf Hill Capital Management, LP",0001785988,0001785988-26-000003,14-MAY-2026,31-MAR-2026,704836450.0,20
"Guardian Asset Advisors, LLC",0002021272,0002021272-26-000002,14-MAY-2026,31-MAR-2026,171154174.0,102
"Mizuho Bank, Ltd.",0001512734,0001104659-26-060675,14-MAY-2026,31-MAR-2026,369481064.0,4
"Manhattan West Asset Management, LLC",0001904770,0001420506-26-001001,14-MAY-2026,31-MAR-2026,511226241.0,149
SPWM Advisors LLC,0002111209,0001951757-26-000855,14-MAY-2026,31-MAR-2026,115194602.0,93
Brehaut David Pascal,0002106649,0001104659-26-060862,14-MAY-2026,31-MAR-2026,907898581.0,1
"RIVULET CAPITAL, LLC",0001566691,0000919574-26-003025,14-MAY-2026,31-MAR-2026,0.0,1
"Financial Sense Advisors, Inc.",0001358828,0001358828-26-000002,14-MAY-2026,31-MAR-2026,492705172.0,142
Volterra Technologies LP,0001833567,0001172661-26-001941,14-MAY-2026,31-MAR-2026,140670486.0,111
"Cravens & Co Advisors, LLC",0001966116,0001966116-26-000002,14-MAY-2026,31-MAR-2026,153916155.0,64
"RM Financial Services, LLC",0002109852,0001172661-26-001913,14-MAY-2026,31-MAR-2026,115953937.0,75
Sandhill Capital Partners LLC,0001556245,0001556245-26-000003,14-MAY-2026,31-MAR-2026,1162627659.0,95
"Capital Wealth Alliance, LLC",0001803277,0001172661-26-001831,14-MAY-2026,31-MAR-2026,220898023.0,92
TRUSTEES OF THE UNIVERSITY OF PENNSYLVANIA,0000351083,0001193125-26-223022,14-MAY-2026,31-MAR-2026,296847554.0,4
"Mission Creek Capital Partners, Inc.",0001801583,0001214659-26-006196,14-MAY-2026,31-MAR-2026,501259366.0,219
HRT FINANCIAL LP,0001475597,0001475597-26-000032,14-MAY-2026,31-MAR-2026,40051985.0,3727
Trajan Wealth LLC,0001934415,0001934415-26-000004,14-MAY-2026,31-MAR-2026,2475504545.0,150
SUPERSTRING CAPITAL MANAGEMENT LP,0001931118,0001931118-26-000008,14-MAY-2026,31-MAR-2026,139969967.0,35
Harvest Portfolios Group Inc.,0001923739,0000912282-26-000726,14-MAY-2026,31-MAR-2026,6060937562.0,260
Van Berkom & Associates Inc.,0001524408,0001524408-26-000009,14-MAY-2026,31-MAR-2026,3076264.0,72
"TRB Wealth Management, LLC",0002130988,0001214659-26-006187,14-MAY-2026,31-MAR-2026,703601375.0,285
"WEITZ INVESTMENT MANAGEMENT, INC.",0000883965,0001821268-26-000087,14-MAY-2026,31-MAR-2026,1432543452.0,49
GFI Investment Counsel Ltd.,0001688774,0001688774-26-000004,14-MAY-2026,31-MAR-2026,731465985.0,24
Gavilan Investment Partners LLC,0001963404,0001398344-26-009115,14-MAY-2026,31-MAR-2026,372297920.0,14
"Advisory Alpha, LLC",0001576762,0001576762-26-000004,14-MAY-2026,31-MAR-2026,3658943390.0,545
Schreiber Kathleen,0002011329,0002011329-26-000003,14-MAY-2026,31-MAR-2026,0.0,1
IAT REINSURANCE CO LTD.,0001633625,0001214659-26-006107,14-MAY-2026,31-MAR-2026,309609625.0,67
"Insight Wealth Partners, LLC",0001627003,0001172661-26-001843,14-MAY-2026,31-MAR-2026,247434639.0,118
Taikang Asset Management (Hong Kong) Co Ltd,0001755911,0000945621-26-000696,14-MAY-2026,31-MAR-2026,1004796463.0,75
SCHRODER INVESTMENT MANAGEMENT GROUP,0001086619,0001140361-26-021232,14-MAY-2026,31-MAR-2026,121959993039.0,1178
H Squared Management LP,0002110996,0000912282-26-000717,14-MAY-2026,31-MAR-2026,108512426.0,14
Legato Capital Management LLC,0001442641,0001821268-26-000085,14-MAY-2026,31-MAR-2026,1098891666.0,726
"Elizabeth Park Capital Advisors, Ltd.",0001600583,0001600583-26-000005,14-MAY-2026,31-MAR-2026,129925075.0,46
Phillips Wealth Planners LLC,0001962628,0001951757-26-000857,14-MAY-2026,31-MAR-2026,132901969.0,210
"DONALD SMITH & CO., INC.",0000814375,0000814375-26-000039,14-MAY-2026,31-MAR-2026,5557998558.0,62
"SUMITOMO MITSUI FINANCIAL GROUP, INC.",0001022837,0001193125-26-222692,14-MAY-2026,31-MAR-2026,4919885435.0,167
CLG LLC,0002059872,0001172661-26-001943,14-MAY-2026,31-MAR-2026,402718815.0,134
"Crossingbridge Advisors, LLC",0001770024,0001104659-26-060737,14-MAY-2026,31-MAR-2026,552745699.0,156
"Financial Synergies Wealth Advisors, Inc.",0002017868,0002017868-26-000005,14-MAY-2026,31-MAR-2026,1047720285.0,111
Perseverance Asset Management International,0001802695,0001802695-26-000002,14-MAY-2026,31-MAR-2026,909048262.0,21
WAFRA INC.,0000920440,0001172661-26-001841,14-MAY-2026,31-MAR-2026,5950000.0,1
"Ardent Capital Management, Inc.",0001888792,0001172661-26-001931,14-MAY-2026,31-MAR-2026,233649974.0,47
"Philadelphia Financial Management of San Francisco, LLC",0001351407,0001214659-26-006198,14-MAY-2026,31-MAR-2026,312086337.0,42
"Anson Capital, Inc.",0001906003,0001172661-26-001825,14-MAY-2026,31-MAR-2026,146162735.0,90
Ceredex Value Advisors LLC,0001738726,0001738726-26-000004,14-MAY-2026,31-MAR-2026,3178418051.0,163
Schreiber John,0001504918,0001504918-26-000003,14-MAY-2026,31-MAR-2026,0.0,1
NATIONAL MUTUAL FUNDS MANAGEMENT LTD,0001966440,0001966440-26-000003,14-MAY-2026,31-MAR-2026,336559.0,1
"COMPASS ROSE ASSET MANAGEMENT, LP",0001758811,0001758811-26-000003,14-MAY-2026,31-MAR-2026,307128875.0,15
CBRE INVESTMENT MANAGEMENT LISTED REAL ASSETS LLC,0001033984,0001033984-26-000008,14-MAY-2026,31-MAR-2026,6746064897.0,96
PhiloSmith Capital Corp,0001942361,0001942361-26-000002,14-MAY-2026,31-MAR-2026,350590355.0,22
ARP Global Capital Ltd,0002074760,0002074760-26-000006,14-MAY-2026,31-MAR-2026,169852141.0,18
Fulcrum Asset Management LLP,0001353395,0001353395-26-000004,14-MAY-2026,31-MAR-2026,661755440.0,219
RD Finance Ltd,0002057936,0002057936-26-000004,14-MAY-2026,31-MAR-2026,88134.0,29
"Van Hulzen Asset Management, LLC",0001600145,0001765380-26-000214,14-MAY-2026,31-MAR-2026,1345820537.0,361
"AOZORA BANK, LTD.",0001568541,0001568541-26-000003,14-MAY-2026,31-MAR-2026,43596.0,1
Call To Action Foundation,0001981942,0000912282-26-000715,14-MAY-2026,31-MAR-2026,511076868.0,1
"Plum Street Advisors, LLC",0002068236,0002068236-26-000002,14-MAY-2026,31-MAR-2026,288800541.0,98
"K2 PRINCIPAL FUND, L.P.",0001461790,0001461790-26-000030,14-MAY-2026,31-MAR-2026,947478249.0,396
Jacobi Capital Management LLC,0001689646,0001689646-26-000004,14-MAY-2026,31-MAR-2026,1790126893.0,632
MORTON COMMUNITY BANK,0002011821,0002011821-26-000002,14-MAY-2026,31-MAR-2026,460160360.0,115
"Ballentine Partners, LLC",0001374889,0001172661-26-001909,14-MAY-2026,31-MAR-2026,7182772524.0,1014
Gladstone Institutional Advisory LLC,0001766530,0001172661-26-001910,14-MAY-2026,31-MAR-2026,2698953408.0,829
"PENNINGTON PARTNERS & CO., LLC",0001779355,0001104659-26-061028,14-MAY-2026,31-MAR-2026,291977916.0,114
Veradace Capital Management LLC,0001772351,0001772351-26-000009,14-MAY-2026,31-MAR-2026,112244469.0,24
"Deuterium Capital Management, LLC",0001860487,0001214659-26-006113,14-MAY-2026,31-MAR-2026,85969915.0,26
FORMULA GROWTH LTD,0001093219,0001011438-26-000309,14-MAY-2026,31-MAR-2026,221582523.0,137
WINMILL & CO. INC,0000052234,0000892712-26-000244,14-MAY-2026,31-MAR-2026,346642320.0,54
First Trust Capital Management L.P.,0001604488,0001604488-26-000043,14-MAY-2026,31-MAR-2026,1903262066.0,182
"KANE INVESTMENT MANAGEMENT, INC.",0002056671,0001941040-26-000364,14-MAY-2026,31-MAR-2026,194397823.0,99
Round Hill Asset Management,0001696438,0001696438-26-000005,14-MAY-2026,31-MAR-2026,152671441.0,62
Sunriver Management LLC,0001663900,0001892688-26-000072,14-MAY-2026,31-MAR-2026,591346268.0,18
"Lauterbach Financial Advisors, LLC",0001909828,0001909828-26-000002,14-MAY-2026,31-MAR-2026,204750809.0,79
"Chieftain Capital Management, Inc.",0001491126,0000919574-26-003109,14-MAY-2026,31-MAR-2026,0.0,1
"Jump Financial, LLC",0001831577,0000905148-26-002271,14-MAY-2026,31-MAR-2026,6762587340.0,1798
GSK plc,0001131399,0001999371-26-010742,14-MAY-2026,31-MAR-2026,599153380.0,13
"Bain Capital Public Equity Management II, LLC",0001768111,0001768111-26-000005,14-MAY-2026,31-MAR-2026,0.0,1
OSTRUM ASSET MANAGEMENT,0001767945,0001104659-26-061164,14-MAY-2026,31-MAR-2026,1781119459.0,562
"Tekne Capital Management, LLC",0001558971,0000919574-26-003096,14-MAY-2026,31-MAR-2026,236678000.0,3
Long Path Partners LP,0001905112,0000919574-26-003080,14-MAY-2026,31-MAR-2026,220146652.0,9
Bridgewater Advisors Inc.,0001600319,0001600319-26-000002,14-MAY-2026,31-MAR-2026,1681179654.0,456
St. Louis Trust Co,0001661144,0001661144-26-000003,14-MAY-2026,31-MAR-2026,856497132.0,145
Atlas FRM LLC,0001879898,0001879898-26-000005,14-MAY-2026,31-MAR-2026,1527298574.0,23
Kilter Group LLC,0002058915,0002058915-26-000003,14-MAY-2026,31-MAR-2026,232148932.0,1567
CAUSEWAY CAPITAL MANAGEMENT LLC,0001165797,0000945621-26-000700,14-MAY-2026,31-MAR-2026,8146199181.0,107
BLACKHILL CAPITAL INC,0000872162,0000872162-26-000006,14-MAY-2026,31-MAR-2026,1942844648.0,49
Jones Hill Capital LP,0002102314,0002102314-26-000003,14-MAY-2026,31-MAR-2026,466471290.0,26
STANCE CAPITAL LLC,0002056334,0002056334-26-000002,14-MAY-2026,31-MAR-2026,206072095.0,281
NORTH DALLAS BANK & TRUST CO,0002035144,0002035144-26-000002,14-MAY-2026,31-MAR-2026,147780938.0,109
Tribune Investment Group LP,0002000730,0002000730-26-000003,14-MAY-2026,31-MAR-2026,148926596.0,25
"Nan Shan Life Insurance Co., Ltd.",0001730464,0000950103-26-007178,14-MAY-2026,31-MAR-2026,2762183209.0,87
Ratan Capital Management LP,0001566887,0001566887-26-000003,14-MAY-2026,31-MAR-2026,269374901.0,35
"Ceeto Capital Group, LLC",0001722439,0001722439-26-000002,14-MAY-2026,31-MAR-2026,325893.0,164
TCW GROUP INC,0000850401,0000850401-26-000006,14-MAY-2026,31-MAR-2026,13292828667.0,629
"Bruce & Co., Inc.",0001358331,0001104659-26-061024,14-MAY-2026,31-MAR-2026,349664799.0,41
"VestGen Advisors, LLC",0002050130,0002050130-26-000004,14-MAY-2026,31-MAR-2026,3567416313.0,1032
Seven Post Investment Office LP,0001554308,0001172661-26-001848,14-MAY-2026,31-MAR-2026,309535424.0,36
"Meridian Wealth Partners, LLC",0001781942,0001951757-26-000860,14-MAY-2026,31-MAR-2026,728564928.0,118
Caldwell Investment Management Ltd.,0001904373,0001904373-26-000002,14-MAY-2026,31-MAR-2026,255168568.0,57
"Alpha Advisors, LLC/VA",0002095967,0001941040-26-000357,14-MAY-2026,31-MAR-2026,126694071.0,47
"Acorns Advisers, LLC",0001701879,0001701879-26-000002,14-MAY-2026,31-MAR-2026,13453729.0,105
BRANT POINT INVESTMENT MANAGEMENT LLC,0001279030,0001213900-26-056578,14-MAY-2026,31-MAR-2026,364102472.0,82
Bank of Marin,0001801145,0001628280-26-034926,14-MAY-2026,31-MAR-2026,137048794.0,135
"Arrow Capital Management, LLC",0001389082,0001389082-26-000011,14-MAY-2026,31-MAR-2026,144129831.0,16
MASSACHUSETTS FINANCIAL SERVICES CO /MA/,0000912938,0000912938-26-000604,14-MAY-2026,31-MAR-2026,297510785274.0,944
Baring Fintech Fund III Managers Ltd,0002053281,0001104659-26-060834,14-MAY-2026,31-MAR-2026,893432118.0,1
Lighthouse Financial LLC,0002057556,0002057556-26-000002,14-MAY-2026,31-MAR-2026,165699941.0,74
"FOSTER DYKEMA CABOT & PARTNERS, LLC",0002011882,0002011882-26-000002,14-MAY-2026,31-MAR-2026,1571808547.0,323
LCC Family Corp.,0002080628,0001140361-26-021198,14-MAY-2026,31-MAR-2026,291676019.0,1
"IF Advisors, LLC",0002109472,0002109472-26-000003,14-MAY-2026,31-MAR-2026,141462156.0,53
Elgethun Capital Management,0001638022,0001420506-26-000980,14-MAY-2026,31-MAR-2026,604617722.0,166
NORTHERN TRUST CORP,0000073124,0000073124-26-000036,14-MAY-2026,31-MAR-2026,756584776538.0,4396
NEXTBio Capital Management LP,0002038158,0001172661-26-001957,14-MAY-2026,31-MAR-2026,215370002.0,24
AUXIER ASSET MANAGEMENT LLC,0001105863,0001105863-26-000002,14-MAY-2026,31-MAR-2026,696362441.0,176
"DC Investments Management, LLC",0001565951,0001398344-26-009111,14-MAY-2026,31-MAR-2026,261233675.0,76
Noked Israel Ltd,0001767750,0001178913-26-002676,14-MAY-2026,31-MAR-2026,676926.0,13
AVENIR CORP,0001033475,0001033475-26-000005,14-MAY-2026,31-MAR-2026,820498147.0,72
RAYMOND JAMES FINANCIAL INC,0000720005,0000720005-26-000052,14-MAY-2026,31-MAR-2026,324238050355.0,5172
"Alcosta Capital Management, Inc.",0001842509,0001398344-26-009116,14-MAY-2026,31-MAR-2026,131214636.0,23
SUN LIFE FINANCIAL INC,0001097362,0001104659-26-060809,14-MAY-2026,31-MAR-2026,1761356.0,45
Tao Capital Management LP,0001802967,0001802967-26-000003,14-MAY-2026,31-MAR-2026,118827462.0,8
John & Kathleen Schreiber Foundation,0001910790,0001910790-26-000002,14-MAY-2026,31-MAR-2026,97504347.0,4
"Alpha Wealth Funds, LLC",0002059327,0002059327-26-000002,14-MAY-2026,31-MAR-2026,140534341.0,39
"O'ROURKE & COMPANY, Inc",0001911468,0001911468-26-000002,14-MAY-2026,31-MAR-2026,252625700.0,171
Finepoint Capital LP,0001608126,0000904454-26-000285,14-MAY-2026,31-MAR-2026,417109712.0,6
LOOMIS SAYLES & CO L P,0000312348,0000312348-26-000026,14-MAY-2026,31-MAR-2026,74327873914.0,718
"Gambit Capital Management, LLC",0002107464,0001951757-26-000862,14-MAY-2026,31-MAR-2026,139476844.0,87
"Cove Private Wealth, LLC",0002015131,0001172661-26-001836,14-MAY-2026,31-MAR-2026,440404960.0,185
First International Bank of Israel Ltd.,0002081196,0001178913-26-002657,14-MAY-2026,31-MAR-2026,340058901.0,59
MCCARTER PRIVATE WEALTH SERVICES LLC,0002036922,0001172661-26-001994,15-MAY-2026,31-MAR-2026,230004314.0,171
"Boxer Capital Management, LLC",0002018299,0001213900-26-057335,15-MAY-2026,31-MAR-2026,761653648.0,54
Golden Unicorn (BVI) Ltd,0002078724,0001013594-26-000587,15-MAY-2026,31-MAR-2026,697070454.0,4
Goldstream Capital Management Ltd,0001872787,0001872787-26-000003,15-MAY-2026,31-MAR-2026,67121239.0,28
"Cormorant Asset Management, LP",0001583977,0001583977-26-000002,15-MAY-2026,31-MAR-2026,1983591371.0,46
Main Management Fund Advisors LLC,0001862787,0001862787-26-000003,15-MAY-2026,31-MAR-2026,1190647.0,6
Azora Capital LP,0001700272,0001013594-26-000594,15-MAY-2026,31-MAR-2026,1520551745.0,45
"LRT Capital Management, LLC",0001798923,0001420506-26-001068,15-MAY-2026,31-MAR-2026,107175001.0,90
"Waverly Advisors, LLC",0001568787,0001398344-26-009223,15-MAY-2026,31-MAR-2026,13328612412.0,1614
Index Venture Life Associates VI Ltd,0001865139,0001193125-26-225424,15-MAY-2026,31-MAR-2026,395682259.0,1
"SIG BROKERAGE, LP",1094429,0001094429-26-000008,15-MAY-2026,31-MAR-2026,353664718.0,229
Resolute Capital Asset Partners LLC,0001834913,0001834913-26-000003,15-MAY-2026,31-MAR-2026,190083131.0,41
Blueprint Investment Partners LLC,0001794467,0001794467-26-000008,15-MAY-2026,31-MAR-2026,980404467.0,131
Strategic Advocates LLC,0001991340,0001991340-26-000002,15-MAY-2026,31-MAR-2026,22605716.0,268
Osbon Capital Management LLC,0001784418,0001784418-26-000006,15-MAY-2026,31-MAR-2026,122510996.0,487
Hengistbury Investment Partners LLP,0001574717,0000919574-26-003223,15-MAY-2026,31-MAR-2026,240110300.0,3
General Equity Holdings LP,0001700362,0001999371-26-010805,15-MAY-2026,31-MAR-2026,134737627.0,11
ARDSLEY ADVISORY PARTNERS LP,0000900529,0001172661-26-002039,15-MAY-2026,31-MAR-2026,656411951.0,117
"Optimus Prime Fund Management Co., Ltd.",0001732539,0001732539-26-000004,15-MAY-2026,31-MAR-2026,1037877254.0,27
Prepared Retirement Institute LLC,0002056037,0002056037-26-000004,15-MAY-2026,31-MAR-2026,201510344.0,79
GILDER GAGNON HOWE & CO LLC,0000902464,0001172661-26-002064,15-MAY-2026,31-MAR-2026,8335310308.0,252
"Markin Asset Management, LP",0002110806,0001754960-26-000387,15-MAY-2026,31-MAR-2026,91083335.0,38
"Point Nemo Capital, LLC",0001988307,0001988307-26-000002,15-MAY-2026,31-MAR-2026,151788011.0,80
Aquamarine Financial (Cayman) Ltd,0002104187,0001493152-26-023398,15-MAY-2026,31-MAR-2026,1365607651.0,17
"Freshford Capital Management, LLC",0001459270,0000919574-26-003155,15-MAY-2026,31-MAR-2026,200225232.0,19
NEW VERNON CAPITAL HOLDINGS II LLC,0001512538,0001512538-26-000006,15-MAY-2026,31-MAR-2026,135608992.0,77
GWN SECURITIES INC.,0001265905,0001172661-26-001999,15-MAY-2026,31-MAR-2026,522600800.0,462
"Solas Capital Management, LLC",0001604867,0001604867-26-000009,15-MAY-2026,31-MAR-2026,173872464.0,22
Laura & John Arnold Foundation,0002111628,0001011438-26-000339,15-MAY-2026,31-MAR-2026,429551193.0,4
"Vawter Financial, Ltd.",0001974403,0001974403-26-000002,15-MAY-2026,31-MAR-2026,237626358.0,122
"ST. NICHOLAS PRIVATE ASSET MANAGEMENT, INC",0002054680,0002054680-26-000003,15-MAY-2026,31-MAR-2026,106894279.0,35
"Odyssean, LLC",0002092853,0002092853-26-000003,15-MAY-2026,31-MAR-2026,273919386.0,418
"AXON ENTERPRISE, INC.",0001069183,0001628280-26-035352,15-MAY-2026,31-MAR-2026,18051979.0,1
"Kerrisdale Advisers, LLC",0001569688,0001172661-26-002087,15-MAY-2026,31-MAR-2026,262724896.0,112
"NZS Capital, LLC",0001816616,0001816616-26-000003,15-MAY-2026,31-MAR-2026,2998241668.0,58
CastleKnight Management LP,0001835751,0000919574-26-003331,15-MAY-2026,31-MAR-2026,2137676440.0,380
"ACUTA CAPITAL PARTNERS, LLC",0001582844,0001104659-26-062163,15-MAY-2026,31-MAR-2026,140592129.0,26
Lynrock Lake LP,0001734341,0001315863-26-000420,15-MAY-2026,31-MAR-2026,1461842768.0,27
"Independent Family Office, LLC",0001756485,0001951757-26-000873,15-MAY-2026,31-MAR-2026,242996740.0,90
Sonoma Private Wealth LLC,0001965757,0001172661-26-002104,15-MAY-2026,31-MAR-2026,81222255.0,67
Colter Lewis Investment Partners LLC,0002107902,0001405086-26-000325,15-MAY-2026,31-MAR-2026,106328330.0,111
BLI - Banque de Luxembourg Investments,0002052594,0002052594-26-000003,15-MAY-2026,31-MAR-2026,3340789046.0,175
"Smith Asset Management Co., LLC",0002068217,0001172661-26-001992,15-MAY-2026,31-MAR-2026,116532749.0,71
"CSM Advisors, LLC",0001863523,0001863523-26-000002,15-MAY-2026,31-MAR-2026,4069709.0,407
Hudson Way Capital Management LLC,0001697597,0001697597-26-000006,15-MAY-2026,31-MAR-2026,1045986799.0,16
FARALLON CAPITAL MANAGEMENT LLC,0000909661,0000908834-26-000240,15-MAY-2026,31-MAR-2026,15342483843.0,169
CONTINENTAL ADVISORS LLC,0001277779,0001172661-26-002090,15-MAY-2026,31-MAR-2026,161299500.0,40
"MAC Alpha Capital Management, LP",0002111003,0000919574-26-003319,15-MAY-2026,31-MAR-2026,171429776.0,21
Capital Markets Trading UK LLP,0001719165,0001719165-26-000006,15-MAY-2026,31-MAR-2026,111237.0,77
"Compass Wealth Management, LLC/GA",0002076480,0001172661-26-002021,15-MAY-2026,31-MAR-2026,234112982.0,72
DAFNA Capital Management LLC,0001389933,0001389933-26-000004,15-MAY-2026,31-MAR-2026,439591894.0,83
STATE STREET CORP,0000093751,0000093751-26-000315,15-MAY-2026,31-MAR-2026,2896359015041.0,4269
"Juniper Capital Advisors, L.P.",0002011609,0001213900-26-057141,15-MAY-2026,31-MAR-2026,331952495.0,2
Whale Rock Capital Management LLC,0001387322,0001172661-26-002159,15-MAY-2026,31-MAR-2026,7742272930.0,35
"Francisco Partners Management, LP",0001197853,0001197853-26-000003,15-MAY-2026,31-MAR-2026,291778107.0,3
Driehaus Capital Management LLC,0000938206,0000938206-26-000031,15-MAY-2026,31-MAR-2026,13603923849.0,355
GTS SECURITIES LLC,0001452765,0001452765-26-000005,15-MAY-2026,31-MAR-2026,2828673251.0,1482
"DEAN INVESTMENT ASSOCIATES, LLC",0000846797,0000846797-26-000002,15-MAY-2026,31-MAR-2026,710441625.0,190
FIL Ltd,0000318989,0000318989-26-000089,15-MAY-2026,31-MAR-2026,128734271688.0,1103
PGGM Investments,0001472190,0001472190-26-000002,15-MAY-2026,31-MAR-2026,5703541.0,67
Whitford Management LLC,0001957726,0001957726-26-000002,15-MAY-2026,31-MAR-2026,97861820.0,22
Index Venture Associates III Ltd,0001503683,0001193125-26-225419,15-MAY-2026,31-MAR-2026,39290472.0,1
Incline Global Management LLC,0001567195,0001172661-26-002077,15-MAY-2026,31-MAR-2026,254633998.0,24
Painted Porch Advisors LLC,0002024585,0001214659-26-006232,15-MAY-2026,31-MAR-2026,209533759.0,67
FengHe Fund Management Pte. Ltd.,0001660531,0001172661-26-002020,15-MAY-2026,31-MAR-2026,723604014.0,31
Wrenne Financial Planning LLC,0002023054,0001172661-26-002011,15-MAY-2026,31-MAR-2026,255031885.0,49
JMN Financial LLC,0002113267,0001172661-26-002203,15-MAY-2026,31-MAR-2026,101756975.0,189
Concorde Financial Corp,0001911822,0001420506-26-001090,15-MAY-2026,31-MAR-2026,127337140.0,26
"KINGDON CAPITAL MANAGEMENT, L.L.C.",0001000097,0001000097-26-000005,15-MAY-2026,31-MAR-2026,597140160.0,52
RIVERSTONE HOLDINGS LLC,0001247497,0001104659-26-061588,15-MAY-2026,31-MAR-2026,36896871.0,4
"Bridgefront Capital, LLC",0001725690,0001420506-26-001088,15-MAY-2026,31-MAR-2026,402320777.0,503
"Andrews Advisory Associates, LLC",0002110646,0001172661-26-001984,15-MAY-2026,31-MAR-2026,189927761.0,82
Atom Investors LP,0001738902,0001214659-26-006309,15-MAY-2026,31-MAR-2026,1396516390.0,641
True Blue (BVI) Ltd,0002011315,0001013594-26-000588,15-MAY-2026,31-MAR-2026,203018991.0,3
"Massar Capital Management, LP",0002037238,0002037238-26-000004,15-MAY-2026,31-MAR-2026,500959604.0,230
"MOORE CAPITAL MANAGEMENT, LP",0001448574,0001448574-26-000002,15-MAY-2026,31-MAR-2026,2745488002.0,607
Te Ahumairangi Investment Management Ltd,0001832237,0001832237-26-000002,15-MAY-2026,31-MAR-2026,597041400.0,86
"Horizon Investments, LLC",0001560717,0001560717-26-000007,15-MAY-2026,31-MAR-2026,8922157726.0,1391
13D Management LLC,0001600133,0001172661-26-002041,15-MAY-2026,31-MAR-2026,64496951.0,13
Man Investment Partners (US) LP,0001633312,0001633312-26-000017,15-MAY-2026,31-MAR-2026,84299692.0,6
PLUSTICK MANAGEMENT LLC,0001643351,0001643351-26-000006,15-MAY-2026,31-MAR-2026,207114441.0,21
BlackBarn Capital Partners LP,0002010204,0002010204-26-000004,15-MAY-2026,31-MAR-2026,332360869.0,14
"Empowered Funds, LLC",0001592828,0001592828-26-000005,15-MAY-2026,31-MAR-2026,15675564558.0,2102
Honeycomb Asset Management LP,0001675688,0001172661-26-002040,15-MAY-2026,31-MAR-2026,19442.0,4
"Kynam Capital Management, LP",0001907884,0001907884-26-000007,15-MAY-2026,31-MAR-2026,1575548565.0,36
Artia Global Partners LP,0001937964,0001937964-26-000007,15-MAY-2026,31-MAR-2026,443523456.0,48
"Divisadero Street Capital Management, LP",0001901865,0001901865-26-000001,15-MAY-2026,31-MAR-2026,2136366716.0,115
XTX Topco Ltd,0001828301,0001828301-26-000004,15-MAY-2026,31-MAR-2026,5751043802.0,3773
NEW VERNON INVESTMENT MANAGEMENT LLC,0001500605,0001500605-26-000008,15-MAY-2026,31-MAR-2026,94152250.0,39
NANO CAP NEW MILLENNIUM GROWTH FUND L P,0001277890,0001277890-26-000003,15-MAY-2026,31-MAR-2026,106960800.0,145
Evelyn Partners Asset Management Ltd,0002065207,0001420506-26-001047,15-MAY-2026,31-MAR-2026,405813925.0,308
Webs Creek Capital Management LP,0001825309,0001825309-26-000005,15-MAY-2026,31-MAR-2026,577524524.0,14
Clearview Wealth Management LLC,0001857588,0001754960-26-000388,15-MAY-2026,31-MAR-2026,141380796.0,60
CSS LLC/IL,0001103646,0001103646-26-000009,15-MAY-2026,31-MAR-2026,1797914012.0,739
Theleme Partners LLP,0001511881,0000919574-26-003141,15-MAY-2026,31-MAR-2026,1501107423.0,9
Stony Point Capital LLC,0001776023,0001776023-26-000006,15-MAY-2026,31-MAR-2026,1236686360.0,31
Framtiden Holdings Management Co LLC,0002112734,0001104659-26-061728,15-MAY-2026,31-MAR-2026,102129986.0,6
"Transamerica Financial Advisors, LLC",0001502149,0001502149-26-000006,15-MAY-2026,31-MAR-2026,1173631085.0,1940
"OmniStar Financial Group, Inc.",0001698777,0001172661-26-002199,15-MAY-2026,31-MAR-2026,192846527.0,108
"Petrus Trust Company, LTA",0001473429,0001193125-26-225732,15-MAY-2026,31-MAR-2026,915060589.0,27
QVIDTVM Management LLC,0001912226,0001912226-26-000002,15-MAY-2026,31-MAR-2026,81368768.0,14
"PSI Advisors, LLC",0001779040,0001779040-26-000002,15-MAY-2026,31-MAR-2026,417505713.0,156
Rock Springs Capital Management LP,0001595725,0001172661-26-002225,15-MAY-2026,31-MAR-2026,1696654121.0,100
"Ascent Group, LLC",0001913231,0001913231-26-000002,15-MAY-2026,31-MAR-2026,2889830868.0,752
Meridiem Capital Partners LP,0002026798,0002026798-26-000003,15-MAY-2026,31-MAR-2026,1519770913.0,62
"Soviero Asset Management, LP",0001755622,0001013594-26-000593,15-MAY-2026,31-MAR-2026,178134661.0,50
"Revelation Capital Management, LLC",0001801811,0001104659-26-061587,15-MAY-2026,31-MAR-2026,67392550.0,2
"Ballast, Inc.",0001730477,0001172661-26-002204,15-MAY-2026,31-MAR-2026,432386038.0,133
Expect Equity LLC,0002007407,0000919574-26-003287,15-MAY-2026,31-MAR-2026,104194822.0,48
10Elms LLP,0002056650,0002056650-26-000002,15-MAY-2026,31-MAR-2026,158544915.0,480
"BRANDES INVESTMENT PARTNERS, LP",0001015079,0001015079-26-000064,15-MAY-2026,31-MAR-2026,14129283803.0,186
"Miller Value Partners, LLC",0001135778,0001135778-26-000011,15-MAY-2026,31-MAR-2026,383178520.0,55
"COBALT CAPITAL MANAGEMENT, INC.",0001086762,0000919574-26-003163,15-MAY-2026,31-MAR-2026,178597289.0,24
"AREX Capital Management, LP",0001800261,0001800261-26-000001,15-MAY-2026,31-MAR-2026,60522590.0,26
Newlands Management Operations LLC,0001908450,0000902664-26-002459,15-MAY-2026,31-MAR-2026,15454082773.0,16
SCOPIA CAPITAL MANAGEMENT LP,0001279150,0001999371-26-010797,15-MAY-2026,31-MAR-2026,143771326.0,21
Iron Gate Global Advisors LLC,0001131181,0001131181-26-000002,15-MAY-2026,31-MAR-2026,946670409.0,105
"Leslie Global Wealth, LLC",0001954832,0001172661-26-002111,15-MAY-2026,31-MAR-2026,189755073.0,79
"Ranger Investment Management, L.P.",0001319691,0001319691-26-000003,15-MAY-2026,31-MAR-2026,1382112845.0,79
TRUE Private Wealth Advisors,0001667074,0001172661-26-002230,15-MAY-2026,31-MAR-2026,1049128135.0,266
"CoreCommodity Management, LLC",0001301743,0001405086-26-000319,15-MAY-2026,31-MAR-2026,537945451.0,119
Intermede Investment Partners Ltd,0001664713,0001664713-26-000002,15-MAY-2026,31-MAR-2026,2158177.0,28
"Legacy Capital Wealth Partners, LLC",0001766228,0001951757-26-000872,15-MAY-2026,31-MAR-2026,485356292.0,385
Yaupon Capital Management LP,0001755028,0001755028-26-000004,15-MAY-2026,31-MAR-2026,2026168092.0,87
Doma Perpetual Capital Management LLC,0001962221,0001172661-26-002097,15-MAY-2026,31-MAR-2026,372396913.0,11
Velan Capital Investment Management LP,0001848809,0001848809-26-000002,15-MAY-2026,31-MAR-2026,159645269.0,49
"Dorsal Capital Management, LP",0001547007,0001172661-26-002068,15-MAY-2026,31-MAR-2026,2515184804.0,25
FIFTHDELTA Ltd,0001872766,0001872766-26-000004,15-MAY-2026,31-MAR-2026,724806451.0,11
"Walsh & Associates, LLC",0002135144,0002135144-26-000002,15-MAY-2026,31-MAR-2026,100834515.0,287
"Cape Investment Advisory, Inc.",0001944437,0001944437-26-000002,15-MAY-2026,31-MAR-2026,300672239.0,227
"Chevy Chase Trust Holdings, LLC",0001462020,0001462020-26-000004,15-MAY-2026,31-MAR-2026,34708103914.0,642
"Avos Capital Management, LLC",0001948622,0001420506-26-001070,15-MAY-2026,31-MAR-2026,253027339.0,29
Rockbridge Asset Management LLC,0002056320,0002056320-26-000006,15-MAY-2026,31-MAR-2026,148250612.0,26
Elefante Mark B,0001661535,0001661535-26-000002,15-MAY-2026,31-MAR-2026,181813233.0,58
"SUSQUEHANNA FUNDAMENTAL INVESTMENTS, LLC",0001446179,0001446179-26-000005,15-MAY-2026,31-MAR-2026,2667690156.0,468
Deltroit Asset Management (UK) LLP,0002104766,0002104766-26-000003,15-MAY-2026,31-MAR-2026,576536062.0,39
"REDWOOD CAPITAL MANAGEMENT, LLC",0001316622,0000919574-26-003316,15-MAY-2026,31-MAR-2026,674204438.0,22
CAPITOLIS LIQUID GLOBAL MARKETS LLC,0002094379,0002094379-26-000017,15-MAY-2026,31-MAR-2026,15723375868.0,329
M37 Management LP,0002056045,0001172661-26-002105,15-MAY-2026,31-MAR-2026,250905900.0,12
Hel Ved Capital Management Ltd,0001840129,0001840129-26-000006,15-MAY-2026,31-MAR-2026,578149134.0,52
Evelyn Partners Investment Management (Europe) Ltd ,0002065055,0001420506-26-001049,15-MAY-2026,31-MAR-2026,290603718.0,187
"Long Focus Capital Management, LLC",0001602716,0001602716-26-000003,15-MAY-2026,31-MAR-2026,2279135550.0,84
Lionsbridge Wealth Management LLC,0001800533,0001800533-26-000003,15-MAY-2026,31-MAR-2026,99458976.0,59
Symmetry Investments LP,0001691919,0001691919-26-000004,15-MAY-2026,31-MAR-2026,412066718.0,70
"Tiptree Advisors, LLC",0001455452,0001455452-26-000002,15-MAY-2026,31-MAR-2026,172309548.0,22
Onex Canada Asset Management Inc.,0000905790,0001104659-26-061855,15-MAY-2026,31-MAR-2026,601138939.0,78
GLADE BROOK CAPITAL PARTNERS LLC,0001529872,0001529872-26-000002,15-MAY-2026,31-MAR-2026,12776402.0,1
"Bracebridge Capital, LLC",0001426486,0001426486-26-000004,15-MAY-2026,31-MAR-2026,556240836.0,28
"ADW Capital Management, LLC",0001745214,0001420506-26-001017,15-MAY-2026,31-MAR-2026,229046864.0,8
"American Trust Investment Advisors, LLC",0001291424,0001172661-26-002034,15-MAY-2026,31-MAR-2026,181010169.0,76
"Maytus Capital Management, LLC",0001708759,0001420506-26-001026,15-MAY-2026,31-MAR-2026,561939812.0,62
Aequim Alternative Investments LP,0001728201,0001420506-26-001074,15-MAY-2026,31-MAR-2026,5157864069.0,102
TORONTO DOMINION BANK,0000947263,0002052595-26-000073,15-MAY-2026,31-MAR-2026,51872350177.0,1781
"Woodson Capital Management, LP",0001697848,0001172661-26-002086,15-MAY-2026,31-MAR-2026,618146349.0,28
RPTC Inc.,0001714450,0001104659-26-062017,15-MAY-2026,31-MAR-2026,570739047.0,7
JT Stratford LLC,0001689013,0001689013-26-000002,15-MAY-2026,31-MAR-2026,785561605.0,297
NWI MANAGEMENT LP,0001103887,0001103887-26-000003,15-MAY-2026,31-MAR-2026,1634685.0,48
DECADE RENEWABLE PARTNERS LP,0001915836,0001892688-26-000081,15-MAY-2026,31-MAR-2026,0.0,1
"FAIRVIEW CAPITAL INVESTMENT MANAGEMENT, LLC",0001056549,0000935836-26-000252,15-MAY-2026,31-MAR-2026,1841551379.0,190
Benchstone Capital Management LP,0002016777,0001420506-26-001126,15-MAY-2026,31-MAR-2026,859533864.0,38
"Aristotle Capital Management, LLC",0000860644,0001398344-26-009226,15-MAY-2026,31-MAR-2026,47775978631.0,191
Wallace Capital Management Inc.,0001459754,0001420506-26-001102,15-MAY-2026,31-MAR-2026,870837984.0,75
"Nearwater Capital Markets, Ltd",0001915842,0001915842-26-000007,15-MAY-2026,31-MAR-2026,4239140027.0,82
Larson Financial Group LLC,0001731061,0001104659-26-061944,15-MAY-2026,31-MAR-2026,3119460777.0,3600
ALTRINSIC GLOBAL ADVISORS LLC,0001167388,0000919574-26-003335,15-MAY-2026,31-MAR-2026,2792891311.0,43
"Anomaly Capital Management, LP",0001817534,0001172661-26-002038,15-MAY-2026,31-MAR-2026,1651630805.0,21
"Keenan Capital, LLC",0001647363,0001420506-26-001061,15-MAY-2026,31-MAR-2026,473866417.0,9
"Schneider Downs Wealth Management Advisors, LP",0001665359,0001172661-26-001986,15-MAY-2026,31-MAR-2026,906840230.0,156
"Hyundai Investments Co., Ltd.",0001892772,0001104659-26-061645,15-MAY-2026,31-MAR-2026,88738994.0,72
AXA S.A.,0000898427,0000898427-26-000003,15-MAY-2026,31-MAR-2026,256429784.0,74
"One Rock Capital Partners, LLC",0002061426,0001193125-26-225305,15-MAY-2026,31-MAR-2026,2188249477.0,1
"BRIGHTLINE CAPITAL MANAGEMENT, LLC",0001432450,0000919574-26-003269,15-MAY-2026,31-MAR-2026,338138740.0,9
Parkman Healthcare Partners LLC,0001777015,0001420506-26-001072,15-MAY-2026,31-MAR-2026,964561007.0,89
MANE GLOBAL CAPITAL MANAGEMENT LP,0001856155,0000902664-26-002486,15-MAY-2026,31-MAR-2026,970669836.0,57
"Pinnacle West Asset Management, Inc.",0001975730,0001975730-26-000004,15-MAY-2026,31-MAR-2026,147128.0,114
JNE Partners LLP,0001770120,0001172661-26-002212,15-MAY-2026,31-MAR-2026,244404524.0,7
"PFG Private Wealth Management, LLC",0001799957,0001799957-26-000002,15-MAY-2026,31-MAR-2026,235848705.0,74
"Emmett Investment Management, LP",0002042845,0001420506-26-001079,15-MAY-2026,31-MAR-2026,130776834.0,24
"Delaware Ladera Management Company, Inc.",0002056289,0002056289-26-000002,15-MAY-2026,31-MAR-2026,128667.0,1
"Uniplan Investment Counsel, Inc.",0001520710,0001520710-26-000005,15-MAY-2026,31-MAR-2026,973897865.0,183
"OCO Capital Partners, L.P.",0001764525,0001172661-26-002109,15-MAY-2026,31-MAR-2026,380191250.0,8
Hood River Capital Management LLC,0001578177,0001214659-26-006258,15-MAY-2026,31-MAR-2026,9977096194.0,167
"Rafferty Asset Management, LLC",0001389426,0001999371-26-010796,15-MAY-2026,31-MAR-2026,24631503375.0,1057
"Windsor Advisory Group, LLC",0001739953,0001398344-26-009230,15-MAY-2026,31-MAR-2026,119672274.0,82
"ANCHOR CAPITAL MANAGEMENT COMPANY, LLC",0002009885,0001398344-26-009221,15-MAY-2026,31-MAR-2026,92709630.0,7
"Dorsey Asset Management, LLC",0001671657,0001398344-26-009218,15-MAY-2026,31-MAR-2026,1255861264.0,11
"Baltimore-Washington Financial Advisors, Inc.",0001555486,0001172661-26-001985,15-MAY-2026,31-MAR-2026,2317666409.0,186
"LAKEWOOD CAPITAL MANAGEMENT, LP",0001424381,0001172661-26-002096,15-MAY-2026,31-MAR-2026,1557459123.0,62
Covalent Partners LLC,0001531611,0001531611-26-000004,15-MAY-2026,31-MAR-2026,14205030.0,15
TCI FUND MANAGEMENT LTD,0001647251,0001647251-26-000004,15-MAY-2026,31-MAR-2026,45170870798.0,10
"WESTBOURNE INVESTMENTS, INC.",0000932929,0000932929-26-000003,15-MAY-2026,31-MAR-2026,210334450.0,141
Trybe Capital Management LP,0001807902,0001315863-26-000413,15-MAY-2026,31-MAR-2026,441879315.0,6
Lombard Odier Asset Management (USA) Corp,0001491719,0000908834-26-000235,15-MAY-2026,31-MAR-2026,185870250.0,197
AlphaCore Capital LLC,0001713662,0001398344-26-009278,15-MAY-2026,31-MAR-2026,4217476442.0,1202
"Engle Capital Management, L.P.",0001684868,0001385642-26-000003,15-MAY-2026,31-MAR-2026,293491848.0,22
OnyxPoint Global Management LP,0001961491,0001420506-26-001041,15-MAY-2026,31-MAR-2026,236217618.0,15
DeepCurrents Investment Group LLC,0001754535,0001420506-26-001116,15-MAY-2026,31-MAR-2026,2431594096.0,99
"Pinnacle Family Advisors, LLC",0001679064,0001172661-26-001983,15-MAY-2026,31-MAR-2026,212826233.0,135
Orbis Allan Gray Ltd,0001663865,0001663865-26-000003,15-MAY-2026,31-MAR-2026,23706328776.0,91
"KNIGHTSBRIDGE ASSET MANAGEMENT, LLC",0001332811,0001332811-26-000002,15-MAY-2026,31-MAR-2026,743004615.0,262
"Arrowroot Family Office, LLC",0002017744,0001420506-26-001082,15-MAY-2026,31-MAR-2026,302499111.0,156
Crake Asset Management LLP,0001789082,0001789082-26-000003,15-MAY-2026,31-MAR-2026,2861736786.0,20
TOWN LANE MANAGEMENT LP,0002019534,0002019534-26-000004,15-MAY-2026,31-MAR-2026,106025983.0,4
Logos Global Management LP,0001792126,0001172661-26-002196,15-MAY-2026,31-MAR-2026,1942024879.0,63
HBK INVESTMENTS L P,0001011443,0001011443-26-000011,15-MAY-2026,31-MAR-2026,7942474516.0,221
Limestone Investment Advisors LP,0002075597,0002075597-26-000003,15-MAY-2026,31-MAR-2026,204043005.0,154
"Ironvine Capital Partners, LLC",0001730478,0001730478-26-000002,15-MAY-2026,31-MAR-2026,909561406.0,55
Children's Medical Center Corp,0002092549,0000904454-26-000295,15-MAY-2026,31-MAR-2026,79698314.0,1
Imprint Wealth LLC,0001972653,0001214659-26-006358,15-MAY-2026,31-MAR-2026,21900126.0,298
Diameter Capital Partners LP,0001727012,0001172661-26-002226,15-MAY-2026,31-MAR-2026,522367338.0,20
"STANSBERRY ASSET MANAGEMENT, LLC",0001725910,0000919574-26-003270,15-MAY-2026,31-MAR-2026,972710357.0,141
"Ribbit Management Company, LLC",0001836733,0001104659-26-061700,15-MAY-2026,31-MAR-2026,1681022928.0,14
Avenir Tech Ltd,0002029708,0001104659-26-061756,15-MAY-2026,31-MAR-2026,789508292.0,21
Saturn V Capital Management LP,0001964437,0001964437-26-000005,15-MAY-2026,31-MAR-2026,552217513.0,21
SOROS CAPITAL MANAGEMENT LLC,0001748240,0001172661-26-002227,15-MAY-2026,31-MAR-2026,229909077.0,47
"PRELUDE CAPITAL MANAGEMENT, LLC",0001387508,0000945621-26-000717,15-MAY-2026,31-MAR-2026,1304187912.0,1166
"AIMZ Investment Advisors, LLC",0001630365,0001630365-26-000005,15-MAY-2026,31-MAR-2026,323637225.0,139
BARCLAYS PLC,0000312069,0000312069-26-000139,15-MAY-2026,31-MAR-2026,279805358899.0,4324
"SRS Investment Management, LLC",0001503174,0001172661-26-002108,15-MAY-2026,31-MAR-2026,9465975502.0,29
Ivory Union Consulting Ltd,0002065347,0001013594-26-000586,15-MAY-2026,31-MAR-2026,127638851.0,3
DV Trading LLC,0001721757,0001721757-26-000007,15-MAY-2026,31-MAR-2026,1097135468.0,322
"Capstone Wealth Management, Inc.",0002112205,0002112205-26-000002,15-MAY-2026,31-MAR-2026,117906826.0,38
NATIONAL BANK OF CANADA /FI/,0000926171,0000926171-26-000007,15-MAY-2026,31-MAR-2026,97732114084.0,2634
Tetragon Partners GP Ltd,0001515070,0000919574-26-003297,15-MAY-2026,31-MAR-2026,508920733.0,34
HUNTINGTON BANCSHARES INC /MD/,0000049196,0000049196-26-000046,15-MAY-2026,31-MAR-2026,777033.0,2
Itau Unibanco Holding S.A.,0001132597,0001292814-26-003067,15-MAY-2026,31-MAR-2026,4180091282.0,351
CAPTRUST FINANCIAL ADVISORS,0001512024,0001062993-26-002655,15-MAY-2026,31-MAR-2026,57151218689.0,2931
Ilex Capital Partners (UK) LLP,0001985486,0001985486-26-000011,15-MAY-2026,31-MAR-2026,4058198199.0,77
Titan Wealth (CI) Ltd,0002109452,0002109452-26-000009,15-MAY-2026,31-MAR-2026,231511370.0,51
JOHO CAPITAL LLC,0001106500,0001172661-26-002083,15-MAY-2026,31-MAR-2026,373064302.0,10
Florida Trust Wealth Management Co,0001651023,0001651023-26-000002,15-MAY-2026,31-MAR-2026,3572189572.0,436
"Safe Harbor Fiduciary, LLC",0002036114,0002036114-26-000002,15-MAY-2026,31-MAR-2026,105010620.0,56
Qube Research & Technologies Ltd,0001729829,0001729829-26-000004,15-MAY-2026,31-MAR-2026,70391015764.0,2664
"PACK Private Wealth, LLC",0001907212,0001951757-26-000880,15-MAY-2026,31-MAR-2026,217743800.0,57
Stockbridge Partners LLC,0001505183,0000919574-26-003151,15-MAY-2026,31-MAR-2026,4138921234.0,16
Campbell & CO Investment Adviser LLC,0001353570,0001140361-26-021562,15-MAY-2026,31-MAR-2026,1756215303.0,1013
"GEODE CAPITAL MANAGEMENT, LLC",0001214717,0001214717-26-000006,15-MAY-2026,31-MAR-2026,1607536611643.0,4513
"Conifer Management, L.L.C.",0001773994,0000919574-26-003138,15-MAY-2026,31-MAR-2026,523825043.0,6
"Traynor Capital Management, Inc.",0001666786,0001172661-26-001988,15-MAY-2026,31-MAR-2026,1679429518.0,307
"EVOKE WEALTH, LLC",0001793432,0001172661-26-001997,15-MAY-2026,31-MAR-2026,5419851089.0,697
"Sea Cliff Partners Management, LP",0002011655,0001420506-26-001094,15-MAY-2026,31-MAR-2026,193698434.0,13
"Grafton Street Partners Management Company, LLC",0001923769,0001892688-26-000073,15-MAY-2026,31-MAR-2026,167329436.0,11
FUNDSMITH INVESTMENT SERVICES LTD.,0001868537,0001868537-26-000003,15-MAY-2026,31-MAR-2026,4405319613.0,24
Moneda S.A. Administradora General de Fondos,0001536361,0001420506-26-001035,15-MAY-2026,31-MAR-2026,122566514.0,25
Distillate Capital Partners LLC,0001741001,0001741001-26-000003,15-MAY-2026,31-MAR-2026,1898075587.0,118
"Topline Capital Management, LLC",0001792549,0001792549-26-000022,15-MAY-2026,31-MAR-2026,605251520.0,43
Vancity Investment Management Ltd,0001846311,0001846311-26-000003,15-MAY-2026,31-MAR-2026,629381.0,94
"Nicholas Investment Partners, LP",0001389574,0001389574-26-000002,15-MAY-2026,31-MAR-2026,1385548737.0,205
CMT Capital Markets Trading GmbH,0001632813,0001632813-26-000007,15-MAY-2026,31-MAR-2026,217137.0,102
Metavasi Capital LP,0001864835,0001892688-26-000079,15-MAY-2026,31-MAR-2026,167969391.0,20
Oxbow Capital Management (HK) Ltd,0001713269,0001713269-26-000003,15-MAY-2026,31-MAR-2026,370983302.0,6
Spear Advisors LLC,0002119894,0002000324-26-001916,15-MAY-2026,31-MAR-2026,134295456.0,26
LONESTAR CAPITAL MANAGEMENT LLC,0001317410,0000935836-26-000253,15-MAY-2026,31-MAR-2026,186047350.0,26
Talaria Asset Management Pty Ltd,0002026352,0000945621-26-000706,15-MAY-2026,31-MAR-2026,495305374.0,12
"Silver Lake Group, L.L.C.",0001418226,0001193125-26-225134,15-MAY-2026,31-MAR-2026,3678801222.0,13
"Pennant Select, LLC",0002011563,0000919574-26-003312,15-MAY-2026,31-MAR-2026,198888740.0,15
"KETTLE HILL CAPITAL MANAGEMENT, LLC",0001387369,0000919574-26-003253,15-MAY-2026,31-MAR-2026,399097092.0,45
TB Capital Gestao de Recursos Ltda.,0002077092,0001213900-26-057309,15-MAY-2026,31-MAR-2026,163455808.0,17
Triple Frond Partners LLC,0001454502,0001454502-26-000005,15-MAY-2026,31-MAR-2026,962895.0,12
"Beutel, Goodman & Co Ltd.",0001361974,0001361974-26-000007,15-MAY-2026,31-MAR-2026,14751822.0,170
Vazirani Asset Management LLC,0001716476,0001716476-26-000002,15-MAY-2026,31-MAR-2026,43382237.0,20
Gumshoe Capital Management LLC,0001995382,0001892688-26-000077,15-MAY-2026,31-MAR-2026,123110013.0,7
"PALISADE CAPITAL MANAGEMENT, LP",0001009006,0001009006-26-000002,15-MAY-2026,31-MAR-2026,3002825914.0,303
"Teucrium Investment Advisors, LLC",0002055352,0002055352-26-000004,15-MAY-2026,31-MAR-2026,128965389.0,42
CRAWFORD INVESTMENT COUNSEL INC,0000837592,0001398344-26-009216,15-MAY-2026,31-MAR-2026,5854945219.0,300
"M Wealth Management, LLC",0002026150,0001172661-26-002210,15-MAY-2026,31-MAR-2026,118788775.0,55
Haveli Investment Management LLC,0002022286,0002022286-26-000002,15-MAY-2026,31-MAR-2026,18443084.0,1
"Wealth Analytics Partners, LLC",0002110717,0001214659-26-006383,15-MAY-2026,31-MAR-2026,245972117.0,46
"Wellspring Financial Advisors, LLC",0001811308,0001104659-26-062007,15-MAY-2026,31-MAR-2026,1333344496.0,278
ALTAROCK PARTNERS LP,0001631014,0001104659-26-062170,15-MAY-2026,31-MAR-2026,4126337614.0,8
"Bain Capital Public Equity, LP",0001962552,0001962552-26-000005,15-MAY-2026,31-MAR-2026,17959854.0,20
NEPC LLC,0001424799,0000929638-26-001872,15-MAY-2026,31-MAR-2026,5023512076.0,51
"American Alpha Advisors, LLC",0002041441,0002041441-26-000003,15-MAY-2026,31-MAR-2026,171116892.0,91
CRAMER ROSENTHAL MCGLYNN LLC,0000820743,0001140361-26-021560,15-MAY-2026,31-MAR-2026,1362336484.0,86
"Asset Management Group, Inc.",0001511550,0001398344-26-009217,15-MAY-2026,31-MAR-2026,618508054.0,138
Saranac Partners Ltd,0002098745,0001214659-26-006253,15-MAY-2026,31-MAR-2026,231081458.0,91
"BRIGADE CAPITAL MANAGEMENT, LP",0001421306,0000919574-26-003134,15-MAY-2026,31-MAR-2026,141741368.0,11
"Synergy Financial Group, LTD",0001905669,0001905669-26-000002,15-MAY-2026,31-MAR-2026,133109584.0,123
EFG International AG,0002109868,0002109868-26-000006,15-MAY-2026,31-MAR-2026,4663031120.0,1037
"Radcliffe Capital Management, L.P.",0001218275,0001104659-26-061749,15-MAY-2026,31-MAR-2026,1334215864.0,405
Philosophy Capital Management LLC,0001869199,0000935836-26-000260,15-MAY-2026,31-MAR-2026,858074861.0,36
Loews Corp,0000060086,0000060086-26-000041,15-MAY-2026,31-MAR-2026,11892143411.0,25
Governors Lane LP,0001644187,0001644187-26-000002,15-MAY-2026,31-MAR-2026,801497274.0,167
"Apollo Management Holdings, L.P.",0001449434,0001449434-26-000004,15-MAY-2026,31-MAR-2026,5988377212.0,81
Standard General L.P.,0001409888,0001172661-26-002200,15-MAY-2026,31-MAR-2026,336455492.0,2
"EIGHT 31 FINANCIAL, LLC",0002011328,0002011328-26-000003,15-MAY-2026,31-MAR-2026,165588566.0,72
Calydon Capital,0001759271,0001104659-26-061985,15-MAY-2026,31-MAR-2026,612640525.0,247
Kite Lake Capital Management (UK) LLP,0001687444,0000919574-26-003314,15-MAY-2026,31-MAR-2026,99123884.0,5
"Cutler Capital Management, LLC",0001353098,0001353098-26-000003,15-MAY-2026,31-MAR-2026,362086916.0,114
Eschler Asset Management LLP,0001910874,0000919574-26-003309,15-MAY-2026,31-MAR-2026,100321391.0,33
"Pennant Investors, LP",0001759176,0000919574-26-003310,15-MAY-2026,31-MAR-2026,361014702.0,17
"GREAT HILL PARTNERS, L.P.",0001231756,0001104659-26-061695,15-MAY-2026,31-MAR-2026,209754072.0,1
"Steamboat Capital Partners, LLC",0001635663,0001635663-26-000005,15-MAY-2026,31-MAR-2026,402544463.0,56
"Council Ring Capital, LLC",0001984078,0001213900-26-057301,15-MAY-2026,31-MAR-2026,0.0,1
"Peak Asset Management, LLC",0001632512,0001062993-26-002657,15-MAY-2026,31-MAR-2026,566843275.0,147
Dynamic Technology Lab Private Ltd,0001535387,0001420506-26-001098,15-MAY-2026,31-MAR-2026,614826564.0,832
PERRY CREEK CAPITAL LP,0001769704,0001214659-26-006261,15-MAY-2026,31-MAR-2026,160477512.0,12
DARK FOREST CAPITAL MANAGEMENT LP,0001853322,0002073679-26-000055,15-MAY-2026,31-MAR-2026,1126365507.0,766
"L2 Asset Management, LLC",0001686988,0000919574-26-003154,15-MAY-2026,31-MAR-2026,1051344188.0,397
"Aristotle Pacific Capital, LLC",0001844577,0001398344-26-009214,15-MAY-2026,31-MAR-2026,123011657.0,5
RDST Capital LLC,0001912187,0001912187-26-000005,15-MAY-2026,31-MAR-2026,1038020134.0,20
"OSAIC HOLDINGS, INC.",0001677044,0001677044-26-000005,15-MAY-2026,31-MAR-2026,68291506783.0,7539
"Clark Capital Management Group, Inc.",0001352187,0001398344-26-009246,15-MAY-2026,31-MAR-2026,16205207804.0,515
"DT Investment Partners, LLC",0001537621,0001537621-26-000005,15-MAY-2026,31-MAR-2026,1201612011.0,517
"Square Wave Capital, LLC",0002077145,0001213900-26-057257,15-MAY-2026,31-MAR-2026,413378888.0,12
Ark Wealth Advisors LLC,0002110109,0001172661-26-002009,15-MAY-2026,31-MAR-2026,100980133.0,80
Archon Partners LLC,0001454424,0001172661-26-002046,15-MAY-2026,31-MAR-2026,845033155.0,39
Immersion Capital LLP,0001636441,0001636441-26-000002,15-MAY-2026,31-MAR-2026,62829948.0,10
P SCHOENFELD ASSET MANAGEMENT LP,0001040198,0001140361-26-021538,15-MAY-2026,31-MAR-2026,125831355.0,26
"Second Line Capital, LLC",0001992879,0001992879-26-000009,15-MAY-2026,31-MAR-2026,527976282.0,185
"Sone Capital Management, LLC",0002026215,0002026215-26-000004,15-MAY-2026,31-MAR-2026,1191060795.0,101
OBERWEIS ASSET MANAGEMENT INC/,0000937886,0001213900-26-057307,15-MAY-2026,31-MAR-2026,3385664734.0,180
Buckland Partners Management Co LLC,0002074628,0002074628-26-000002,15-MAY-2026,31-MAR-2026,164861937.0,91
Gillson Capital LP,0001698055,0001698055-26-000003,15-MAY-2026,31-MAR-2026,1220217.0,69
NEEDHAM INVESTMENT MANAGEMENT LLC,0001167212,0000919574-26-003133,15-MAY-2026,31-MAR-2026,1956816464.0,176
"Blue Door Asset Management, LLC",0001909147,0001892688-26-000074,15-MAY-2026,31-MAR-2026,152978151.0,16
HITE Hedge Asset Management LLC,0001568939,0001062993-26-002648,15-MAY-2026,31-MAR-2026,1771802052.0,126
ALKEON CAPITAL MANAGEMENT LLC,0001230239,0000919574-26-003172,15-MAY-2026,31-MAR-2026,22080285561.0,75
Index Venture Growth Associates IV Ltd,0001865141,0001193125-26-225428,15-MAY-2026,31-MAR-2026,162863620.0,2
Fenimore Asset Management Inc,0000884566,0001376474-26-000381,15-MAY-2026,31-MAR-2026,4483934056.0,92
"Vertex Planning Partners, LLC",0001942341,0001942341-26-000003,15-MAY-2026,31-MAR-2026,514877175.0,135
Quattro Advisors LLC,0002111158,0002111158-26-000004,15-MAY-2026,31-MAR-2026,115381299.0,51
Pantera Capital Partners LP,0002067181,0001420506-26-001086,15-MAY-2026,31-MAR-2026,157856455.0,14
"WHALEROCK POINT PARTNERS, LLC",0001389709,0001140361-26-021558,15-MAY-2026,31-MAR-2026,518153787.0,197
Lionstone Capital Management LLC,0001575662,0001193125-26-225586,15-MAY-2026,31-MAR-2026,413012983.0,12
Intesa Sanpaolo S.p.A.,0001374384,0001374384-26-000005,15-MAY-2026,31-MAR-2026,1596022575.0,218
"1060 Capital, LLC",0001602119,0001602119-26-000003,15-MAY-2026,31-MAR-2026,82262425.0,12
"ECP ControlCo, LLC",0001707921,0001104659-26-061701,15-MAY-2026,31-MAR-2026,6340634818.0,4
Bayberry Capital Partners LP,0001771524,0001892688-26-000080,15-MAY-2026,31-MAR-2026,302588179.0,28
EAGLE GLOBAL ADVISORS LLC,0001130787,0001172661-26-002070,15-MAY-2026,31-MAR-2026,2775156455.0,276
Aries Wealth Management,0001729515,0001172661-26-001991,15-MAY-2026,31-MAR-2026,454820954.0,234
HARVEST MANAGEMENT LLC,0001140315,0001172661-26-002063,15-MAY-2026,31-MAR-2026,187949067.0,43
Conrad N. Hilton Foundation,0001729242,0001729242-26-000002,15-MAY-2026,31-MAR-2026,228287260.0,2
Engineers Gate Manager LP,0001620220,0001620220-26-000004,15-MAY-2026,31-MAR-2026,8000115638.0,2137
Decagon Asset Management LLP,0001950677,0001950677-26-000010,15-MAY-2026,31-MAR-2026,384909000.0,74
"IHT Wealth Management, LLC",0001697490,0001104659-26-061899,15-MAY-2026,31-MAR-2026,4301156083.0,1244
"SUSQUEHANNA INTERNATIONAL GROUP, LLP",0001446194,0001446194-26-000005,15-MAY-2026,31-MAR-2026,77253803960.0,6534
Rubicon Founders LLC,0002032489,0002032489-26-000012,15-MAY-2026,31-MAR-2026,137615685.0,3
"Concentric Capital Strategies, LP",0001851869,0001851869-26-000004,15-MAY-2026,31-MAR-2026,1147024456.0,306
AXON CAPITAL LP,0001508755,0001172661-26-002015,15-MAY-2026,31-MAR-2026,51110118.0,13
"Beacon Pointe Advisors, LLC",0001744317,0002085853-26-000598,15-MAY-2026,31-MAR-2026,18857036938.0,1783
"MARQUETTE ASSOCIATES, INC.",0002042617,0001398344-26-009215,15-MAY-2026,31-MAR-2026,91925019.0,25
ROYAL BANK OF CANADA,0001000275,0001140361-26-021585,15-MAY-2026,31-MAR-2026,527555539000.0,7000
"MARSHALL WACE, LLP",0001318757,0001318757-26-000005,15-MAY-2026,31-MAR-2026,93414547093.0,2681
"Builders Vision, LLC",0001785504,0001172661-26-002208,15-MAY-2026,31-MAR-2026,0.0,1
"Herold Advisors, Inc.",0001891713,0001172661-26-001982,15-MAY-2026,31-MAR-2026,455348540.0,263
Fremen Capital Management LP,0002064172,0001172661-26-002075,15-MAY-2026,31-MAR-2026,107958887.0,16
Humankind Investments LLC,0001845373,0001420506-26-001122,15-MAY-2026,31-MAR-2026,175081091.0,20
Integrated Wealth Concepts LLC,0001737109,0001737109-26-000002,15-MAY-2026,31-MAR-2026,12537603057.0,2276
Alamut Investment Management LLP,0002088424,0002088424-26-000002,15-MAY-2026,31-MAR-2026,100357607.0,3
Aufman Associates Inc,0001801573,0001801573-26-000002,15-MAY-2026,31-MAR-2026,203834222.0,65
Fortress Investment Group LLC,0001380393,0001085146-26-000414,15-MAY-2026,31-MAR-2026,391824205.0,32
"Briggs Wealth Management, Inc",0002109156,0002109156-26-000002,15-MAY-2026,31-MAR-2026,94281352.0,58
"Atairos Group, Inc.",0001671122,0000950103-26-007249,15-MAY-2026,31-MAR-2026,1218942490.0,4
Clayton Partners LLC,0001550509,0001754960-26-000385,15-MAY-2026,31-MAR-2026,137549337.0,38
Twin Lions Management LLC,0002055318,0000919574-26-003176,15-MAY-2026,31-MAR-2026,165479274.0,10
CNA FINANCIAL CORP,0000021175,0000021175-26-000035,15-MAY-2026,31-MAR-2026,235152565.0,15
"Redwood Grove Capital, LLC",0001691170,0001691170-26-000005,15-MAY-2026,31-MAR-2026,309814676.0,22
Kemnay Advisory Services Inc.,0001555283,0001193125-26-225479,15-MAY-2026,31-MAR-2026,622317226.0,1190
Millstreet Capital Management LLC,0001590729,0001590729-26-000005,15-MAY-2026,31-MAR-2026,417585398.0,2
L1 Capital International Pty Ltd,0002009023,0002009023-26-000003,15-MAY-2026,31-MAR-2026,1677725891.0,23
Markin Volterra Fund LP,0002073603,0002073603-26-000003,15-MAY-2026,31-MAR-2026,10712436.0,30
SECTORAL ASSET MANAGEMENT INC,0001274413,0001104659-26-062046,15-MAY-2026,31-MAR-2026,120727538.0,77
Voyager Global Management LP,0001849753,0001849753-26-000003,15-MAY-2026,31-MAR-2026,2939675950.0,8
"TCG Crossover Management, LLC",0001839948,0001214659-26-006367,15-MAY-2026,31-MAR-2026,3495390908.0,49
Harber Asset Management LLC,0001387921,0000897069-26-001141,15-MAY-2026,31-MAR-2026,156365666.0,41
"BAYVIEW ASSET MANAGEMENT, LLC",0001767366,0001767366-26-000002,15-MAY-2026,31-MAR-2026,119795531.0,42
Bellevue Group AG,0001674546,0001104659-26-061375,15-MAY-2026,31-MAR-2026,4201990189.0,155
DENDUR CAPITAL LP,0001782124,0001892688-26-000075,15-MAY-2026,31-MAR-2026,1359780799.0,21
Sourcerock Group LLC,0001822531,0001822531-26-000006,15-MAY-2026,31-MAR-2026,2377518144.0,39
"Susquehanna Capital Management, LLC",0001879628,0001879628-26-000005,15-MAY-2026,31-MAR-2026,99241841.0,1
Round Rock Advisors LLC,0001846991,0001951757-26-000878,15-MAY-2026,31-MAR-2026,653503744.0,318
Gobi Capital LLC,0001698060,0001420506-26-001113,15-MAY-2026,31-MAR-2026,1711820032.0,10
"Verdad Advisers, LP",0001812822,0001420506-26-001092,15-MAY-2026,31-MAR-2026,88832995.0,179
"Wolfswood Holdings, LLC",0001835700,0001835700-26-000003,15-MAY-2026,31-MAR-2026,2842241.0,4
VAN ECK ASSOCIATES CORP,0000869178,0000930413-26-001636,15-MAY-2026,31-MAR-2026,133210971.0,1404
Parvus Asset Management Jersey Ltd,0002061470,0002061470-26-000004,15-MAY-2026,31-MAR-2026,1184164339.0,1
"Crawford Fund Management, LLC",0001816427,0001816427-26-000004,15-MAY-2026,31-MAR-2026,306606586.0,31
OKABENA INVESTMENT SERVICES INC,0001157519,0000897101-26-000173,15-MAY-2026,31-MAR-2026,518893210.0,144
UNIO CAPITAL LLC,0001730565,0001398344-26-009227,15-MAY-2026,31-MAR-2026,466437831.0,21
"DCM Advisors, LLC",0001839498,0001839498-26-000002,15-MAY-2026,31-MAR-2026,219835556.0,38
"Prosight Management, LP",0001617201,0001420506-26-001036,15-MAY-2026,31-MAR-2026,609819841.0,46
MORGENS WATERFALL VINTIADIS & CO INC,0001016150,0001140361-26-021536,15-MAY-2026,31-MAR-2026,81196198.0,14
Veridan Wealth LLC,0002052405,0001951757-26-000871,15-MAY-2026,31-MAR-2026,265051106.0,79
Caledonia (Private) Investments Pty Ltd,0001352924,0001172661-26-002130,15-MAY-2026,31-MAR-2026,3437758648.0,16
CAPITAL COUNSEL LLC/NY,0001114928,0001114928-26-000003,15-MAY-2026,31-MAR-2026,2350568940.0,62
LONDON CO OF VIRGINIA,0001259887,0001398344-26-009231,15-MAY-2026,31-MAR-2026,16230203843.0,167
Quarry LP,0001965207,0001965207-26-000004,15-MAY-2026,31-MAR-2026,496120444.0,1355
Ulysses Management LLC,0001510912,0001213900-26-057459,15-MAY-2026,31-MAR-2026,265464956.0,28
"Estate Counselors, LLC",0001559832,0001172661-26-002085,15-MAY-2026,31-MAR-2026,1123175848.0,97
"ATALANTA SOSNOFF CAPITAL, LLC",0000700529,0001172661-26-002213,15-MAY-2026,31-MAR-2026,4655698241.0,104
ADAMS STREET PARTNERS LLC,0001193586,0001104659-26-062273,15-MAY-2026,31-MAR-2026,260317166.0,3
"PLATINUM EQUITY, LLC",0001228754,0001104659-26-061862,15-MAY-2026,31-MAR-2026,32334742.0,2
"Alpine Global Management, LLC",0001581655,0002073679-26-000054,15-MAY-2026,31-MAR-2026,657554326.0,195
Harding Loevner LP,0000928196,0000928196-26-000002,15-MAY-2026,31-MAR-2026,9719238805.0,73
CapitalatWork S.A.,0002135126,0002135126-26-000005,15-MAY-2026,31-MAR-2026,3349622.0,91
Paradigm Operations LP,0001911136,0001104659-26-061681,15-MAY-2026,31-MAR-2026,954078984.0,3
"HUB Investment Partners, LLC",0001841815,0001172661-26-002189,15-MAY-2026,31-MAR-2026,4086405615.0,1005
C M BIDWELL & ASSOCIATES LTD,0001091860,0001091860-26-000005,15-MAY-2026,31-MAR-2026,214144479.0,483
"Ategra Capital Management, LLC",0001741369,0001636587-26-000030,15-MAY-2026,31-MAR-2026,179637931.0,23
FRONTIER CAPITAL MANAGEMENT CO LLC,0000351173,0001172661-26-002082,15-MAY-2026,31-MAR-2026,9729472988.0,291
Global Media & Entertainment Investments Ltd,0001843670,0000950157-26-000618,15-MAY-2026,31-MAR-2026,52968800.0,1
"Coral Wealth Management, LLC",0002135133,0001172661-26-002197,15-MAY-2026,31-MAR-2026,89416000.0,16
"AMERIFLEX GROUP, INC.",0002057637,0002057637-26-000002,15-MAY-2026,31-MAR-2026,197585975.0,1112
SHAPIRO CAPITAL MANAGEMENT LLC,0001177244,0001376474-26-000377,15-MAY-2026,31-MAR-2026,1599943271.0,50
Linonia Partnership LP,0001985479,0001985479-26-000011,15-MAY-2026,31-MAR-2026,5383725859.0,14
SOFTBANK GROUP CORP.,0001065521,0001062993-26-002663,15-MAY-2026,31-MAR-2026,11410312995.0,29
Rings Capital Management LLC,0001771122,0001104659-26-061737,15-MAY-2026,31-MAR-2026,186100250.0,7
"PETTYJOHN, WOOD & WHITE, INC",0001128213,0001128213-26-000002,15-MAY-2026,31-MAR-2026,627921659.0,214
Index Venture Growth Associates V Ltd,0001873834,0001193125-26-225432,15-MAY-2026,31-MAR-2026,184266843.0,3
"CARRET ASSET MANAGEMENT, LLC",0000791490,0001140361-26-021508,15-MAY-2026,31-MAR-2026,1021428144.0,293
"Strive Financial Group ,LLC",0002090040,0002090040-26-000006,15-MAY-2026,31-MAR-2026,188123000.0,720
"Diversified Enterprises, LLC",0002037264,0001172661-26-001989,15-MAY-2026,31-MAR-2026,1824476696.0,412
"Valiant Capital Management, L.P.",0001452689,0000935836-26-000259,15-MAY-2026,31-MAR-2026,1270748763.0,28
"Sovereign's Capital Management, LLC",0001911637,0001172661-26-002209,15-MAY-2026,31-MAR-2026,135875147.0,76
EnCap Investments L.P.,0001290910,0001193125-26-226017,15-MAY-2026,31-MAR-2026,904765157.0,4
"Manatuck Hill Partners, LLC",0001467902,0001467902-26-000002,15-MAY-2026,31-MAR-2026,305288617.0,115
"Bramshill Investments, LLC",0001619899,0001214659-26-006351,15-MAY-2026,31-MAR-2026,1160683893.0,155
Intesa Sanpaolo Wealth Management,0002110902,0002110902-26-000006,15-MAY-2026,31-MAR-2026,409743414.0,299
Mill Road Capital Management LLC,0001512275,0001193125-26-225515,15-MAY-2026,31-MAR-2026,190822101.0,24
Ahara Advisors LLC,0002116771,0001172661-26-001981,15-MAY-2026,31-MAR-2026,119616408.0,53
"Atalan Capital Partners, LP",0001662906,0001662906-26-000002,15-MAY-2026,31-MAR-2026,1084988538.0,10
"Caption Management, LLC",0001706766,0001706766-26-000004,15-MAY-2026,31-MAR-2026,2097542019.0,533
Wright Wealth LLC,0002046147,0002085853-26-000596,15-MAY-2026,31-MAR-2026,149474732.0,51
"Aigen Investment Management, LP",0001741224,0001420506-26-001055,15-MAY-2026,31-MAR-2026,389221792.0,496
Gladstone Capital Management LLP,0001353394,0001353394-26-000004,15-MAY-2026,31-MAR-2026,995944527.0,32
PIN OAK INVESTMENT ADVISORS INC,0001094584,0001094584-26-000002,15-MAY-2026,31-MAR-2026,141397.0,503
SIRIOS CAPITAL MANAGEMENT L P,0001104883,0001104883-26-000005,15-MAY-2026,31-MAR-2026,824768565.0,81
"First Long Island Investors, LLC",0001490429,0001490429-26-000002,15-MAY-2026,31-MAR-2026,1232390137.0,70
"RB Capital Management, LLC",0001695582,0001695582-26-000002,15-MAY-2026,31-MAR-2026,470314409.0,186
"BAIN CAPITAL VENTURE INVESTORS, LLC",0001309469,0001193125-26-225238,15-MAY-2026,31-MAR-2026,174953269.0,4
"SCHOLTZ & COMPANY, LLC",0001606134,0001606134-26-000002,15-MAY-2026,31-MAR-2026,195424155.0,49
Maniro Ltd,0002102426,0001104659-26-061960,15-MAY-2026,31-MAR-2026,330045306.0,25
"X-Square Capital, LLC",0001729300,0001729300-26-000002,15-MAY-2026,31-MAR-2026,296726.0,164
"Main Management ETF Advisors, LLC",0001698607,0001698607-26-000003,15-MAY-2026,31-MAR-2026,2679612.0,115
"RH Tailwind Management, LLC",0002065331,0002065331-26-000005,15-MAY-2026,31-MAR-2026,193235618.0,23
"Energy Income Partners, LLC",0001388814,0001104659-26-062131,15-MAY-2026,31-MAR-2026,6215441319.0,87
Carmenna Advisors LLC,0001829805,0001829805-26-000004,15-MAY-2026,31-MAR-2026,0.0,1
DIADEMA PARTNERS LP,0002026172,0001892688-26-000076,15-MAY-2026,31-MAR-2026,242179326.0,86
STONEHILL CAPITAL MANAGEMENT LLC,0001266227,0001266227-26-000002,15-MAY-2026,31-MAR-2026,197276.0,15
"SUMMIT PARTNERS PUBLIC ASSET MANAGEMENT, LLC",0001638555,0001172661-26-002113,15-MAY-2026,31-MAR-2026,2161010751.0,66
"BLKBRD Asset Management, LP",0002035232,0001172661-26-002049,15-MAY-2026,31-MAR-2026,38256440.0,21
IRONWOOD INVESTMENT MANAGEMENT LLC,0001127761,0001376474-26-000378,15-MAY-2026,31-MAR-2026,239809836.0,179
Engaged Capital LLC,0001559771,0000921895-26-001375,15-MAY-2026,31-MAR-2026,303413763.0,8
"Rubicon Advisors, GP",0002114679,0001172661-26-001996,15-MAY-2026,31-MAR-2026,114854622.0,76
"Cavalier Investments, LLC",0001655543,0001655543-26-000003,15-MAY-2026,31-MAR-2026,388221745.0,60
"Wealth Preservation Advisors, LLC",0001968434,0001968434-26-000006,15-MAY-2026,31-MAR-2026,120403509.0,1035
AMERICAN CENTURY COMPANIES INC,0000748054,0000748054-26-000002,15-MAY-2026,31-MAR-2026,194272707761.0,2830
"Varde Management, L.P.",0001559130,0001193125-26-225680,15-MAY-2026,31-MAR-2026,49308204.0,4
CONSOLIDATED PRESS INTERNATIONAL HOLDINGS LTD,0001260786,0001104659-26-062088,15-MAY-2026,31-MAR-2026,630806.0,1
"GOODNOW INVESTMENT GROUP, LLC",0001362255,0000919574-26-003156,15-MAY-2026,31-MAR-2026,912885837.0,29
CHILTON INVESTMENT CO INC.,0001332632,0001332632-26-000003,15-MAY-2026,31-MAR-2026,4260501610.0,280
"Laird Norton Wetherby Trust Company, LLC",0000723204,0001172661-26-002092,15-MAY-2026,31-MAR-2026,4583253102.0,982
Skerryvore Asset Management Ltd,0002043964,0002043964-26-000003,15-MAY-2026,31-MAR-2026,120135890.0,7
"Wishbone Management, LP",0001777734,0000919574-26-003135,15-MAY-2026,31-MAR-2026,135580725.0,4
Recurrent Investment Advisors LLC,0001803146,0001420506-26-001065,15-MAY-2026,31-MAR-2026,1661361464.0,67
"East Coast Asset Management, LLC.",0001579254,0001579254-26-000003,15-MAY-2026,31-MAR-2026,303445937.0,68
"ARMOR ADVISORS, L.L.C.",0001600698,0001600698-26-000005,15-MAY-2026,31-MAR-2026,89750279.0,14
"Crabel Capital Management, LLC",0001536557,0001536557-26-000004,15-MAY-2026,31-MAR-2026,10807824.0,18
"JACOBS LEVY EQUITY MANAGEMENT, INC",0000884414,0000884414-26-000002,15-MAY-2026,31-MAR-2026,23788072334.0,953
"EVENTIDE ASSET MANAGEMENT, LLC",0001442891,0001580642-26-003193,15-MAY-2026,31-MAR-2026,6046579443.0,278
Oasis Management Co Ltd.,0001317904,0001317904-26-000004,15-MAY-2026,31-MAR-2026,845577703.0,104
Linden Advisors LP,0001279396,0001193125-26-225528,15-MAY-2026,31-MAR-2026,17860690773.0,563
"Morgan Creek Capital Management, LLC",0001623781,0001398344-26-009208,15-MAY-2026,31-MAR-2026,151372680.0,9
"Hamilton Capital, LLC",0001646639,0001646639-26-000004,15-MAY-2026,31-MAR-2026,1930250697.0,152
Cerity Partners LLC,0001566475,0001172661-26-002233,15-MAY-2026,31-MAR-2026,70532503663.0,3095
HighVista Strategies LLC,0001335325,0001172661-26-002079,15-MAY-2026,31-MAR-2026,362159371.0,156
"MISSION WEALTH MANAGEMENT, LP",0001645382,0001172661-26-002211,15-MAY-2026,31-MAR-2026,4776841574.0,703
"GPI CAPITAL, L.P.",0001836021,0001836021-26-000002,15-MAY-2026,31-MAR-2026,0.0,1
"Spectrum Strategic Capital Management, LLC",0001554961,0001554961-26-000009,15-MAY-2026,31-MAR-2026,185794542.0,76
BBFIT INVESTMENTS PTE LTD,0002094345,0001213900-26-057083,15-MAY-2026,31-MAR-2026,841941950.0,7
"Empirical Finance, LLC",0001572838,0001572838-26-000006,15-MAY-2026,31-MAR-2026,2128271728.0,483
"Bridgewealth Advisory Group, LLC",0001801982,0001172661-26-001987,15-MAY-2026,31-MAR-2026,482145307.0,135
"MONIMUS CAPITAL MANAGEMENT, LP",0001848831,0001848831-26-000003,15-MAY-2026,31-MAR-2026,360668926.0,55
StepStone Group LP,0001502287,0001193125-26-225924,15-MAY-2026,31-MAR-2026,207474004.0,18
Saudi Central Bank,0001918181,0000947871-26-000545,15-MAY-2026,31-MAR-2026,4724992295.0,514
"SAMLYN CAPITAL, LLC",0001421097,0000919574-26-003334,15-MAY-2026,31-MAR-2026,5822892447.0,75
Almitas Capital LLC,0001596468,0001596468-26-000012,15-MAY-2026,31-MAR-2026,442546640.0,115
53 HOUSE LLP,0001636974,0000902664-26-002477,15-MAY-2026,31-MAR-2026,0.0,1
SIEMENS AG,0000940418,0001193125-26-225326,15-MAY-2026,31-MAR-2026,271595761.0,1
"Palogic Value Management, L.P.",0001532943,0001214659-26-006264,15-MAY-2026,31-MAR-2026,228305733.0,164
WELLINGTON MANAGEMENT GROUP LLP,0000902219,0000902219-26-000209,15-MAY-2026,31-MAR-2026,535398176474.0,1847
"Variant Private Wealth, LLC",0002054798,0002054798-26-000002,15-MAY-2026,31-MAR-2026,82566760.0,38
"Chan Zuckerberg Initiative, LLC",0001997453,0001193125-26-225481,15-MAY-2026,31-MAR-2026,49244825.0,1
Candelo Capital Management LP,0001845660,0001845660-26-000006,15-MAY-2026,31-MAR-2026,99392981.0,22
"Cartenna Capital, LP",0001808928,0001420506-26-001112,15-MAY-2026,31-MAR-2026,2292252450.0,41
GTCR LLC,0001576350,0001140361-26-021509,15-MAY-2026,31-MAR-2026,3781393104.0,6
"Davis Asset Management, L.P.",0001945894,0001104659-26-062180,15-MAY-2026,31-MAR-2026,3455877426.0,85
Power Corp of Canada,0000801166,0000895345-26-000226,15-MAY-2026,31-MAR-2026,745379104.0,1
ATMOS CAPITAL GESTAO DE RECURSOS LTDA.,0001832439,0001213900-26-057292,15-MAY-2026,31-MAR-2026,579571622.0,15
GSI Capital Advisors LLC,0001391974,0001172661-26-002016,15-MAY-2026,31-MAR-2026,184183821.0,29
BARDIN HILL MANAGEMENT PARTNERS LP,0001616416,0001616416-26-000010,15-MAY-2026,31-MAR-2026,0.0,1
"9823 Capital, L.P.",0001982920,0001982920-26-000003,15-MAY-2026,31-MAR-2026,132452839.0,45
"Silver Grove Financial Group, Inc.",0002111172,0002111172-26-000003,15-MAY-2026,31-MAR-2026,124374427.0,515
Fundsmith LLP,0001569205,0001569205-26-000005,15-MAY-2026,31-MAR-2026,12827766987.0,34
"SIR Capital Management, L.P.",0001434997,0001434997-26-000002,15-MAY-2026,31-MAR-2026,1071013151.0,88
DIMENSION CAPITAL MANAGEMENT LLC,0001041773,0001172661-26-002094,15-MAY-2026,31-MAR-2026,711642182.0,121
Paragon Capital Management LLC,0001388437,0001388437-26-000002,15-MAY-2026,31-MAR-2026,201998538.0,57
Kintayl Capital LP,0002032385,0002032385-26-000002,15-MAY-2026,31-MAR-2026,162501547.0,44
Night Squared LP,0002058786,0001140361-26-021406,15-MAY-2026,31-MAR-2026,680670974.0,72
MACQUARIE GROUP LTD,0001418333,0001193125-26-225415,15-MAY-2026,31-MAR-2026,16770330122.0,813
Comprehensive Financial Management LLC,0001799802,0001172661-26-002088,15-MAY-2026,31-MAR-2026,3014699164.0,38
Pingora Partners LLC,0002011176,0002011176-26-000002,15-MAY-2026,31-MAR-2026,168702525.0,186
"RTW INVESTMENTS, LP",0001493215,0001493215-26-000130,15-MAY-2026,31-MAR-2026,10049752600.0,88
Evelyn Partners Investment Management Services Ltd,0002065205,0001420506-26-001053,15-MAY-2026,31-MAR-2026,850001127.0,281
"Hill City Capital, LP",0001837343,0001837343-26-000004,15-MAY-2026,31-MAR-2026,2799187967.0,23
NISSAY ASSET MANAGEMENT CORP /JAPAN,0000869589,0001172661-26-002103,15-MAY-2026,31-MAR-2026,18869772452.0,666
Solus Alternative Asset Management LP,0001407737,0001140361-26-021549,15-MAY-2026,31-MAR-2026,371942137.0,10
Broadfin Holdings LLC,0002110839,0002110839-26-000004,15-MAY-2026,31-MAR-2026,23528316.0,1
Siemens Fonds Invest GmbH,0001856637,0001193125-26-225304,15-MAY-2026,31-MAR-2026,1745554755.0,548
SIGNAL TREE FINANCIAL PARTNERS LLC,0002069337,0001951757-26-000870,15-MAY-2026,31-MAR-2026,132478860.0,47
"1248 Management, LLC",0002011147,0001580642-26-003191,15-MAY-2026,31-MAR-2026,215740202.0,146
XN LP,0001756558,0001172661-26-002089,15-MAY-2026,31-MAR-2026,2721652260.0,23
"Broad Bay Capital Management, LP",0001759115,0001172661-26-002052,15-MAY-2026,31-MAR-2026,972472465.0,24
"Oakcliff Capital Partners, LP",0001657335,0001172661-26-002106,15-MAY-2026,31-MAR-2026,226634133.0,8
First Reserve GP XIII Ltd,0001706604,0001172661-26-002073,15-MAY-2026,31-MAR-2026,52870733.0,1
Cinctive Capital Management LP,0001787258,0001172661-26-002084,15-MAY-2026,31-MAR-2026,1520972436.0,349
"PUNCH & ASSOCIATES INVESTMENT MANAGEMENT, INC.",0001238990,0001398344-26-009222,15-MAY-2026,31-MAR-2026,1733047981.0,163
"Sofinnova Investments, Inc.",0001631134,0001104659-26-062256,15-MAY-2026,31-MAR-2026,1995928525.0,61
Main Management LLC,0001583092,0001583092-26-000003,15-MAY-2026,31-MAR-2026,1374003.0,102
Fayez Sarofim & Co,0000937729,0001193125-26-225431,15-MAY-2026,31-MAR-2026,39083555313.0,294
Arohi Asset Management PTE Ltd.,0002043756,0001405086-26-000321,15-MAY-2026,31-MAR-2026,275486048.0,7
"Range Rock Capital, LLC",0002055383,0002055383-26-000003,15-MAY-2026,31-MAR-2026,46696690.0,25
Whitebark Investors LP,0002042091,0001172661-26-002045,15-MAY-2026,31-MAR-2026,125062379.0,9
Saudi Electronic Games Holding Co,0002100727,0001213900-26-057080,15-MAY-2026,31-MAR-2026,2254399300.0,1
"Searchlight Capital Partners, L.P.",0001697030,0001104659-26-061646,15-MAY-2026,31-MAR-2026,109414022.0,2
"Walsky Investment Management, Inc.",0002110046,0002110046-26-000002,15-MAY-2026,31-MAR-2026,97973218.0,50
"NorthRock Partners, LLC",0001632097,0001172661-26-002224,15-MAY-2026,31-MAR-2026,6196863412.0,653
C Partners Holding GmbH,0001634083,0001193125-26-225492,15-MAY-2026,31-MAR-2026,316745685.0,7
US BANCORP \DE\,0000036104,0000036104-26-000026,15-MAY-2026,31-MAR-2026,82390696566.0,4150
"CreativeOne Wealth, LLC",0001739728,0001739728-26-000003,15-MAY-2026,31-MAR-2026,4306356850.0,1171
Kurv Investment Management LLC,0002027462,0001104659-26-061967,15-MAY-2026,31-MAR-2026,94576619.0,35
"Totem Point Management, LLC",0001759364,0001759364-26-000004,15-MAY-2026,31-MAR-2026,78374846.0,17
"Sixth Street Partners Management Company, L.P.",0001812095,0001752724-26-000034,15-MAY-2026,31-MAR-2026,710721530.0,7
Rokos Capital Management LLP,0001666335,0001666335-26-000004,15-MAY-2026,31-MAR-2026,5625058730.0,127
"Krensavage Asset Management, LLC",0001609251,0001609251-26-000004,15-MAY-2026,31-MAR-2026,255697.0,20
ACK Asset Management LLC,0001510940,0001510940-26-000004,15-MAY-2026,31-MAR-2026,801144828.0,20
Ehrenkranz Partners L.P.,0001641043,0001172661-26-002071,15-MAY-2026,31-MAR-2026,126443759.0,47
"ARMISTICE CAPITAL, LLC",0001601086,0001315863-26-000414,15-MAY-2026,31-MAR-2026,3029049715.0,251
Ishara Investments LP,0002111609,0002111609-26-000002,15-MAY-2026,31-MAR-2026,99020264.0,36
"EMINENCE CAPITAL, LP",0001107310,0001107310-26-000002,15-MAY-2026,31-MAR-2026,4361339054.0,33
"Atairos Partners GP, Inc.",0001671176,0000950103-26-007248,15-MAY-2026,31-MAR-2026,35178198.0,2
"Defiance ETFs, LLC",0001732541,0001732541-26-000002,15-MAY-2026,31-MAR-2026,6951781687.0,364
"3EDGE Asset Management, LP",0001665605,0001172661-26-002231,15-MAY-2026,31-MAR-2026,2068613884.0,91
"FIFTH LANE CAPITAL, LP",0001858558,0001214659-26-006310,15-MAY-2026,31-MAR-2026,82338772.0,58
Slate Path Capital LP,0001559706,0001172661-26-002095,15-MAY-2026,31-MAR-2026,6733785575.0,44
"Cria, Inc.",0002065494,0001999371-26-010766,15-MAY-2026,31-MAR-2026,137728927.0,2
"Van Diest Capital, LLC",0002111825,0002085853-26-000595,15-MAY-2026,31-MAR-2026,127044151.0,190
Shay Capital LLC,0001723643,0001723643-26-000004,15-MAY-2026,31-MAR-2026,704133361.0,388
"Strategic Global Advisors, LLC",0001580212,0001580212-26-000003,15-MAY-2026,31-MAR-2026,625441145.0,142
PARK PRESIDIO CAPITAL LLC,0001596510,0000935836-26-000254,15-MAY-2026,31-MAR-2026,1425475914.0,13
Sanchez Levi Garrett,0002126627,0002126627-26-000001,15-MAY-2026,31-MAR-2026,159480021.0,74
"SIH Partners, LLLP",0001996244,0001996244-26-000005,15-MAY-2026,31-MAR-2026,3247934289.0,256
"ADAGE CAPITAL PARTNERS GP, L.L.C.",0001165408,0001172661-26-002029,15-MAY-2026,31-MAR-2026,64793498606.0,954
Polar Capital Holdings Plc,0001837309,0001172661-26-002147,15-MAY-2026,31-MAR-2026,22894377027.0,239
Avoro Capital Advisors LLC,0001633313,0001104659-26-061754,15-MAY-2026,31-MAR-2026,10151443055.0,30
RESOURCES MANAGEMENT CORP /CT/ /ADV,0000749044,0000749044-26-000002,15-MAY-2026,31-MAR-2026,753371.0,415
Archon Capital Management LLC,0001398825,0000919574-26-003175,15-MAY-2026,31-MAR-2026,177212430.0,45
GordonMD Global Investments LP,0002039349,0000919574-26-003273,15-MAY-2026,31-MAR-2026,143592724.0,16
BROADWOOD CAPITAL INC,0001278387,0000919574-26-003144,15-MAY-2026,31-MAR-2026,1418753916.0,6
Aberdeen Wealth Management LLC,0001802654,0001398344-26-009250,15-MAY-2026,31-MAR-2026,219419195.0,179
"GRS Advisors, LLC",0001544554,0001172661-26-002055,15-MAY-2026,31-MAR-2026,1011690576.0,32
"VANCE WEALTH, LLC",0001910854,0001951757-26-000879,15-MAY-2026,31-MAR-2026,346220056.0,118
"LANDMARK INVESTMENT PARTNERS, L.P.",0002023551,0002023551-26-000004,15-MAY-2026,31-MAR-2026,96797135.0,20
Kentucky Farm Bureau Mutual Insurance Co,0002131132,0001104659-26-062107,15-MAY-2026,31-MAR-2026,329353664.0,65
"IEQ CAPITAL, LLC",0001779789,0001779789-26-000002,15-MAY-2026,31-MAR-2026,21540312533.0,1868
"DRH Investments, Inc.",0001630709,0001630709-26-000002,15-MAY-2026,31-MAR-2026,123191838.0,16
Permira Holdings LTD,0001337150,0001493152-26-023305,15-MAY-2026,31-MAR-2026,0.0,1
"BRIDGEWAY CAPITAL MANAGEMENT, LLC",0001107261,0001107261-26-000004,15-MAY-2026,31-MAR-2026,4972491102.0,1221
"B Group, Inc.",0002043476,0001420506-26-001023,15-MAY-2026,31-MAR-2026,134887410.0,20
Focus Partners Wealth,0001542153,0001542153-26-000015,15-MAY-2026,31-MAR-2026,89912880894.0,2644
"Eversept Partners, LP",0001697013,0001697013-26-000003,15-MAY-2026,31-MAR-2026,1517449156.0,104
"Advisory Services Network, LLC",0001573876,0001573876-26-000004,15-MAY-2026,31-MAR-2026,7521710499.0,4832
Spinecap SAS,0002011727,0002011727-26-000005,15-MAY-2026,31-MAR-2026,272496833.0,15
Ophir Asset Management Pty Ltd,0001844640,0001844640-26-000005,15-MAY-2026,31-MAR-2026,858681439.0,34
Boundary Creek Advisors LP,0001771944,0001771944-26-000003,15-MAY-2026,31-MAR-2026,15263805.0,1
Fort Baker Capital Management LP,0001688382,0002085853-26-000599,15-MAY-2026,31-MAR-2026,1127462485.0,115
"Farringdon Capital, Ltd.",0001750980,0001420506-26-001110,15-MAY-2026,31-MAR-2026,456521857.0,359
Mantle Ridge LP,0001695459,0001695459-26-000005,15-MAY-2026,31-MAR-2026,1325552077.0,1
Berkshire Partners LLC,0001312988,0000919574-26-003150,15-MAY-2026,31-MAR-2026,5531383.0,1
Bayhunt Capital LLC,0002058173,0001214659-26-006311,15-MAY-2026,31-MAR-2026,105569908.0,20
Knox Lane LP,0002109564,0002109564-26-000002,15-MAY-2026,31-MAR-2026,325157295.0,1
"Thomist Capital Management, LP",0001767809,0001420506-26-001081,15-MAY-2026,31-MAR-2026,292473690.0,43
Walnut Level Capital LLC,0001803088,0001803088-26-000003,15-MAY-2026,31-MAR-2026,87604191.0,35
Cederberg Capital Ltd,0001861244,0001861244-26-000003,15-MAY-2026,31-MAR-2026,186321.0,11
CREDIT AGRICOLE S A,0001191672,0001172661-26-002194,15-MAY-2026,31-MAR-2026,30591046602.0,1079
"Aragon Global Management, LP",0001991518,0001420506-26-001045,15-MAY-2026,31-MAR-2026,143304565.0,18
OLD MISSION CAPITAL LLC,0001455915,0001455915-26-000008,15-MAY-2026,31-MAR-2026,4216173064.0,1000
D1 Capital Partners L.P.,0001747057,0001172661-26-002178,15-MAY-2026,31-MAR-2026,11232639222.0,44
PUBLIC INVESTMENT FUND,0001767640,0001011438-26-000338,15-MAY-2026,31-MAR-2026,12005605739.0,4
CASPIAN CAPITAL LP,0001518999,0001172661-26-002232,15-MAY-2026,31-MAR-2026,102814190.0,9
"New Paradigm Capital Management, LLC",0001598130,0000919574-26-003145,15-MAY-2026,31-MAR-2026,46845462.0,15
"WIT, LLC",0001840025,0001104659-26-061720,15-MAY-2026,31-MAR-2026,5299211979.0,22
"SIG North Trading, ULC",0001868643,0001868643-26-000005,15-MAY-2026,31-MAR-2026,498529013.0,81
"COHEN & STEERS, INC.",0001284812,0001193125-26-225177,15-MAY-2026,31-MAR-2026,57573138.0,442
SOMA EQUITY PARTNERS LP,0001680964,0001172661-26-002078,15-MAY-2026,31-MAR-2026,1356081606.0,20
Catherine Avery Investment Management LLC,0002103454,0001420506-26-001105,15-MAY-2026,31-MAR-2026,223440179.0,109
"Aristotle Atlantic Partners, LLC",0001697267,0001398344-26-009224,15-MAY-2026,31-MAR-2026,2135894424.0,119
"DigitalBridge Group, Inc.",0001679688,0001172661-26-002001,15-MAY-2026,31-MAR-2026,1575971485.0,59
"BOOTHBAY FUND MANAGEMENT, LLC",0001549230,0001549230-26-000006,15-MAY-2026,31-MAR-2026,4338877315.0,1778
"FORA Capital, LLC",0001742435,0002073679-26-000053,15-MAY-2026,31-MAR-2026,1364710282.0,413
Standard Investments LLC,0001539436,0001172661-26-002228,15-MAY-2026,31-MAR-2026,1701210953.0,11
"KING STREET CAPITAL MANAGEMENT, L.P.",0001218199,0001172661-26-002091,15-MAY-2026,31-MAR-2026,328014334.0,11
"Vermillion & White Wealth Management Group, LLC",0001862443,0001862443-26-000003,15-MAY-2026,31-MAR-2026,173646056.0,65
Fullerton Fund Management Co Ltd.,0001592746,0001104659-26-061659,15-MAY-2026,31-MAR-2026,1248270758.0,125
"Niles Investment Management, LLC",0002016708,0001213900-26-057281,15-MAY-2026,31-MAR-2026,111349779.0,25
"Blue Sparrow, LLC /DE",0002104539,0002104539-26-000003,15-MAY-2026,31-MAR-2026,5849193798.0,176
Hyperion Capital Advisors LP,0001794499,0000919574-26-003130,15-MAY-2026,31-MAR-2026,207686979.0,68
"MANGROVE PARTNERS IM, LLC",0001535392,0001172661-26-002101,15-MAY-2026,31-MAR-2026,1235631504.0,427
Obion Capital Management LP,0002011555,0001892688-26-000078,15-MAY-2026,31-MAR-2026,101408031.0,15
"Hillman Capital Management, Inc.",0001314620,0001398344-26-009207,15-MAY-2026,31-MAR-2026,144004744.0,56
Indigo Partners LLC,0001846122,0001193125-26-225293,15-MAY-2026,31-MAR-2026,267189562.0,2
Allworth Financial LP,0001555170,0001140361-26-021379,15-MAY-2026,31-MAR-2026,24600375446.0,5164
HORIZON KINETICS ASSET MANAGEMENT LLC,0001056823,0001398344-26-009239,15-MAY-2026,31-MAR-2026,9230519404.0,351
"Alpine Peaks Capital, LP",0001906602,0001906602-26-000002,15-MAY-2026,31-MAR-2026,98900335.0,20
Incision Capital Management LP,0002049997,0001104659-26-061574,15-MAY-2026,31-MAR-2026,90601350.0,4
Howard Hughes Medical Institute,0000810386,0001193125-26-225362,15-MAY-2026,31-MAR-2026,415815212.0,31
"Lotus Technology Management, LP",0002095243,0002095243-26-000003,15-MAY-2026,31-MAR-2026,27040827.0,37
Giverny Capital Inc.,0001641864,0001641864-26-000004,15-MAY-2026,31-MAR-2026,2731351278.0,51
"Greenbrier Partners Capital Management, LLC",0001532262,0001532262-26-000003,15-MAY-2026,31-MAR-2026,1298481699.0,11
"BASSWOOD CAPITAL MANAGEMENT, L.L.C.",0001085393,0001405086-26-000323,15-MAY-2026,31-MAR-2026,1962880807.0,105
Alua Capital Management LP,0001827442,0001827442-26-000003,15-MAY-2026,31-MAR-2026,915109048.0,14
White Lighthouse Investment Management Inc.,0001727593,0001727593-26-000006,15-MAY-2026,31-MAR-2026,720797321.0,145
"Strategies Wealth Advisors, LLC",0001976435,0001976435-26-000003,15-MAY-2026,31-MAR-2026,995396443.0,193
Primavera Capital Management Ltd,0001686305,0000945621-26-000710,15-MAY-2026,31-MAR-2026,647910496.0,3
Index Venture Associates VI Ltd,0001755035,0001193125-26-225429,15-MAY-2026,31-MAR-2026,2108500831.0,3
"Steffes Financial, Ltd.",0002110878,0001214659-26-006364,15-MAY-2026,31-MAR-2026,189492900.0,32
Ararat Capital Management LP,0001768757,0001768757-26-000003,15-MAY-2026,31-MAR-2026,177614551.0,15
Quadrature Capital Ltd,0001651424,0001651424-26-000007,15-MAY-2026,31-MAR-2026,8404197923.0,1313
Trustees of Columbia University in the City of New York,0001420995,0000904454-26-000297,15-MAY-2026,31-MAR-2026,890976781.0,3
"SUSQUEHANNA ADVISORS GROUP, INC.",0001444949,0001444949-26-000008,15-MAY-2026,31-MAR-2026,2144002507.0,114
Coign Capital Advisors LLC,0002056441,0001172661-26-001998,15-MAY-2026,31-MAR-2026,190327998.0,80
Junto Capital Management LP,0001595880,0001595880-26-000002,15-MAY-2026,31-MAR-2026,4707044793.0,86
PICKERING ENERGY PARTNERS LP,0001979670,0001420506-26-001029,15-MAY-2026,31-MAR-2026,47057318.0,19
SaddleRock Capital Management LLC,0002018754,0002018754-26-000005,15-MAY-2026,31-MAR-2026,93773694.0,17
"Madison Avenue Partners, LP",0001801265,0001801265-26-000003,15-MAY-2026,31-MAR-2026,2299660663.0,27
"Curi Capital, LLC",0001332905,0001172661-26-002229,15-MAY-2026,31-MAR-2026,5606086666.0,859
"Innovator Capital Management, LLC",0001708237,0001213900-26-057248,15-MAY-2026,31-MAR-2026,925015186.0,10
Albar Capital Partners LLP,0002034565,0001013594-26-000592,15-MAY-2026,31-MAR-2026,618089545.0,36
Solano Wealth Investment Advisors LLC,0002049179,0001172661-26-002198,15-MAY-2026,31-MAR-2026,200663886.0,34
"ICONIQ Capital, LLC",0001569709,0001011438-26-000321,15-MAY-2026,31-MAR-2026,4464944792.0,82
"P2 Capital Partners, LLC",0001406313,0001172661-26-002116,15-MAY-2026,31-MAR-2026,209918643.0,10
S&G Foundation,0001874163,0001104659-26-061370,15-MAY-2026,31-MAR-2026,1884009419.0,20
"Grandeur Peak Global Advisors, LLC",0001569137,0001569137-26-000003,15-MAY-2026,31-MAR-2026,426786804.0,86
Anther Capital Ltd,0002126503,0002126503-26-000001,15-MAY-2026,31-MAR-2026,3826035841.0,31
"INTERCAPITAL, LLC",0002108411,0001214659-26-006312,15-MAY-2026,31-MAR-2026,180668998.0,66
"Avantyr Capital Partners, LP",0002087378,0002087378-26-000004,15-MAY-2026,31-MAR-2026,2081769746.0,22
"Mudrick Capital Management, L.P.",0001655183,0001814554-26-000098,15-MAY-2026,31-MAR-2026,174444302.0,3
"CONTRARIAN CAPITAL MANAGEMENT, L.L.C.",0001050417,0000919574-26-003136,15-MAY-2026,31-MAR-2026,356692265.0,21
SILVERCREST ASSET MANAGEMENT GROUP LLC,0001232395,0001193125-26-225668,15-MAY-2026,31-MAR-2026,13837985646.0,832
Absoluto Partners Gestao de Recursos Ltda,0001847566,0001013594-26-000591,15-MAY-2026,31-MAR-2026,64520410.0,2
Naman Capital Ltda,0001946136,0000919574-26-003178,15-MAY-2026,31-MAR-2026,359804023.0,13
ADAPT Investment Managers SA,0002029917,0001172661-26-002100,15-MAY-2026,31-MAR-2026,294438747.0,34
FMR LLC,0000315066,0000315066-26-001390,15-MAY-2026,31-MAR-2026,1897966135519.0,5411
FAIRFAX FINANCIAL HOLDINGS LTD/ CAN,0000915191,0001104659-26-061601,15-MAY-2026,31-MAR-2026,1942669475.0,29
Trask Adam Roland,0002109050,0002109050-26-000001,15-MAY-2026,31-MAR-2026,105678682.0,190
Fiduciary Trust Co,0000035442,0001140361-26-021427,15-MAY-2026,31-MAR-2026,8457381937.0,865
Verition Fund Management LLC,0001454027,0001454027-26-000002,15-MAY-2026,31-MAR-2026,10311006867.0,1594
HGC Investment Management Inc.,0001711200,0001711200-26-000002,15-MAY-2026,31-MAR-2026,451398827.0,170
"SNOWWATER INVESTMENT PARTNERS, LLC",0002075393,0001951757-26-000877,15-MAY-2026,31-MAR-2026,106061313.0,89
INTREPID FAMILY OFFICE LLC,0001596197,0001013594-26-000589,15-MAY-2026,31-MAR-2026,114970983.0,37
"Perennial Investment Advisors, LLC",0001801523,0001941040-26-000370,15-MAY-2026,31-MAR-2026,1253000792.0,498
Isabella Capital Management LLP,0002134988,0000902664-26-002480,15-MAY-2026,31-MAR-2026,94007182.0,7
"CVentures, Inc.",0001388469,0001193125-26-224437,15-MAY-2026,31-MAR-2026,0.0,1
Quinn Opportunity Partners LLC,0001633275,0001633275-26-000006,15-MAY-2026,31-MAR-2026,1905357802.0,355
"Granahan Investment Management, LLC",0001026710,0001398344-26-009220,15-MAY-2026,31-MAR-2026,2067341695.0,149
DIKER MANAGEMENT LLC,0001276525,0001172661-26-002181,15-MAY-2026,31-MAR-2026,112135397.0,42
"Interval Partners, LP",0001590228,0001420506-26-001034,15-MAY-2026,31-MAR-2026,2908155234.0,197
KP Management LLC,0002036769,0000929638-26-001871,15-MAY-2026,31-MAR-2026,349268717.0,61
AMERIPRISE FINANCIAL INC,0000820027,0001193125-26-225866,15-MAY-2026,31-MAR-2026,430973892926.0,4012
"HEIGHTS CAPITAL MANAGEMENT, INC",0001081698,0001081698-26-000005,15-MAY-2026,31-MAR-2026,357106409.0,264
SIEMENS PENSION TRUST E V,0001209767,0001193125-26-225332,15-MAY-2026,31-MAR-2026,437033163.0,1
Nine Ten Capital Management LLC,0001635236,0001420506-26-001037,15-MAY-2026,31-MAR-2026,314817000.0,8
"KDT Advisors, LLC",0002054458,0001172661-26-002195,15-MAY-2026,31-MAR-2026,62772760.0,69
Mubadala Investment Co PJSC,0001704268,0001140361-26-021535,15-MAY-2026,31-MAR-2026,20491642156.0,72
Cedrus Wealth Group LLC,0002134767,0001172661-26-002006,15-MAY-2026,31-MAR-2026,89834822.0,48
"Deep Track Capital, LP",0001856083,0001856083-26-000003,15-MAY-2026,31-MAR-2026,4846263163.0,62
Perbak Capital Partners LLP,0001968437,0000902664-26-002476,15-MAY-2026,31-MAR-2026,406381160.0,294
NOMURA ASSET MANAGEMENT INTERNATIONAL INC.,0000921739,0000905148-26-002311,15-MAY-2026,31-MAR-2026,58388584000.0,1232
Brookmont Capital Management,0001512978,0001172661-26-002171,15-MAY-2026,31-MAR-2026,178578928.0,59
"ACME, LLC",0001803200,0001104659-26-061759,15-MAY-2026,31-MAR-2026,7517562.0,3
"Anderson Financial Strategies, LLC",0002018166,0002018166-26-000002,15-MAY-2026,31-MAR-2026,181923666.0,32
Alphadyne Asset Management LP,0001535943,0001535943-26-000004,15-MAY-2026,31-MAR-2026,764572212.0,251
FCPM III SERVICES B.V.,0002013410,0001193125-26-225423,15-MAY-2026,31-MAR-2026,722206839.0,10
"Rhino Investment Partners, Inc",0001828776,0001828776-26-000003,15-MAY-2026,31-MAR-2026,359364264.0,39
GLOBALT Investments LLC / GA,0002011891,0002085853-26-000597,15-MAY-2026,31-MAR-2026,2804165999.0,202
"Tabor Asset Management, LP",0001834780,0001420506-26-001024,15-MAY-2026,31-MAR-2026,248724019.0,39
AKO CAPITAL LLP,0001376879,0001376879-26-000003,15-MAY-2026,31-MAR-2026,5108383.0,27
"Voss Capital, LP",0001730145,0001214659-26-006306,15-MAY-2026,31-MAR-2026,1748795579.0,39
"Gallo Partners, LP",0002015727,0002015727-26-000002,15-MAY-2026,31-MAR-2026,52293401.0,39
Consulta Ltd,0001510677,0001104659-26-061957,15-MAY-2026,31-MAR-2026,2008832750.0,13
"GATE CITY CAPITAL MANAGEMENT, LLC",0001705447,0001398344-26-009270,15-MAY-2026,31-MAR-2026,256914277.0,16
MARK ASSET MANAGEMENT LP,0000860176,0001214659-26-006359,15-MAY-2026,31-MAR-2026,753025574.0,31
Clear Street Group Inc.,0001881567,0001881567-26-000004,15-MAY-2026,31-MAR-2026,17820576397.0,1065
"Apis Capital Advisors, LLC",0001386892,0001420506-26-001043,15-MAY-2026,31-MAR-2026,648332322.0,52
Oakum Bay Capital LLC,0001571727,0001571727-26-000007,15-MAY-2026,31-MAR-2026,186290554.0,87
"Nikulski Financial, Inc.",0001729847,0001729847-26-000003,15-MAY-2026,31-MAR-2026,405109304.0,175
J. Goldman & Co LP,0001412741,0001412741-26-000002,15-MAY-2026,31-MAR-2026,2159974134.0,364
Bain Capital Investors LLC,0001040508,0001193125-26-225264,15-MAY-2026,31-MAR-2026,3268468485.0,7
"Quaker Capital Investments, LLC",0001633648,0000919574-26-003173,15-MAY-2026,31-MAR-2026,408865617.0,21
"Buckley Capital Advisors, LLC",0002111611,0002111611-26-000002,15-MAY-2026,31-MAR-2026,118061188.0,14
CoreView Capital Management Ltd,0001842785,0001842785-26-000003,15-MAY-2026,31-MAR-2026,472750590.0,5
"VAN DEN BERG MANAGEMENT I, INC",0001142062,0001398344-26-009228,15-MAY-2026,31-MAR-2026,436153108.0,133
Snowden Capital Advisors LLC,0001903055,0001172661-26-002018,15-MAY-2026,31-MAR-2026,3763176221.0,1277
Lombard Odier Asset Management (Switzerland) SA,0001535660,0000908834-26-000237,15-MAY-2026,31-MAR-2026,2632101587.0,452
Cevian Capital II GP LTD,0001365341,0000902664-26-002485,15-MAY-2026,31-MAR-2026,3117969855.0,3
Skye Global Management LP,0001675884,0001420506-26-001032,15-MAY-2026,31-MAR-2026,4643354010.0,44
Breakwater Investment Management,0002025925,0002025925-26-000004,15-MAY-2026,31-MAR-2026,268943959.0,506
"Milestone Asset Management Group, LLC",0002063452,0002063364-26-000157,15-MAY-2026,31-MAR-2026,171026949.0,126
Palidye Holdings (Caymans) Ltd,0002043694,0001104659-26-062092,15-MAY-2026,31-MAR-2026,538956395.0,14
"Alta Park Capital, LP",0001621855,0000935836-26-000251,15-MAY-2026,31-MAR-2026,621896302.0,24
Liberty Mutual Group Asset Management Inc.,0001533497,0001193125-26-225322,15-MAY-2026,31-MAR-2026,1249377415.0,28
"Crystal Cove Asset Management, LLC",0002129719,0002129719-26-000001,15-MAY-2026,31-MAR-2026,75709770.0,17
"Graham Capital Management, L.P.",0001315421,0002048251-26-003779,15-MAY-2026,31-MAR-2026,2959205456.0,1080
III Capital Management,0001783139,0001783139-26-000003,15-MAY-2026,31-MAR-2026,247025611.0,46
Advisory Resource Group,0001764968,0001172661-26-002019,15-MAY-2026,31-MAR-2026,581138253.0,172
"PURSUIT WEALTH STRATEGIES, LLC",0002116904,0001398344-26-009212,15-MAY-2026,31-MAR-2026,71962667.0,109
"Cruiser Capital Advisors, LLC",0001713506,0000897069-26-001135,15-MAY-2026,31-MAR-2026,257299608.0,52
"ACORN CAPITAL ADVISORS, LLC",0002054410,0001636587-26-000029,15-MAY-2026,31-MAR-2026,351837734.0,22
COOPERMAN LEON G,0000898382,0000945621-26-000719,15-MAY-2026,31-MAR-2026,3048029695.0,41
Tower Research Capital LLC (TRC),0001533421,0001533421-26-000006,15-MAY-2026,31-MAR-2026,3848180911.0,5081
"Hunting Hill Global Capital, LLC",0001697398,0001172661-26-002074,15-MAY-2026,31-MAR-2026,83771169.0,64
TOWARZYSTWO FUNDUSZY INWESTYCYJNYCH PZU SA,0002071170,0002071170-26-000003,15-MAY-2026,31-MAR-2026,297650297.0,687
GMT Capital Corp,0001106191,0001193125-26-225722,15-MAY-2026,31-MAR-2026,2191513836.0,77
Maven Securities LTD,0001633046,0001633046-26-000006,15-MAY-2026,31-MAR-2026,1725796130.0,164
Gross & Hartman Investments LLC,0001966094,0001966094-26-000004,15-MAY-2026,31-MAR-2026,192323393.0,72
Exome Asset Management LLC,0002011932,0001420506-26-001033,15-MAY-2026,31-MAR-2026,169946058.0,45
Evelyn Partners Investment Management LLP,0002065206,0001420506-26-001051,15-MAY-2026,31-MAR-2026,3680092617.0,410
"BRASADA CAPITAL MANAGEMENT, LP",0001643833,0001420506-26-001123,15-MAY-2026,31-MAR-2026,544276100.0,143
"EPACRIA CAPITAL PARTNERS, LLC",0001927623,0001754960-26-000386,15-MAY-2026,31-MAR-2026,129094895.0,29
&PARTNERS,0000107136,0001214659-26-006256,15-MAY-2026,31-MAR-2026,20231869216.0,2395
Neo Ivy Capital Management,0001727783,0001727783-26-000005,15-MAY-2026,31-MAR-2026,379084267.0,315
"Madryn Asset Management, LP",0001787423,0001787423-26-000002,15-MAY-2026,31-MAR-2026,34128411.0,2
Aspex Management (HK) Ltd,0001768375,0001768375-26-000004,15-MAY-2026,31-MAR-2026,6897090.0,28
Tenere Capital LLC,0001849517,0001849517-26-000003,15-MAY-2026,31-MAR-2026,136373136.0,22
"BECK CAPITAL MANAGEMENT, LLC",0001601904,0001214659-26-006257,15-MAY-2026,31-MAR-2026,437018284.0,115
Creek Drive Management Group LLC,0002111824,0001104659-26-062103,15-MAY-2026,31-MAR-2026,159462900.0,46
"Ruane, Cunniff & Goldfarb L.P.",0001720792,0000919574-26-003132,15-MAY-2026,31-MAR-2026,6028259104.0,50
HarbourVest Partners LLC,0001201001,0001193125-26-225130,15-MAY-2026,31-MAR-2026,100905670.0,5
LMR Partners LLP,0001578621,0001578621-26-000093,15-MAY-2026,31-MAR-2026,10856731831.0,1057
FIRST MANHATTAN CO. LLC.,0000728083,0000728083-26-000005,15-MAY-2026,31-MAR-2026,36062448392.0,753
Bluescape Energy Partners LLC,0001629283,0001172661-26-002061,15-MAY-2026,31-MAR-2026,322137499.0,5
"Platinum Equity Advisors, LLC/DE",0001803274,0001104659-26-061874,15-MAY-2026,31-MAR-2026,8879124455.0,6
Tairen Capital Ltd,0001652062,0001652062-26-000004,15-MAY-2026,31-MAR-2026,924329841.0,44
"Forager Capital Management, LLC",0001802986,0001420506-26-001058,15-MAY-2026,31-MAR-2026,200868713.0,10
"Harvest Investment Services, LLC",0001591097,0001172661-26-001993,15-MAY-2026,31-MAR-2026,546675861.0,346
JONES FINANCIAL COMPANIES LLLP,0000815917,0001193125-26-225579,15-MAY-2026,31-MAR-2026,208074644811.0,4724
Octahedron Capital Management L.P.,0001891904,0001891904-26-000003,15-MAY-2026,31-MAR-2026,137522739.0,18
Index Venture Growth Associates III Ltd,0001785453,0001193125-26-225427,15-MAY-2026,31-MAR-2026,117966052.0,2
Passaic Partners LLC,0001905809,0001905809-26-000006,15-MAY-2026,31-MAR-2026,825789499.0,13
Kontiki Capital Management (HK) Ltd.,0001713390,0000899140-26-000502,15-MAY-2026,31-MAR-2026,1426079800.0,7
LONE PEAK GLOBAL INVESTORS LLC,0001730467,0001730467-26-000004,15-MAY-2026,31-MAR-2026,600442402.0,42
CANNELL CAPITAL LLC,0001058854,0001420506-26-001100,15-MAY-2026,31-MAR-2026,154040689.0,35
"8VC GP I, LLC",0001667766,0001667766-26-000002,15-MAY-2026,31-MAR-2026,39634238.0,1
"Susquehanna Portfolio Strategies, LLC",0001996449,0001996449-26-000005,15-MAY-2026,31-MAR-2026,6727357383.0,959
SailingStone Capital Partners LLC,0001608904,0001420506-26-001030,15-MAY-2026,31-MAR-2026,440269129.0,17
Juniper Hill Capital Management LP,0001803460,0001172661-26-002076,15-MAY-2026,31-MAR-2026,0.0,1
SHELTON CAPITAL MANAGEMENT,0001002784,0001999371-26-010847,15-MAY-2026,31-MAR-2026,4570609598.0,713
American Airlines Group Inc.,0000006201,0001193125-26-225211,15-MAY-2026,31-MAR-2026,174435295.0,1
OXFORD ASSET MANAGEMENT LLP,0001438284,0001438284-26-000008,15-MAY-2026,31-MAR-2026,232202115.0,442
"Capstone Financial Advisors, Inc.",0001599217,0001599217-26-000005,15-MAY-2026,31-MAR-2026,1856672986.0,185
PARAGON ASSOCIATES & PARAGON ASSOCIATES II JOINT VENTURE,0001047859,0001047859-26-000002,15-MAY-2026,31-MAR-2026,73584751.0,14
Ironclad Investments LLC,0001824600,0001824600-26-000003,15-MAY-2026,31-MAR-2026,203932608.0,3
MMCAP International Inc. SPC,0001304857,0000912282-26-000731,15-MAY-2026,31-MAR-2026,1158292563.0,244
"Anabranch Capital Management, LP",0001822480,0001420506-26-001063,15-MAY-2026,31-MAR-2026,114881942.0,5
"Pamplona Capital Management, LLC",0001554913,0001193125-26-225425,15-MAY-2026,31-MAR-2026,473064167.0,5
"FORTRESS FINANCIAL GROUP, LLC",0002054451,0001951757-26-000876,15-MAY-2026,31-MAR-2026,135162676.0,87
"GCM Grosvenor Holdings, LLC",0001939480,0000921895-26-001372,15-MAY-2026,31-MAR-2026,901150009.0,22
Greenvale Capital LLP,0001768041,0001768041-26-000002,15-MAY-2026,31-MAR-2026,912192810.0,12
KELLOGG W K FOUNDATION TRUST,0001197921,0001193125-26-225827,15-MAY-2026,31-MAR-2026,0.0,1
Apriem Advisors,0001425165,0001172661-26-002007,15-MAY-2026,31-MAR-2026,1047840787.0,186
Skandinaviska Enskilda Banken AB (publ),0001534653,0001534653-26-000005,15-MAY-2026,31-MAR-2026,4335487678.0,163
Sienna Gestion,0002021242,0000945621-26-000712,15-MAY-2026,31-MAR-2026,1532772868.0,136
"Marathon Partners Equity Management, LLC",0001353311,0000919574-26-003160,15-MAY-2026,31-MAR-2026,87679168.0,16
12 West Capital Management LP,0001540531,0001540531-26-000003,15-MAY-2026,31-MAR-2026,592382910.0,20
CANERECTOR INC,0001113234,0001754960-26-000384,15-MAY-2026,31-MAR-2026,211057755.0,9
"GARNET EQUITY CAPITAL HOLDINGS, INC.",0001423876,0001423876-26-000006,15-MAY-2026,31-MAR-2026,176024867.0,19
Torque Asset Management LLC,0002011256,0001193125-26-225250,15-MAY-2026,31-MAR-2026,254098755.0,12
CONNORS INVESTOR SERVICES INC,0000884548,0000884548-26-000002,15-MAY-2026,31-MAR-2026,1082728570.0,149
Veltria Advisors Corp.,0001941369,0001941369-26-000002,15-MAY-2026,31-MAR-2026,30028186.0,37
Trexquant Investment LP,0001633445,0001633445-26-000003,15-MAY-2026,31-MAR-2026,13824452011.0,1577
"Stone House Capital Management, LLC",0001589943,0001213900-26-057313,15-MAY-2026,31-MAR-2026,81451683.0,2
"GUARDIAN WEALTH ADVISORS, LLC / NC",0001901403,0001398344-26-009209,15-MAY-2026,31-MAR-2026,1573139283.0,602
Squarepoint Ops LLC,0001642575,0001642575-26-000007,15-MAY-2026,31-MAR-2026,46492794189.0,2616
Castlefield Investment Partners LLP,0002109835,0002109835-26-000006,15-MAY-2026,31-MAR-2026,130804531.0,35
"SkyView Investment Advisors, LLC",0001848237,0001848237-26-000011,15-MAY-2026,31-MAR-2026,743315.0,318
Fourth Sail Capital LP,0001803158,0001803158-26-000013,15-MAY-2026,31-MAR-2026,608399173.0,25
BRADLEY FOSTER & SARGENT INC/CT,0001015086,0001015086-26-000004,15-MAY-2026,31-MAR-2026,6435611084.0,516
"Aperture Investors, LLC",0001787596,0001172661-26-002022,15-MAY-2026,31-MAR-2026,791341677.0,87
VAN LANSCHOT KEMPEN INVESTMENT MANAGEMENT N.V.,0001367401,0001367401-26-000002,15-MAY-2026,31-MAR-2026,11401766767.0,240
"Mountaineer Partners Management, LLC",0001730532,0000919574-26-003280,15-MAY-2026,31-MAR-2026,201324463.0,16
Lifetime Wealth Management P.C.,0002116339,0001214659-26-006372,15-MAY-2026,31-MAR-2026,175815709.0,86
"GUARDIAN POINT CAPITAL, LP",0001595932,0001398344-26-009213,15-MAY-2026,31-MAR-2026,242691110.0,11
Patient Square Capital LP,0001819257,0001819257-26-000003,15-MAY-2026,31-MAR-2026,563607117.0,29
"Cullen Capital Management, LLC",0001362535,0001193125-26-225525,15-MAY-2026,31-MAR-2026,9752783439.0,213
WS MANAGEMENT LLLP,0000877338,0000877338-26-000004,15-MAY-2026,31-MAR-2026,764455310.0,35
"PFM Health Sciences, LP",0001442756,0001442756-26-000002,15-MAY-2026,31-MAR-2026,950244293.0,77
"MUSTICO FINANCIAL GROUP, INC.",0002034361,0001376474-26-000379,15-MAY-2026,31-MAR-2026,143132893.0,46
"Capital Impact Advisors, LLC",0001602198,0001172661-26-002017,15-MAY-2026,31-MAR-2026,247475030.0,30
"FWL INVESTMENT MANAGEMENT, LLC",0001829231,0001999371-26-010798,15-MAY-2026,31-MAR-2026,455562838.0,346
"Hilton Capital Management, LLC",0001541211,0001172661-26-001990,15-MAY-2026,31-MAR-2026,1323799536.0,129
VICTORY CAPITAL MANAGEMENT INC,0001040188,0001040188-26-000028,15-MAY-2026,31-MAR-2026,156118346060.0,2410
"United Airlines Holdings, Inc.",0000100517,0000905148-26-002296,15-MAY-2026,31-MAR-2026,210522956.0,3
LARCH CAPITAL PARTNERS LLC,0002112646,0002112646-26-000002,15-MAY-2026,31-MAR-2026,690025532.0,53
"Broad Run Investment Management, LLC",0001568621,0001568621-26-000005,15-MAY-2026,31-MAR-2026,567861853.0,24
"First Turn Management, LLC",0001993440,0001993440-26-000002,15-MAY-2026,31-MAR-2026,895098772.0,33
"Aristotle Capital Boston, LLC",0001633911,0001398344-26-009206,15-MAY-2026,31-MAR-2026,1610538795.0,122
RIPOSTE CAPITAL LLC,0001672355,0001672355-26-000004,15-MAY-2026,31-MAR-2026,218696550.0,19
Lombard Odier Asset Management (Europe) Ltd,0001535784,0000908834-26-000236,15-MAY-2026,31-MAR-2026,1807724770.0,183
"Cresset Asset Management, LLC",0001761013,0001172661-26-002185,15-MAY-2026,31-MAR-2026,23104427587.0,1582
"SHEPHERD KAPLAN KROCHUK, LLC",0001218583,0000919574-26-003276,15-MAY-2026,31-MAR-2026,118961574.0,61
GOLDMAN SACHS GROUP INC,0000886982,0000886982-26-000274,15-MAY-2026,31-MAR-2026,760947760348.0,5539
Select Asset Management & Trust,0001600636,0001600636-26-000002,15-MAY-2026,31-MAR-2026,320216.0,77
Pointe Capital Management LLC,0001640335,0001640335-26-000003,15-MAY-2026,31-MAR-2026,201936200.0,153
JOURNEY RETIREMENT PLANNING & INVESTMENT MANAGEMENT LLC,0002122180,0001172661-26-002057,15-MAY-2026,31-MAR-2026,113545836.0,133
"Teewinot Capital Advisers, L.L.C.",0001574886,0001420506-26-001118,15-MAY-2026,31-MAR-2026,1253892532.0,33
"Atlanta Consulting Group Advisors, LLC",0002019038,0001420506-26-001096,15-MAY-2026,31-MAR-2026,465293379.0,143
Arosa Capital Management LP,0001596053,0001596053-26-000003,15-MAY-2026,31-MAR-2026,153588114.0,49
HIGHBRIDGE CAPITAL MANAGEMENT LLC,0000919185,0000919185-26-000004,15-MAY-2026,31-MAR-2026,1575552849.0,361
"Dragoneer Investment Group, LLC ",0001602189,0001193125-26-225175,15-MAY-2026,31-MAR-2026,3001999146.0,17
"New Dimensions Wealth Management, LLC",0002068447,0002068447-26-000004,15-MAY-2026,31-MAR-2026,117512628.0,20
BANK OF HAWAII,0000315080,0000315080-26-000003,15-MAY-2026,31-MAR-2026,1909257978.0,224
Blantyre Capital Ltd,0001887451,0001012975-26-000424,15-MAY-2026,31-MAR-2026,82791149.0,1
Manchester Global Management (UK) Ltd,0001965104,0001965104-26-000004,15-MAY-2026,31-MAR-2026,749121202.0,23
SQUARE PEG CAPITAL PTY LTD,0001803194,0001803194-26-000002,15-MAY-2026,31-MAR-2026,75233017.0,10
Heard Capital LLC,0001796409,0001172661-26-002072,15-MAY-2026,31-MAR-2026,1934365553.0,21
STATE OF WISCONSIN INVESTMENT BOARD,0000854157,0001062993-26-002676,15-MAY-2026,31-MAR-2026,43676718939.0,2487
"Vestmark Advisory Solutions, Inc.",0001736982,0001172661-26-002206,15-MAY-2026,31-MAR-2026,9018944911.0,1327
L1 Global Manager Pty Ltd,0001878742,0001878742-26-000003,15-MAY-2026,31-MAR-2026,123947380.0,112
Partners Group Holding AG,0001534259,0001213900-26-057270,15-MAY-2026,31-MAR-2026,1351302174.0,50
MATRIX PRIVATE CAPITAL GROUP LLC,0001906866,0001398344-26-009225,15-MAY-2026,31-MAR-2026,207428883.0,141
"Empirical Capital Management, LLC",0001642274,0001642274-26-000005,15-MAY-2026,31-MAR-2026,166922.0,15
"Piedmont Capital Management, LLC",0001656150,0001656150-26-000002,15-MAY-2026,31-MAR-2026,196622980.0,50
"Vident Advisory, LLC",0001744347,0001172661-26-001995,15-MAY-2026,31-MAR-2026,11749445886.0,1835
Weaver Consulting Group,0001780055,0001780055-26-000003,15-MAY-2026,31-MAR-2026,419592024.0,275
L1 Capital Pty Ltd,0001817646,0001817646-26-000004,15-MAY-2026,31-MAR-2026,2546511780.0,22
"KIDS CAPITAL MANAGEMENT, L.P.",0001909180,0001420506-26-001060,15-MAY-2026,31-MAR-2026,105739617.0,12
Fairmount Funds Management LLC,0001802528,0001104659-26-062419,15-MAY-2026,31-MAR-2026,1384339432.0,12
GE INVESTMENT MANAGEMENT CORP.,0001125824,0000902664-26-002457,15-MAY-2026,31-MAR-2026,243846781.0,4
"Point72 Private Investments, LLC",0001954961,0000919574-26-003482,15-MAY-2026,31-MAR-2026,315068.0,1
Visualize Group LP,0001994625,0001892688-26-000090,15-MAY-2026,31-MAR-2026,242902239.0,10
MASTERS CAPITAL MANAGEMENT LLC,0001104186,0001104186-26-000004,15-MAY-2026,31-MAR-2026,676981279.0,44
"Waterford Advisors, LLC",0001960657,0001960657-26-000002,15-MAY-2026,31-MAR-2026,315275701.0,57
"UNC Management Company, Inc.",0001911286,0001911286-26-000002,15-MAY-2026,31-MAR-2026,1638511.0,5
Enstar Group LTD,0001363829,0001628280-26-035541,15-MAY-2026,31-MAR-2026,217369012.0,9
Zurcher Kantonalbank (Zurich Cantonalbank),0001368163,0001368163-26-000002,15-MAY-2026,31-MAR-2026,45964532460.0,2544
Hayek Kallen Investment Management,0001430681,0001430681-26-000002,15-MAY-2026,31-MAR-2026,307003.0,92
3G Capital Partners LP,0001421669,0001493152-26-023732,15-MAY-2026,31-MAR-2026,281709000.0,10
"CADIAN CAPITAL MANAGEMENT, LP",0001423686,0001423686-26-000005,15-MAY-2026,31-MAR-2026,821203252.0,23
Olympus Peak Asset Management LP,0001841359,0000902664-26-002507,15-MAY-2026,31-MAR-2026,102686633.0,1
325 CAPITAL LLC,0001873893,0001214659-26-006443,15-MAY-2026,31-MAR-2026,274488500.0,12
Dean Capital Management,0001455468,0001455468-26-000004,15-MAY-2026,31-MAR-2026,241402128.0,111
"Legion Partners Asset Management, LLC",0001560207,0002085853-26-000603,15-MAY-2026,31-MAR-2026,137747456.0,6
PenderFund Capital Management Ltd.,0001706164,0001706164-26-000003,15-MAY-2026,31-MAR-2026,638551924.0,253
Investmark Advisory Group LLC,0001926349,0001172661-26-002249,15-MAY-2026,31-MAR-2026,233660181.0,142
LTG Capital LLC,0001936987,0002085853-26-000601,15-MAY-2026,31-MAR-2026,130880810.0,23
"1607 Capital Partners, LLC",0001436866,0001172661-26-002247,15-MAY-2026,31-MAR-2026,1387810737.0,139
Anchor @ 65 Pte. Ltd.,0001993962,0000905148-26-002362,15-MAY-2026,31-MAR-2026,361737089.0,2
VR Advisory Services Ltd,0001348145,0001315863-26-000424,15-MAY-2026,31-MAR-2026,844925539.0,40
"Lumbard & Kellner, LLC",0001602476,0001602476-26-000002,15-MAY-2026,31-MAR-2026,288563609.0,99
DYNAMO INTERNACIONAL GESTAO DE RECURSOS LTDA.,0001546790,0000947871-26-000554,15-MAY-2026,31-MAR-2026,266316318.0,3
"Valley Forge Capital Management, LP",0001697868,0001697868-26-000003,15-MAY-2026,31-MAR-2026,3375637687.0,7
"Founders Fund Growth II Management, LP",0002106825,0002106825-26-000003,15-MAY-2026,31-MAR-2026,0.0,1
"Private Capital Management, LLC",0001588456,0001214659-26-006486,15-MAY-2026,31-MAR-2026,981877786.0,177
Kohlberg Kravis Roberts & Co. L.P.,0001399770,0001399770-26-000007,15-MAY-2026,31-MAR-2026,5346372842.0,92
"Frazier Life Sciences Management, L.P.",0001892134,0001892134-26-000002,15-MAY-2026,31-MAR-2026,3886526658.0,38
PECONIC PARTNERS LLC,0001050464,0001050464-26-000004,15-MAY-2026,31-MAR-2026,5780731888.0,9
Sagefield Capital LP,0001771179,0001771179-26-000005,15-MAY-2026,31-MAR-2026,1389334183.0,111
"LOCUST WOOD CAPITAL ADVISERS, LLC",0001349434,0001349434-26-000004,15-MAY-2026,31-MAR-2026,3672292626.0,27
"Evercore Wealth Management, LLC",0001482689,0001172661-26-002269,15-MAY-2026,31-MAR-2026,6359680035.0,418
FreeGulliver LLC,0002032561,0002032561-26-000004,15-MAY-2026,31-MAR-2026,237219674.0,115
"NCM Capital Management, LLC",0001907054,0001907054-26-000002,15-MAY-2026,31-MAR-2026,279265274.0,185
"Nantahala Capital Management, LLC",0001472322,0001104659-26-062659,15-MAY-2026,31-MAR-2026,1602161771.0,130
"Gateway Wealth Partners, LLC",0001966037,0001172661-26-002400,15-MAY-2026,31-MAR-2026,2566016925.0,925
Inflection Point Holdings II LLC,0001970530,0001213900-26-057708,15-MAY-2026,31-MAR-2026,47312500.0,1
Stenham Asset Management Ltd,0001840750,0001214659-26-006472,15-MAY-2026,31-MAR-2026,205878393.0,18
"Harvey Partners, LLC",0001406484,0001214659-26-006431,15-MAY-2026,31-MAR-2026,1231129193.0,45
"Flagship Pioneering, LLC",0001400240,0001193125-26-226588,15-MAY-2026,31-MAR-2026,1161567162.0,5
PERSHING SQUARE INC.,0002026053,0001172661-26-002339,15-MAY-2026,31-MAR-2026,569340000.0,1
Heitman Real Estate Securities LLC,0001080117,0001140361-26-021618,15-MAY-2026,31-MAR-2026,1391126017.0,57
"Teca Partners, LP",0001910154,0001999371-26-010902,15-MAY-2026,31-MAR-2026,125305139.0,9
"Darwins River Capital, LP",0002064978,0001214659-26-006451,15-MAY-2026,31-MAR-2026,186837902.0,38
"Opti Capital Management, LP",0001738654,0000919574-26-003413,15-MAY-2026,31-MAR-2026,1388169795.0,36
"TENOR CAPITAL MANAGEMENT Co., L.P.",0001346554,0001346554-26-000035,15-MAY-2026,31-MAR-2026,6491634078.0,501
Socorro Asset Management LP,0001781882,0001781882-26-000004,15-MAY-2026,31-MAR-2026,221052526.0,32
BIGLARI CAPITAL CORP.,0001334429,0000921895-26-001419,15-MAY-2026,31-MAR-2026,929393467.0,12
"5AM Venture Management, LLC",0001799883,0001799883-26-000002,15-MAY-2026,31-MAR-2026,360208609.0,20
NAYA CAPITAL MANAGEMENT UK LTD,0001665012,0001172661-26-002311,15-MAY-2026,31-MAR-2026,1181154663.0,4
"Capital Wealth Planning, LLC",0001566728,0002085853-26-000600,15-MAY-2026,31-MAR-2026,18133921978.0,151
"PDT Partners, LLC",0001564702,0001564702-26-000004,15-MAY-2026,31-MAR-2026,1689449552.0,527
Freestone Grove Partners LP,0002007591,0001172661-26-002396,15-MAY-2026,31-MAR-2026,13792320346.0,961
"JANA Partners Management, LP",0001998597,0000902664-26-002515,15-MAY-2026,31-MAR-2026,1605976760.0,10
SEMPER AUGUSTUS INVESTMENTS GROUP LLC,0001115373,0001941040-26-000373,15-MAY-2026,31-MAR-2026,837339668.0,44
"DELTA AIR LINES, INC.",0000027904,0001683168-26-004035,15-MAY-2026,31-MAR-2026,377739567.0,3
IMMERSION CORP,0001058811,0000921895-26-001378,15-MAY-2026,31-MAR-2026,144695022.0,9
"Knoll Capital Management, LLC",0001325083,0001104659-26-062445,15-MAY-2026,31-MAR-2026,180167114.0,37
"DCVC Opportunity Fund II GP, LLC",0001668343,0001104659-26-062468,15-MAY-2026,31-MAR-2026,13866319.0,2
"KINTRA WEALTH, LLC",0001904432,0001904432-26-000003,15-MAY-2026,31-MAR-2026,1413625153.0,406
NEOS Investment Management LLC,0002001019,0001172661-26-002245,15-MAY-2026,31-MAR-2026,19787401475.0,575
"Breakout Capital Partners, LP",0001935243,0001935243-26-000004,15-MAY-2026,31-MAR-2026,173870686.0,8
ParaFi Capital LP,0001919332,0001420506-26-001156,15-MAY-2026,31-MAR-2026,318084064.0,18
CANADA PENSION PLAN INVESTMENT BOARD,0001283718,0001104659-26-062533,15-MAY-2026,31-MAR-2026,155030955991.0,1680
"Islander Capital Partners, L.P.",0002081714,0002081714-26-000005,15-MAY-2026,31-MAR-2026,253736736.0,15
"OGBORNE CAPITAL MANAGEMENT, LLC",0001619083,0001619083-26-000003,15-MAY-2026,31-MAR-2026,196715090.0,11
MAI Capital Management,0001040197,0001040197-26-000002,15-MAY-2026,31-MAR-2026,17614404024.0,4809
Papamarkou Wellner Asset Management inc.,0002063952,0002063952-26-000002,15-MAY-2026,31-MAR-2026,163687004.0,86
"Kamunting Street Capital Management, L.P.",0001317267,0000902664-26-002513,15-MAY-2026,31-MAR-2026,183035000.0,28
"Alyeska Investment Group, L.P.",0001453072,0001172661-26-002284,15-MAY-2026,31-MAR-2026,35335078735.0,604
"Progeny 3, Inc.",0001536006,0000899140-26-000577,15-MAY-2026,31-MAR-2026,1869849133.0,32
ThornTree Capital Partners LP,0001688511,0001172661-26-002253,15-MAY-2026,31-MAR-2026,563533756.0,16
Cannell & Spears LLC,0001426319,0001420506-26-001133,15-MAY-2026,31-MAR-2026,5100540338.0,420
ENTRUST GLOBAL PARTNERS L L C,0001080818,0001140361-26-021632,15-MAY-2026,31-MAR-2026,455533834.0,5
"Lloyd Harbor Capital Management, LLC",0001847935,0001214659-26-006460,15-MAY-2026,31-MAR-2026,193164269.0,20
Greenoaks Capital Partners LLC,0001840735,0001840735-26-000011,15-MAY-2026,31-MAR-2026,2296661853.0,10
"Land & Buildings Investment Management, LLC",0001536520,0001536520-26-000004,15-MAY-2026,31-MAR-2026,591367811.0,20
"TFJ Management, LLC",0002056069,0002056069-26-000002,15-MAY-2026,31-MAR-2026,104464544.0,12
Turim 21 Investimentos Ltda.,0001652174,0001104659-26-062796,15-MAY-2026,31-MAR-2026,398601506.0,117
Bawa N Mallick Trust,0002040013,0002040013-26-000012,15-MAY-2026,31-MAR-2026,244162611.0,69
OMERS ADMINISTRATION Corp,0001053321,0001062993-26-002689,15-MAY-2026,31-MAR-2026,15551780152.0,1096
FINDELL CAPITAL MANAGEMENT LLC,0001814465,0000921895-26-001410,15-MAY-2026,31-MAR-2026,339542674.0,17
TIGER GLOBAL MANAGEMENT LLC,0001167483,0000919574-26-003362,15-MAY-2026,31-MAR-2026,22845413829.0,54
VISTA INVESTMENT MANAGEMENT,0001740140,0001740140-26-000002,15-MAY-2026,31-MAR-2026,298406451.0,173
Starboard Value LP,0001517137,0000921895-26-001402,15-MAY-2026,31-MAR-2026,4568358033.0,23
Absolute Gestao de Investimentos Ltda.,0001622610,0001622610-26-000003,15-MAY-2026,31-MAR-2026,875272955.0,70
"AWM Investment Company, Inc.",0001535264,0001535264-26-000032,15-MAY-2026,31-MAR-2026,903396082.0,98
INVESTOR AB,0000889232,0001493152-26-023718,15-MAY-2026,31-MAR-2026,15124585250.0,10
"Northeast Financial Group, Inc.",0001965773,0001172661-26-002401,15-MAY-2026,31-MAR-2026,375782546.0,76
Clean Energy Transition LLP,0001911523,0000902664-26-002525,15-MAY-2026,31-MAR-2026,1219381599.0,14
"SoftVest Advisors, LLC",0001803391,0001420506-26-001166,15-MAY-2026,31-MAR-2026,645205552.0,3
 NOVO HOLDINGS A/S,0001388325,0001388325-26-000026,15-MAY-2026,31-MAR-2026,1234214742.0,22
"Daventry Group, LP",0001823718,0001892688-26-000084,15-MAY-2026,31-MAR-2026,87825730.0,8
"Menlo Ventures Management, L.P.",0001911541,0001911541-26-000008,15-MAY-2026,31-MAR-2026,326862752.0,3
"Harbor Spring Capital, LLC",0001635409,0001635409-26-000001,15-MAY-2026,31-MAR-2026,0.0,1
Zurich Insurance Group Ltd/FI,0001127799,0000899140-26-000584,15-MAY-2026,31-MAR-2026,12727381448.0,327
"Aventail Capital Group, LP",0001803822,0001420506-26-001162,15-MAY-2026,31-MAR-2026,2069497174.0,169
HS Investments IV Ltd,0002065165,0001172661-26-002283,15-MAY-2026,31-MAR-2026,80596000.0,2
"Bridgewater Associates, LP",0001350694,0001350694-26-000002,15-MAY-2026,31-MAR-2026,22404547213.0,993
Beryl Capital Management LLC,0001719307,0001719307-26-000004,15-MAY-2026,31-MAR-2026,108649203.0,8
Navi International - Administradora e Gestora de Recursos Financeiros Ltda.,0002044610,0002044610-26-000003,15-MAY-2026,31-MAR-2026,222277149.0,14
"4D Advisors, LLC",0001938268,0001938268-26-000003,15-MAY-2026,31-MAR-2026,157776472.0,34
 SIP GLOBAL OPPORTUNITY MANAGER LLC,0002112504,0002112504-26-000006,15-MAY-2026,31-MAR-2026,66292754.0,1
BALANCE CAPITAL PARTNERS L.P.,0002109256,0001892688-26-000083,15-MAY-2026,31-MAR-2026,87938291.0,6
"Ikarian Capital, LLC",0001778253,0001420506-26-001165,15-MAY-2026,31-MAR-2026,699010508.0,127
"Newtyn Management, LLC",0001569241,0001493152-26-023722,15-MAY-2026,31-MAR-2026,935760928.0,33
"YORKTOWN ENERGY PARTNERS IX, L.P.",0001503466,0001140361-26-021705,15-MAY-2026,31-MAR-2026,57541936.0,3
Quantinno Capital Management LP,0001759654,0001759654-26-000004,15-MAY-2026,31-MAR-2026,59857548629.0,3281
Port Capital LLC,0001729212,0001104659-26-062522,15-MAY-2026,31-MAR-2026,2248777428.0,82
MHR FUND MANAGEMENT LLC,0001277742,0001011438-26-000344,15-MAY-2026,31-MAR-2026,1368068579.0,10
"White Knight Strategic Wealth Advisors, LLC",0001904677,0001904677-26-000002,15-MAY-2026,31-MAR-2026,118690393.0,81
"Holocene Advisors, LP",0001700574,0001172661-26-002328,15-MAY-2026,31-MAR-2026,41287155009.0,794
ASHFORD CAPITAL MANAGEMENT INC,0000897070,0000897070-26-000007,15-MAY-2026,31-MAR-2026,809204303.0,99
"MVM Partners, LLC",0001947083,0001104659-26-062485,15-MAY-2026,31-MAR-2026,10764047.0,1
Raine Capital LLC,0001631543,0001012975-26-000444,15-MAY-2026,31-MAR-2026,14115336.0,4
Avala Global LP,0001948899,0001948899-26-000005,15-MAY-2026,31-MAR-2026,2081199270.0,22
JAT Capital Mgmt LP,0001834438,0001892688-26-000086,15-MAY-2026,31-MAR-2026,59334819.0,10
Themes Management Co LLC,0002107564,0001172661-26-002238,15-MAY-2026,31-MAR-2026,162059555.0,151
"Arthedge Capital Management, LLC",0001846503,0001214659-26-006444,15-MAY-2026,31-MAR-2026,99257498.0,9
"Prana Capital Management, LP",0001710951,0001420506-26-001154,15-MAY-2026,31-MAR-2026,3261966276.0,126
HSG Holding Ltd,0001470766,0001193125-26-226714,15-MAY-2026,31-MAR-2026,1620053452.0,20
"CADEN CAPITAL PARTNERS, LP",0001893767,0001893767-26-000005,15-MAY-2026,31-MAR-2026,8119086.0,36
"Royal Capital Wealth Management, LLC",0001904323,0001904323-26-000002,15-MAY-2026,31-MAR-2026,160620271.0,96
ArrowMark Colorado Holdings LLC,0001483859,0001172661-26-002286,15-MAY-2026,31-MAR-2026,3762384599.0,293
"Whitefort Capital Management, LP",0001884931,0001013594-26-000606,15-MAY-2026,31-MAR-2026,328588086.0,19
"HRTG GPE, LLC",0001537455,0001537455-26-000008,15-MAY-2026,31-MAR-2026,781025683.0,3
KM Capital Management Ltd.,0001963514,0001963514-26-000002,15-MAY-2026,31-MAR-2026,148631977.0,76
Hill Path Capital LP,0001676292,0000921895-26-001392,15-MAY-2026,31-MAR-2026,1369926597.0,7
EAGLE CAPITAL MANAGEMENT LLC,0000945631,0001172661-26-002298,15-MAY-2026,31-MAR-2026,29822192132.0,60
"DME Capital Management, LP",0001489933,0001172661-26-002341,15-MAY-2026,31-MAR-2026,3190735190.0,45
"Redmile Group, LLC",0001425738,0001104659-26-062579,15-MAY-2026,31-MAR-2026,1510149045.0,35
Octagon Capital Advisors LP,0001839435,0001839435-26-000003,15-MAY-2026,31-MAR-2026,903605540.0,29
"Two Creeks Capital Management, LP",0001606430,0001172661-26-002355,15-MAY-2026,31-MAR-2026,947042575.0,21
"Callodine Capital Management, LP",0001741675,0001741675-26-000003,15-MAY-2026,31-MAR-2026,1417632272.0,55
"ER Collective Holdings, LLC",0002059227,0000905148-26-002365,15-MAY-2026,31-MAR-2026,326250890.0,1
"WIMMER ASSOCIATES 1, LLC",0001667019,0001104659-26-062426,15-MAY-2026,31-MAR-2026,204656702.0,110
FOURSIXTHREE CAPITAL LP,0001897652,0000905148-26-002381,15-MAY-2026,31-MAR-2026,232796850.0,15
BONTEMPO OHLY CAPITAL MGMT LLC,0001632118,0001632118-26-000003,15-MAY-2026,31-MAR-2026,221629850.0,34
"Valtrion Capital Management, LLC",0002072223,0002072223-26-000002,15-MAY-2026,31-MAR-2026,106065918.0,93
TUDOR INVESTMENT CORP ET AL,0000923093,0000902664-26-002516,15-MAY-2026,31-MAR-2026,18582955368.0,1648
CHAI TRUST CO LLC,0001250731,0000905148-26-002374,15-MAY-2026,31-MAR-2026,1181646931.0,11
"TORTOISE CAPITAL ADVISORS, L.L.C.",0001280965,0001280965-26-000002,15-MAY-2026,31-MAR-2026,9599661678.0,90
"Ventas, Inc.",0000740260,0001104659-26-062564,15-MAY-2026,31-MAR-2026,79971809.0,1
Arini Captial Management Ltd,0002056819,0001172661-26-002299,15-MAY-2026,31-MAR-2026,633804691.0,6
Turas Capital Management LP,0002077058,0001214659-26-006476,15-MAY-2026,31-MAR-2026,391551964.0,37
WESTPORT ASSET MANAGEMENT INC,0000811454,0001398344-26-009311,15-MAY-2026,31-MAR-2026,226461294.0,78
"Select Equity Group, L.P.",0001592643,0001592643-26-000007,15-MAY-2026,31-MAR-2026,18771768917.0,159
Analog Century Management LP,0001753384,0001420506-26-001142,15-MAY-2026,31-MAR-2026,2094348651.0,25
"Ameraudi Asset Management, Inc.",0001772954,0001172661-26-002243,15-MAY-2026,31-MAR-2026,183934311.0,42
"Post Oak Energy Holdings, LLC",0001911838,0000905148-26-002330,15-MAY-2026,31-MAR-2026,448756770.0,1
"59 North Capital Management, LP",0001805589,0000919574-26-003449,15-MAY-2026,31-MAR-2026,3352621483.0,17
 BATTERY MANAGEMENT CORP.,0001548594,0001548594-26-000006,15-MAY-2026,31-MAR-2026,425806066.0,5
"Seal Cove Capital, LLC",0002135303,0002135303-26-000001,15-MAY-2026,31-MAR-2026,114101352.0,19
Rithm Capital Corp.,0001556593,0000905148-26-002351,15-MAY-2026,31-MAR-2026,67369837.0,38
"Electron Capital Partners, LLC",0001586986,0001012975-26-000446,15-MAY-2026,31-MAR-2026,2128574097.0,44
SHEN NEIL NANPENG,0001279329,0001193125-26-226710,15-MAY-2026,31-MAR-2026,0.0,1
"BROOKS, MOORE & ASSOCIATES, INC.",0001767040,0001767040-26-000002,15-MAY-2026,31-MAR-2026,199441551.0,110
" FORERUNNER VENTURES MANAGEMENT, LLC",0001909850,0001909850-26-000007,15-MAY-2026,31-MAR-2026,169152634.0,1
"VOLORIDGE INVESTMENT MANAGEMENT, LLC",0001556921,0001420506-26-001152,15-MAY-2026,31-MAR-2026,24958765781.0,975
Occam Crest Management LP,0002085909,0001493152-26-023698,15-MAY-2026,31-MAR-2026,160814061.0,28
Reliant Wealth Planning,0001823393,0001376474-26-000382,15-MAY-2026,31-MAR-2026,330841016.0,51
Sachem Head Capital Management LP,0001582090,0000902664-26-002506,15-MAY-2026,31-MAR-2026,4151193255.0,19
GATES FOUNDATION TRUST,0001166559,0001104659-26-062592,15-MAY-2026,31-MAR-2026,31665505891.0,22
Schonfeld Strategic Advisors LLC,0001665241,0001665241-26-000001,15-MAY-2026,31-MAR-2026,12285166181.0,2039
"Northern Right Capital Management, L.P.",0001346543,0001346543-26-000003,15-MAY-2026,31-MAR-2026,281005876.0,25
"Vanguard Global Advisers, LLC",0001811242,0001811242-26-000008,15-MAY-2026,31-MAR-2026,1535024803.0,67
"One68 Global Capital, LLC",0001755535,0001755535-26-000006,15-MAY-2026,31-MAR-2026,30899995.0,40
"GRATIA CAPITAL, LLC",0001599793,0001599793-26-000003,15-MAY-2026,31-MAR-2026,105676529.0,24
Rubric Capital Management LP,0001687509,0001104659-26-062466,15-MAY-2026,31-MAR-2026,8162873148.0,82
"Elite Wealth Management, Inc.",0001622757,0001622757-26-000003,15-MAY-2026,31-MAR-2026,308039189.0,49
GREAT POINT PARTNERS LLC,0001281446,0001172661-26-002272,15-MAY-2026,31-MAR-2026,408269707.0,39
SPHERA FUNDS MANAGEMENT LTD.,0001496201,0001496201-26-000003,15-MAY-2026,31-MAR-2026,581481527.0,92
"Gullane Capital, LLC",0002068251,0002068251-26-000002,15-MAY-2026,31-MAR-2026,37194876.0,4
AMERICAN CAPITAL MANAGEMENT INC,0001320168,0001104659-26-062771,15-MAY-2026,31-MAR-2026,1861901887.0,75
London & Capital Asset Management Ltd,0001767559,0001172661-26-002266,15-MAY-2026,31-MAR-2026,9182376658.0,223
"Coliseum Capital Management, LLC",0001409751,0001193125-26-226771,15-MAY-2026,31-MAR-2026,1219930648.0,13
"Burns Matteson Capital Management, LLC",0001894164,0001894164-26-000004,15-MAY-2026,31-MAR-2026,256654385.0,177
Checkpoint Capital L.P.,0001977548,0001977548-26-000004,15-MAY-2026,31-MAR-2026,278650519.0,8
"Night Owl Capital Management, LLC",0001410833,0001410833-26-000004,15-MAY-2026,31-MAR-2026,858035402.0,30
"T. Rowe Price Investment Management, Inc.",0001897612,0001897612-26-000460,15-MAY-2026,31-MAR-2026,145221619.0,643
Mountain Lake Investment Management LLC,0001308555,0001754960-26-000390,15-MAY-2026,31-MAR-2026,154807018.0,29
"Bain Capital Life Sciences Investors, LLC",0001703031,0001193125-26-226961,15-MAY-2026,31-MAR-2026,1108816309.0,20
"Nextech Invest, Ltd.",0001595430,0001595430-26-000005,15-MAY-2026,31-MAR-2026,1421052380.0,17
"TWO SIGMA SECURITIES, LLC",0001450144,0000899140-26-000551,15-MAY-2026,31-MAR-2026,860940742.0,1599
Graham Holdings Co Master Retirement Trust,0001912699,0001628280-26-035588,15-MAY-2026,31-MAR-2026,706369.0,2
"Schusterman Interests, LLC",0001857024,0000899140-26-000583,15-MAY-2026,31-MAR-2026,391265427.0,9
"Bragg Financial Advisors, Inc",0001327055,0001062993-26-002690,15-MAY-2026,31-MAR-2026,3161413053.0,362
"Nishkama Capital, LLC",0001633799,0001633799-26-000006,15-MAY-2026,31-MAR-2026,702916695.0,39
Alight Capital Management LP,0001651473,0000905148-26-002366,15-MAY-2026,31-MAR-2026,343693669.0,56
Man Group plc,0001637460,0001637460-26-000002,15-MAY-2026,31-MAR-2026,48245647630.0,2080
"Bayesian Capital Management, LP",0001632551,0001420506-26-001146,15-MAY-2026,31-MAR-2026,81949724.0,137
VIKING GLOBAL INVESTORS LP,0001103804,0001103804-26-000004,15-MAY-2026,31-MAR-2026,35748670967.0,77
VANGUARD FIDUCIARY TRUST CO,0000933478,0000933478-26-000008,15-MAY-2026,31-MAR-2026,4511329215.0,80
"SIMA Wealth Partners, LLC",0002135539,0002135539-26-000001,15-MAY-2026,31-MAR-2026,131295241.0,131
Purpose Unlimited Inc.,0002115120,0001104659-26-062646,15-MAY-2026,31-MAR-2026,2417605794.0,574
"Blue Chip Partners, LLC",0001632801,0001632801-26-000003,15-MAY-2026,31-MAR-2026,1389114319.0,170
Black Maple Capital Management LP,0001588959,0001214659-26-006446,15-MAY-2026,31-MAR-2026,130197342.0,80
CASTLEARK MANAGEMENT LLC,0001106832,0001106832-26-000003,15-MAY-2026,31-MAR-2026,3022181841.0,292
SONA ASSET MANAGEMENT (US) LLC,0001856405,0000905148-26-002399,15-MAY-2026,31-MAR-2026,2605348036.0,305
"BRC Group Holdings, Inc.",0001464790,0001213900-26-057752,15-MAY-2026,31-MAR-2026,456231566.0,21
ALLIANCEBERNSTEIN L.P.,0001109448,0001109448-26-000101,15-MAY-2026,31-MAR-2026,308814873835.0,3228
"BREACH INLET CAPITAL MANAGEMENT, LLC",0002009914,0002009914-26-000002,15-MAY-2026,31-MAR-2026,304568876.0,12
Extract Advisors LLC,0001703148,0001703148-26-000011,15-MAY-2026,31-MAR-2026,144636705.0,21
ARES MANAGEMENT LLC,0001259313,0001104659-26-062439,15-MAY-2026,31-MAR-2026,1517199895.0,37
" ENAVATE SCIENCES GP, LLC",0001953107,0001953107-26-000008,15-MAY-2026,31-MAR-2026,351507330.0,7
Kalehua Capital Management LLC,0002106181,0002106181-26-000005,15-MAY-2026,31-MAR-2026,141343912.0,25
"Little Harbor Advisors, LLC",0001539639,0001539639-26-000004,15-MAY-2026,31-MAR-2026,168438.0,4
ICAHN CARL C,0000921669,0001539497-26-001469,15-MAY-2026,31-MAR-2026,8553640766.0,12
Third Point LLC,0001040273,0001040273-26-000002,15-MAY-2026,31-MAR-2026,2082795760.0,33
Sun Financial Inc,0002067342,0002067342-26-000003,15-MAY-2026,31-MAR-2026,199644321.0,159
"North Berkeley Wealth Management, LLC",0002062383,0001172661-26-002248,15-MAY-2026,31-MAR-2026,189192295.0,73
Soapstone Management L.P.,0001726948,0001398344-26-009297,15-MAY-2026,31-MAR-2026,140402896.0,12
SORA INVESTORS LLC,0001894532,0001894532-26-000002,15-MAY-2026,31-MAR-2026,1085857074.0,77
HOTCHKIS & WILEY CAPITAL MANAGEMENT LLC,0001164833,0001172661-26-002350,15-MAY-2026,31-MAR-2026,32355538807.0,463
Southpoint Capital Advisors LP,0001319998,0001012975-26-000456,15-MAY-2026,31-MAR-2026,4858782527.0,41
"Clifford Group, LLC",0001965522,0001965522-26-000003,15-MAY-2026,31-MAR-2026,129835294.0,80
MBB PUBLIC MARKETS I LLC,0001892378,0001214659-26-006462,15-MAY-2026,31-MAR-2026,835219060.0,24
"Data Collective IV GP, LLC",0001664974,0001104659-26-062465,15-MAY-2026,31-MAR-2026,55949943.0,4
QUEST INVESTMENT MANAGEMENT LLC,0001036248,0001036248-26-000007,15-MAY-2026,31-MAR-2026,856753350.0,122
Sphera Management Technology Funds Ltd,0002030525,0002030525-26-000002,15-MAY-2026,31-MAR-2026,177020110.0,54
"Cook & Bynum Capital Management, LLC",0001542280,0001999371-26-010909,15-MAY-2026,31-MAR-2026,124187858.0,6
"Barrier Capital Management, LLC",0001909089,0002073679-26-000059,15-MAY-2026,31-MAR-2026,113877024.0,16
Impactive Capital LP,0001786767,0001786767-26-000003,15-MAY-2026,31-MAR-2026,1379051975.0,10
Invenomic Capital Management LP,0001769456,0001214659-26-006456,15-MAY-2026,31-MAR-2026,2165819120.0,148
"Civilization Ventures Management, LLC",0002112250,0002112250-26-000004,15-MAY-2026,31-MAR-2026,87900334.0,2
KEYWISE CAPITAL MANAGEMENT (HK) Ltd,0001474069,0001172661-26-002254,15-MAY-2026,31-MAR-2026,593271700.0,10
"Centerbridge Partners, L.P.",0001484836,0002048251-26-003794,15-MAY-2026,31-MAR-2026,61079792.0,3
"Lion Point Capital, LP",0001643354,0001013594-26-000605,15-MAY-2026,31-MAR-2026,16731769.0,35
"STONEHAVEN WEALTH & TAX SOLUTIONS, LLC",0002056591,0001951757-26-000884,15-MAY-2026,31-MAR-2026,113043558.0,82
Tudor Financial Inc.,0002045307,0001214659-26-006492,15-MAY-2026,31-MAR-2026,195591935.0,139
DF DENT & CO INC,0000934999,0000934999-26-000002,15-MAY-2026,31-MAR-2026,5221468248.0,262
 SONNIPE LTD,0001946733,0001946733-26-000005,15-MAY-2026,31-MAR-2026,136732684.0,1
"VANGUARD ASSET MANAGEMENT, Ltd",0001680208,0001680208-26-000009,15-MAY-2026,31-MAR-2026,1243471538.0,38
HPC Germany GmbH & Co. KG,0001731296,0001193125-26-226584,15-MAY-2026,31-MAR-2026,1480602.0,1
LUMINUS MANAGEMENT LLC,0001279151,0001104659-26-062456,15-MAY-2026,31-MAR-2026,165500670.0,24
Plan A Wealth LLC,0002093645,0001172661-26-002250,15-MAY-2026,31-MAR-2026,208736257.0,178
"Garden Investment Management, L.P.",0002044217,0001172661-26-002391,15-MAY-2026,31-MAR-2026,585556415.0,2
Berkshire Hathaway Inc,0001067983,0001193125-26-226661,15-MAY-2026,31-MAR-2026,263095703570.0,29
STADIUM CAPITAL MANAGEMENT LLC,0001105087,0000935836-26-000268,15-MAY-2026,31-MAR-2026,40607243.0,6
AQR CAPITAL MANAGEMENT LLC,0001167557,0001167557-26-000115,15-MAY-2026,31-MAR-2026,218373976700.0,3739
Valence8 US LP,0001943819,0001172661-26-002240,15-MAY-2026,31-MAR-2026,286100289.0,14
Sierra Capital LLC,0001787274,0001787274-26-000003,15-MAY-2026,31-MAR-2026,917609.0,216
KCM INVESTMENT ADVISORS LLC,0001109228,0001941040-26-000374,15-MAY-2026,31-MAR-2026,3012965196.0,393
Palestra Capital Management LLC,0001568788,0001214659-26-006485,15-MAY-2026,31-MAR-2026,2545854233.0,22
Talisman Wealth Advisors LLC,0001962685,0001962685-26-000002,15-MAY-2026,31-MAR-2026,124148669.0,101
Thiel Macro LLC,0001562087,0001315863-26-000423,15-MAY-2026,31-MAR-2026,0.0,1
Utah Retirement Systems,0001548392,0001548392-26-000003,15-MAY-2026,31-MAR-2026,9783920270.0,974
"Lattice Capital Management, LLC",0001710207,0001710207-26-000003,15-MAY-2026,31-MAR-2026,56930569.0,18
GUGGENHEIM CAPITAL LLC,0001283072,0001283072-26-000003,15-MAY-2026,31-MAR-2026,12555226956.0,1594
Monarch Alternative Capital LP,0001281084,0000899140-26-000579,15-MAY-2026,31-MAR-2026,588035535.0,7
WYNNEFIELD CAPITAL INC,0001251567,0001104659-26-062491,15-MAY-2026,31-MAR-2026,147503672.0,9
MidFirst Bank,0002077076,0002077076-26-000004,15-MAY-2026,31-MAR-2026,1208540039.0,926
TEXAS PERMANENT SCHOOL FUND CORP,0001223779,0001223779-26-000009,15-MAY-2026,31-MAR-2026,2697128585.0,11
"Evergreen Quality Fund GP, Ltd.",0002016939,0000919574-26-003550,15-MAY-2026,31-MAR-2026,4371474778.0,40
CITADEL ADVISORS LLC,0001423053,0001104659-26-062477,15-MAY-2026,31-MAR-2026,141142503437.0,6006
"683 Capital Management, LLC",0001404574,0001404574-26-000018,15-MAY-2026,31-MAR-2026,1078144293.0,208
" NVP ASSOCIATES, LLC ",0001545692,0001545692-26-000005,15-MAY-2026,31-MAR-2026,176176987.0,5
BAKER BROS. ADVISORS LP,0001263508,0001104659-26-062547,15-MAY-2026,31-MAR-2026,17415689929.0,84
"EcoR1 Capital, LLC",0001587114,0000935836-26-000270,15-MAY-2026,31-MAR-2026,2340001864.0,29
Contour Asset Management LLC,0001510669,0001172661-26-002310,15-MAY-2026,31-MAR-2026,3076911094.0,27
" REDPOINT MANAGEMENT, LLC",0001689508,0001689508-26-000006,15-MAY-2026,31-MAR-2026,200991795.0,3
"Palo Duro Investment Partners, LP",0001977128,0001214659-26-006465,15-MAY-2026,31-MAR-2026,514591763.0,29
"H PARTNERS MANAGEMENT, LLC",0001364412,0000919574-26-003498,15-MAY-2026,31-MAR-2026,153750000.0,2
SYMMETRY PEAK MANAGEMENT LLC,0001389234,0000919574-26-003381,15-MAY-2026,31-MAR-2026,9670466.0,10
Eagle Health Investments LP,0001842545,0001172661-26-002258,15-MAY-2026,31-MAR-2026,476295751.0,26
"INFRASTRUCTURE CAPITAL ADVISORS, LLC",0001621802,0000919574-26-003545,15-MAY-2026,31-MAR-2026,1065529966.0,144
Weiss Asset Management LP,0001357550,0001357550-26-000023,15-MAY-2026,31-MAR-2026,5429175675.0,472
HAWK RIDGE CAPITAL MANAGEMENT LP,0001609074,0001892688-26-000085,15-MAY-2026,31-MAR-2026,2751389910.0,48
"ABRAMS BISON INVESTMENTS, LLC",0001317588,0000919574-26-003514,15-MAY-2026,31-MAR-2026,2310985598.0,11
HS Investments III Ltd,0002103418,0001172661-26-002280,15-MAY-2026,31-MAR-2026,20385902.0,1
North Reef Capital Management LP,0001867831,0001214659-26-006407,15-MAY-2026,31-MAR-2026,2905699010.0,60
"Grace & Mercy Foundation, Inc.",0001715783,0001493152-26-023776,15-MAY-2026,31-MAR-2026,409690628.0,21
Park West Asset Management LLC,0001386928,0001214659-26-006510,15-MAY-2026,31-MAR-2026,1132034348.0,48
Greenhouse Funds LLLP,0001626220,0001626220-26-000003,15-MAY-2026,31-MAR-2026,2109387687.0,28
Nebula Research & Development LLC,0001792635,0001172661-26-002393,15-MAY-2026,31-MAR-2026,0.0,1
Partners Value Investments L.P.,0001162777,0001193125-26-227025,15-MAY-2026,31-MAR-2026,9344597344.0,6
"AWH Capital, L.P.",0001682475,0001682475-26-000002,15-MAY-2026,31-MAR-2026,110097622.0,20
Triton Financial Group Inc,0001811805,0002085853-26-000602,15-MAY-2026,31-MAR-2026,57354487.0,62
"Wealth Watch Advisors, INC",0002040515,0001214659-26-006518,15-MAY-2026,31-MAR-2026,238563876.0,108
"CRITERIA CAIXA, S.A.U.",0002018922,0001104659-26-062739,15-MAY-2026,31-MAR-2026,23580200.0,2
PointState Capital LP,0001509842,0001193125-26-226660,15-MAY-2026,31-MAR-2026,4306796661.0,43
Paloma Partners Management Co,0001103882,0001103882-26-000004,15-MAY-2026,31-MAR-2026,177139287.0,43
Xiamen Xinweidachuang Investment Partnership (Limited Partnership),0001910318,0001193125-26-227034,15-MAY-2026,31-MAR-2026,87833522.0,1
"Fund 1 Investments, LLC",0001959730,0000929638-26-001896,15-MAY-2026,31-MAR-2026,768342119.0,62
VARCOV Co.,0002078837,0001214659-26-006478,15-MAY-2026,31-MAR-2026,268237018.0,363
BAMCO INC /NY/,0001017918,0001017918-26-000043,15-MAY-2026,31-MAR-2026,33127957349.0,326
MAK CAPITAL ONE LLC,0001385702,0001013594-26-000603,15-MAY-2026,31-MAR-2026,604320951.0,21
"Nitorum Capital, L.P.",0001630243,0001630243-26-000008,15-MAY-2026,31-MAR-2026,113915154.0,20
PMC FIG Opportunities LLC,0001899896,0001493152-26-023728,15-MAY-2026,31-MAR-2026,64563585.0,27
"Sessa Capital IM, L.P.",0001595849,0001398344-26-009306,15-MAY-2026,31-MAR-2026,5256148440.0,31
CLEARFIELD CAPITAL MANAGEMENT LP,0001643569,0001643569-26-000003,15-MAY-2026,31-MAR-2026,182292000.0,16
"MSD Partners, L.P.",0001514334,0001104659-26-062568,15-MAY-2026,31-MAR-2026,82328211.0,8
Balyasny Asset Management L.P.,0001218710,0001193125-26-226359,15-MAY-2026,31-MAR-2026,50903586430.0,2078
Sophron Capital Management L.P.,0002027142,0001214659-26-006471,15-MAY-2026,31-MAR-2026,339388675.0,41
Seven Fleet Capital Management LP,0002092021,0001013594-26-000616,15-MAY-2026,31-MAR-2026,315093468.0,114
Everest Financial Group LLC,0002056391,0002056391-26-000005,15-MAY-2026,31-MAR-2026,607322514.0,199
Raine Group LLC,0001887502,0001012975-26-000445,15-MAY-2026,31-MAR-2026,10528257.0,3
PETERSON WEALTH MANAGEMENT,0001785144,0001785144-26-000004,15-MAY-2026,31-MAR-2026,172491871.0,166
"HG Vora Capital Management, LLC",0001525362,0001214659-26-006482,15-MAY-2026,31-MAR-2026,190792039.0,7
"Merewether Investment Management, LP",0001736852,0001420506-26-001143,15-MAY-2026,31-MAR-2026,5164986517.0,79
Longaeva Partners L.P.,0002054122,0001193125-26-226357,15-MAY-2026,31-MAR-2026,2078350928.0,193
"Quadcap Wealth Management, LLC",0002009674,0001172661-26-002244,15-MAY-2026,31-MAR-2026,877456394.0,383
Teza Capital Management LLC,0001655789,0001214659-26-006475,15-MAY-2026,31-MAR-2026,27309814.0,76
"DISCOVERY CAPITAL MANAGEMENT, LLC / CT",0001389507,0000919574-26-003353,15-MAY-2026,31-MAR-2026,1924698657.0,77
" LIGHTSPEED MANAGEMENT COMPANY, L.L.C.",0001702122,0001702122-26-000006,15-MAY-2026,31-MAR-2026,987971730.0,8
"Electric Capital Partners, LLC",0002087133,0001999371-26-010917,15-MAY-2026,31-MAR-2026,117713668.0,7
ION Fund Management Ltd,0002105906,0001178913-26-002740,15-MAY-2026,31-MAR-2026,655701984.0,59
"Black Diamond Capital Management I, LLLP",0002084285,0000905148-26-002378,15-MAY-2026,31-MAR-2026,135780978.0,8
"Amtrust Financial Services, Inc.",0001365555,0001172661-26-002255,15-MAY-2026,31-MAR-2026,299766168.0,15
"First Light Asset Management, LLC",0001600004,0001999371-26-010896,15-MAY-2026,31-MAR-2026,1115876336.0,35
Quantessence Capital LLC,0002009590,0001214659-26-006467,15-MAY-2026,31-MAR-2026,20536975.0,64
"TWO SIGMA INVESTMENTS, LP",0001179392,0000899140-26-000547,15-MAY-2026,31-MAR-2026,120502527450.0,3679
Foresite Capital Management VI LLC,0002013341,0001104659-26-062467,15-MAY-2026,31-MAR-2026,460271345.0,17
Opaleye Management Inc.,0001595855,0001420506-26-001151,15-MAY-2026,31-MAR-2026,759221131.0,54
"Annandale Capital, LLC",0001811739,0001811739-26-000002,15-MAY-2026,31-MAR-2026,608957.0,117
Darsana Capital Partners LP,0001609098,0001172661-26-002303,15-MAY-2026,31-MAR-2026,4696789130.0,14
"Q Global Advisors, LLC",0001469589,0001469589-26-000006,15-MAY-2026,31-MAR-2026,104007.0,48
"Burkehill Global Management, LP",0001904549,0001013594-26-000601,15-MAY-2026,31-MAR-2026,2016670333.0,182
FERNBRIDGE CAPITAL MANAGEMENT LP,0001827734,0002073679-26-000064,15-MAY-2026,31-MAR-2026,1560652468.0,17
Keewaydin Investments LLC,0002055512,0001013594-26-000604,15-MAY-2026,31-MAR-2026,316977940.0,16
"Parallax Volatility Advisers, L.P.",0001521001,0001172661-26-002271,15-MAY-2026,31-MAR-2026,2267880664.0,612
"NEA Management Company, LLC",0001512848,0001072613-26-000458,15-MAY-2026,31-MAR-2026,1759160918.0,26
"Union Square Park Capital Management, LLC",0001666231,0001172661-26-002236,15-MAY-2026,31-MAR-2026,114262241.0,53
"General Catalyst Group Management, LLC",0001637946,0000905148-26-002373,15-MAY-2026,31-MAR-2026,183563493.0,12
Aquatic Capital Management LLC,0001803916,0001803916-26-000003,15-MAY-2026,31-MAR-2026,3480439096.0,1302
MERCER GLOBAL ADVISORS INC /ADV,0000853758,0000853758-26-000014,15-MAY-2026,31-MAR-2026,67578596810.0,3217
"Hound Partners, LLC",0001353316,0001353316-26-000003,15-MAY-2026,31-MAR-2026,792324934.0,34
"ROI Financial Advisors, LLC",0002011633,0001941040-26-000371,15-MAY-2026,31-MAR-2026,167226464.0,66
22C Capital LLC,0002075659,0000905148-26-002343,15-MAY-2026,31-MAR-2026,85980869.0,1
MASON CAPITAL MANAGEMENT LLC,0001218735,0001104659-26-062410,15-MAY-2026,31-MAR-2026,612852905.0,7
Permanens Capital L.P.,0001599637,0001493152-26-023927,15-MAY-2026,31-MAR-2026,776253540.0,88
"Cable Car Capital, LP",0001699575,0002073679-26-000056,15-MAY-2026,31-MAR-2026,289477732.0,128
"INFINITUM ASSET MANAGEMENT, LLC",0002058093,0002058093-26-000007,15-MAY-2026,31-MAR-2026,799106068.0,21
"Carroll Investors, Inc",0001911400,0001172661-26-002268,15-MAY-2026,31-MAR-2026,187058096.0,31
Conversant Capital LLC,0001850901,0001850901-26-000003,15-MAY-2026,31-MAR-2026,745101543.0,16
KR Capital LP,0002103364,0002103364-26-000003,15-MAY-2026,31-MAR-2026,498939603.0,49
Prescott General Partners LLC,0001538653,0001104659-26-062460,15-MAY-2026,31-MAR-2026,1365011633.0,10
CYPRESS POINT INVESTMENT MANAGEMENT LP,0002058475,0001104659-26-062346,15-MAY-2026,31-MAR-2026,424479841.0,32
"Birchview Capital, LP",0001618205,0001618205-26-000002,15-MAY-2026,31-MAR-2026,175663720.0,73
 GREYCROFT LP,0001910274,0001910274-26-000005,15-MAY-2026,31-MAR-2026,146327239.0,14
MORGAN STANLEY,0000895421,0000895421-26-000183,15-MAY-2026,31-MAR-2026,1659786624056.0,8287
venBio Partners LLC,0001776382,0000905148-26-002409,15-MAY-2026,31-MAR-2026,280553201.0,6
Brown Financial Advisors,0002035548,0002035548-26-000002,15-MAY-2026,31-MAR-2026,264038227.0,209
WORLDQUANT MILLENNIUM ADVISORS LLC,0001745981,0001745981-26-000004,15-MAY-2026,31-MAR-2026,25932848665.0,593
HARVARD MANAGEMENT CO INC,0001082621,0001193125-26-226658,15-MAY-2026,31-MAR-2026,1815664370.0,17
"Sender Co & Partners, Inc.",0001659380,0001420506-26-001129,15-MAY-2026,31-MAR-2026,136996693.0,39
"Yiheng Capital Management, L.P.",0001447228,0001420506-26-001131,15-MAY-2026,31-MAR-2026,230699792.0,24
"TWO SIGMA ADVISERS, LP",0001478735,0000899140-26-000549,15-MAY-2026,31-MAR-2026,0.0,1
"Luxor Capital Group, LP",0001316580,0001316580-26-000003,15-MAY-2026,31-MAR-2026,633023194.0,38
"Bain Capital Prairie, LLC",0002067353,0001193125-26-226580,15-MAY-2026,31-MAR-2026,665962144.0,1
Punch Card Management L.P.,0001631664,0001398344-26-009301,15-MAY-2026,31-MAR-2026,270645674.0,5
Kultura Capital Management LP,0002064545,0002064545-26-000003,15-MAY-2026,31-MAR-2026,109649828.0,25
FJ Capital Management LLC,0001599170,0001420506-26-001153,15-MAY-2026,31-MAR-2026,888139062.0,126
Cypress Capital Group,0001341748,0001172661-26-002241,15-MAY-2026,31-MAR-2026,888906650.0,246
"River Bend Holdings, LLC",0002107417,0001104659-26-062374,15-MAY-2026,31-MAR-2026,0.0,1
J. Stern & Co. LLP,0002011335,0002011335-26-000003,15-MAY-2026,31-MAR-2026,1031575622.0,49
"ValueAct Holdings, L.P.",0001418814,0001418814-26-000002,15-MAY-2026,31-MAR-2026,5712466529.0,18
HUTNER CAPITAL MANAGEMENT INC,0000944733,0000944733-26-000002,15-MAY-2026,31-MAR-2026,243418746.0,44
SPRUCE HOUSE INVESTMENT MANAGEMENT LLC,0001543170,0001543170-26-000006,15-MAY-2026,31-MAR-2026,2800933217.0,11
"Lead Edge Capital Management, LLC",0001802797,0001802797-26-000006,15-MAY-2026,31-MAR-2026,407875791.0,12
Bornite Capital Management LP,0001800641,0001800641-26-000004,15-MAY-2026,31-MAR-2026,594771966.0,17
Estuary Capital Management LP,0001965005,0001965005-26-000004,15-MAY-2026,31-MAR-2026,597657362.0,22
"Zimmer Partners, LP",0001565854,0001565854-26-000002,15-MAY-2026,31-MAR-2026,4076181445.0,120
"Richwood Investment Advisors, LLC",0001911900,0001172661-26-002346,15-MAY-2026,31-MAR-2026,129747337.0,98
"BFI Wealth Solutions, LLC",0002110651,0001172661-26-002267,15-MAY-2026,31-MAR-2026,104262211.0,75
"Bedell Frazier Investment Counselling, LLC",0001388142,0001172661-26-002262,15-MAY-2026,31-MAR-2026,495027540.0,128
Numerai GP LLC,0001668527,0001214659-26-006464,15-MAY-2026,31-MAR-2026,997332165.0,746
"Engine Capital Management, LP",0001665590,0001665590-26-000004,15-MAY-2026,31-MAR-2026,828374692.0,26
"Prentice Capital Management, LP",0001326150,0001104659-26-062458,15-MAY-2026,31-MAR-2026,45705969.0,23
"Endure Capital Management, LLC",0002055657,0001420506-26-001127,15-MAY-2026,31-MAR-2026,143940394.0,25
AYAL Capital Advisors Ltd,0002011524,0000929638-26-001893,15-MAY-2026,31-MAR-2026,195362109.0,38
"Permian Investment Partners, LP",0001472850,0001472850-26-000006,15-MAY-2026,31-MAR-2026,904857455.0,13
Lansing Management LP,0001691908,0001420506-26-001132,15-MAY-2026,31-MAR-2026,150567565.0,14
Meritech Capital Associates V L.L.C.,0001613048,0001104659-26-062471,15-MAY-2026,31-MAR-2026,141176656.0,2
"Argosy-Lionbridge Management, LLC",0002056354,0002056354-26-000006,15-MAY-2026,31-MAR-2026,142536452.0,14
WATER ISLAND CAPITAL LLC,0001222765,0001222765-26-000007,15-MAY-2026,31-MAR-2026,750121876.0,86
Triavera Capital LLC,0002011325,0002011325-26-000003,15-MAY-2026,31-MAR-2026,167332380.0,16
"NEXPOINT ASSET MANAGEMENT, L.P.",0001469877,0001172661-26-002394,15-MAY-2026,31-MAR-2026,1432940848.0,81
Investment Management Corp of Ontario,0001811568,0001999371-26-010874,15-MAY-2026,31-MAR-2026,7759997969.0,664
Hancock Prospecting Pty Ltd,0002017993,0001213900-26-057684,15-MAY-2026,31-MAR-2026,3329697363.0,36
"Ampersand Capital Group, L.P.",0002059671,0002059671-26-000002,15-MAY-2026,31-MAR-2026,182754567.0,7
Ares Systematic Credit Ltd,0002135379,0001104659-26-062638,15-MAY-2026,31-MAR-2026,126596317.0,150
"CAPSTONE INVESTMENT ADVISORS, LLC",0001426196,0001426196-26-000003,15-MAY-2026,31-MAR-2026,12118949922.0,856
SECURITY NATIONAL BANK OF SO DAK,0001105909,0001105909-26-000002,15-MAY-2026,31-MAR-2026,207490498.0,119
BROOKFIELD Corp /ON/,0001001085,0001193125-26-227044,15-MAY-2026,31-MAR-2026,74228217585.0,132
"Juniper Investment Company, LLC",0001794034,0001214659-26-006457,15-MAY-2026,31-MAR-2026,313100235.0,8
Euclidean Capital LLC,0001825034,0001012975-26-000442,15-MAY-2026,31-MAR-2026,392310878.0,10
CITY OF LONDON INVESTMENT MANAGEMENT CO LTD,0001034546,0001072613-26-000457,15-MAY-2026,31-MAR-2026,1377103275.0,94
"Venrock Adviser, LLC",0001615982,0001615982-26-000011,15-MAY-2026,31-MAR-2026,2679121858.0,33
"Nut Tree Capital Management, LP",0001661655,0001661655-26-000002,15-MAY-2026,31-MAR-2026,245271380.0,4
"MARS JEWETT FINANCIAL GROUP, INC.",0002079098,0002079098-26-000002,15-MAY-2026,31-MAR-2026,315616308.0,37
"Fort Vancouver Investment Management, LLC",0002032698,0002032698-26-000002,15-MAY-2026,31-MAR-2026,196959151.0,59
" INSTITUTIONAL VENTURE MANAGEMENT XV, LLC",0001640275,0001640275-26-000005,15-MAY-2026,31-MAR-2026,75524154.0,3
Orion Resource Partners LP,0002032200,0000905148-26-002383,15-MAY-2026,31-MAR-2026,218859111.0,20
BROWN ADVISORY INC,0001345929,0001345929-26-000028,15-MAY-2026,31-MAR-2026,60855593549.0,1393
Abu Dhabi Investment Council Co P.J.S.C,0001814011,0000929638-26-001911,15-MAY-2026,31-MAR-2026,974754125.0,25
WEDGEWOOD PARTNERS INC,0000859804,0000859804-26-000004,15-MAY-2026,31-MAR-2026,484285577.0,22
"Mork Capital Management, LLC",0001626494,0001626494-26-000005,15-MAY-2026,31-MAR-2026,140854503.0,103
GENDELL JEFFREY L,0001056581,0001214659-26-006484,15-MAY-2026,31-MAR-2026,7341563407.0,101
"Trails Edge Capital Partners, LP",0002077247,0002077247-26-000003,15-MAY-2026,31-MAR-2026,424897522.0,26
VPR Management LLC,0001894203,0001894203-26-000002,15-MAY-2026,31-MAR-2026,250216604.0,65
SMITH THOMAS W,0000926688,0001104659-26-062454,15-MAY-2026,31-MAR-2026,101184927.0,5
Sarissa Capital Management LP,0001577524,0000899140-26-000574,15-MAY-2026,31-MAR-2026,157636958.0,9
Stillwater LLC,0001965218,0001493152-26-023953,15-MAY-2026,31-MAR-2026,0.0,1
"GeoSphere Capital Management, LLC",0001426876,0001214659-26-006453,15-MAY-2026,31-MAR-2026,166176943.0,40
"Masterton Capital Management, LP",0001817145,0001892688-26-000088,15-MAY-2026,31-MAR-2026,109811730.0,19
"JCP Investment Management, LLC",0001461945,0001461945-26-000003,15-MAY-2026,31-MAR-2026,150335487.0,24
"Holt Capital Advisors, L.L.C. dba Holt Capital Partners, L.P.",0001599852,0001599852-26-000002,15-MAY-2026,31-MAR-2026,742261540.0,153
NEW ENGLAND ASSET MANAGEMENT INC,0001004244,0001004244-26-000003,15-MAY-2026,31-MAR-2026,786210848.0,99
Think Investments LP,0001635999,0001635999-26-000002,15-MAY-2026,31-MAR-2026,741627432.0,30
Qtron Investments LLC,0001768099,0001172661-26-002256,15-MAY-2026,31-MAR-2026,737609904.0,421
"Advisors Asset Management, Inc.",0001297376,0002000324-26-001941,15-MAY-2026,31-MAR-2026,6011381844.0,1451
"ExodusPoint Capital Management, LP",0001736225,0001736225-26-000007,15-MAY-2026,31-MAR-2026,196107240.0,40
ORBIMED ADVISORS LLC,0001055951,0001172661-26-002369,15-MAY-2026,31-MAR-2026,4585427111.0,107
Woodline Partners LP,0001784547,0001172661-26-002263,15-MAY-2026,31-MAR-2026,26443824167.0,1022
"PINNEY & SCOFIELD, INC.",0002056763,0002056763-26-000002,15-MAY-2026,31-MAR-2026,185436831.0,243
MALTESE CAPITAL MANAGEMENT LLC,0001040762,0000919574-26-003443,15-MAY-2026,31-MAR-2026,507862817.0,104
"Advent International, L.P.",0001034196,0001193125-26-227070,15-MAY-2026,31-MAR-2026,4244218866.0,30
"IES Holdings, Inc.",0001048268,0001048268-26-000102,15-MAY-2026,31-MAR-2026,213982826.0,13
"Jessup Wealth Management, Inc",0001963536,0001963536-26-000003,15-MAY-2026,31-MAR-2026,273912064.0,77
SELDON CAPITAL LP,0001867731,0002073679-26-000058,15-MAY-2026,31-MAR-2026,272002585.0,65
Jericho Capital Asset Management L.P.,0001525234,0001172661-26-002281,15-MAY-2026,31-MAR-2026,6764675328.0,23
Pentwater Capital Management LP,0001425851,0001140361-26-021678,15-MAY-2026,31-MAR-2026,14070461093.0,60
READYSTATE ASSET MANAGEMENT LP,0001900923,0001214659-26-006468,15-MAY-2026,31-MAR-2026,1712493975.0,404
"SCOPUS ASSET MANAGEMENT, L.P.",0001317583,0001104659-26-062463,15-MAY-2026,31-MAR-2026,3188194067.0,140
"Samjo Management, LLC",0001986590,0000919574-26-003552,15-MAY-2026,31-MAR-2026,231278556.0,55
Radcliff Management LLC,0001911132,0001911132-26-000005,15-MAY-2026,31-MAR-2026,219879900.0,1
Mittelman Wealth Management,0002021464,0002021464-26-000002,15-MAY-2026,31-MAR-2026,160387771.0,52
"Empyrean Capital Partners, LP",0001317195,0001317195-26-000002,15-MAY-2026,31-MAR-2026,3002634983.0,123
SANDLER CAPITAL MANAGEMENT,0001000742,0001140361-26-021674,15-MAY-2026,31-MAR-2026,147198734.0,100
"Whetstone Capital Advisors, LLC",0001607278,0001214659-26-006433,15-MAY-2026,31-MAR-2026,265811033.0,54
Ghisallo Capital Management LLC,0001825214,0001172661-26-002270,15-MAY-2026,31-MAR-2026,3630298935.0,275
"HEADINVEST, LLC",0001372130,0001172661-26-002251,15-MAY-2026,31-MAR-2026,487508125.0,225
"FACT Capital, LP",0001964400,0001420506-26-001141,15-MAY-2026,31-MAR-2026,150395691.0,17
Cerity Partners OCIO LLC,0001519611,0001172661-26-002234,15-MAY-2026,31-MAR-2026,1666952915.0,25
CHEVRON CORP,0000093410,0000950142-26-001418,15-MAY-2026,31-MAR-2026,0.0,1
"SUVRETTA CAPITAL MANAGEMENT, LLC",0001569064,0001172661-26-002340,15-MAY-2026,31-MAR-2026,3687527718.0,88
Scientech Research LLC,0002011556,0001214659-26-006470,15-MAY-2026,31-MAR-2026,119872213.0,449
RAFFLES ASSOCIATES LP,0001169581,0001062993-26-002711,15-MAY-2026,31-MAR-2026,115263971.0,49
KHIS Custodian LP,0002055575,0001193125-26-226589,15-MAY-2026,31-MAR-2026,315591361.0,1
"CONTINENTAL INVESTORS SERVICES, INC.",0000883634,0001754960-26-000389,15-MAY-2026,31-MAR-2026,105835868.0,81
SHUFRO ROSE & CO LLC,0000908195,0000908195-26-000002,15-MAY-2026,31-MAR-2026,1467223592.0,304
"Gallagher Fiduciary Advisors, LLC",0001527781,0001527781-26-000002,15-MAY-2026,31-MAR-2026,2575796341.0,340
Family Manage LLC,0001539947,0001398344-26-009312,15-MAY-2026,31-MAR-2026,833948553.0,305
Alibaba Group Holding Ltd,0001577552,0001104659-26-062448,15-MAY-2026,31-MAR-2026,652572040.0,2
"RIVERNORTH CAPITAL MANAGEMENT, LLC",0001447578,0001398344-26-009303,15-MAY-2026,31-MAR-2026,2000509186.0,542
Paradigm Biocapital Advisors LP,0001855655,0001855655-26-000011,15-MAY-2026,31-MAR-2026,4894261608.0,35
Polar Asset Management Partners Inc.,0001326389,0001326389-26-000039,15-MAY-2026,31-MAR-2026,4211195970.0,659
 PILGRIM GLOBAL ADVISORS LLC,0001963918,0001963918-26-000006,15-MAY-2026,31-MAR-2026,772374400.0,3
"Saba Capital Management, L.P.",0001510281,0001062993-26-002707,15-MAY-2026,31-MAR-2026,3121262905.0,367
STUDIO INVESTMENT MANAGEMENT LLC,0001893893,0001893893-26-000007,15-MAY-2026,31-MAR-2026,554648596.0,184
Deer Park Road Corp,0001702490,0001172661-26-002306,15-MAY-2026,31-MAR-2026,22200274.0,5
APPALOOSA LP,0001656456,0001656456-26-000002,15-MAY-2026,31-MAR-2026,5933477986.0,31
Owlhouse Capital LP,0002007953,0001892688-26-000092,15-MAY-2026,31-MAR-2026,75277002.0,21
"Shellback Capital, LP",0001591744,0000902664-26-002514,15-MAY-2026,31-MAR-2026,702629048.0,79
"Kinloch Capital, LLC",0001818557,0001818557-26-000002,15-MAY-2026,31-MAR-2026,245220914.0,83
HERSHEY TRUST CO,0000908551,0000950142-26-001417,15-MAY-2026,31-MAR-2026,11758295514.0,3
ClearAlpha Technologies LP,0001972331,0001172661-26-002257,15-MAY-2026,31-MAR-2026,48644460.0,74
"Lykos Global Management, LP",0002009895,0002009895-26-000004,15-MAY-2026,31-MAR-2026,30377150.0,3
Covalis Capital LLP,0001698819,0001172661-26-002319,15-MAY-2026,31-MAR-2026,1624597767.0,122
CAT ROCK CAPITAL MANAGEMENT LP,0001654648,0001214659-26-006432,15-MAY-2026,31-MAR-2026,643619395.0,14
"Flight Deck Capital, LP",0001861705,0001214659-26-006452,15-MAY-2026,31-MAR-2026,137476674.0,10
"CPV Partners, LLC",0001763844,0000919574-26-003459,15-MAY-2026,31-MAR-2026,224200236.0,4
VALUEWORKS LLC,0001282189,0001282189-26-000002,15-MAY-2026,31-MAR-2026,366883591.0,35
"METEORA CAPITAL, LLC",0001905106,0001905106-26-000114,15-MAY-2026,31-MAR-2026,1355808864.0,384
Karl Kapital LLC,0002058849,0001214659-26-006458,15-MAY-2026,31-MAR-2026,144354481.0,22
"Foresite Capital Management IV, LLC",0001704132,0001104659-26-062462,15-MAY-2026,31-MAR-2026,237082221.0,8
"BIGLARI, SARDAR",0001334430,0000921895-26-001420,15-MAY-2026,31-MAR-2026,50905295.0,10
TYNDALL CAPITAL PARTNERS L P,0001219314,0001493152-26-023755,15-MAY-2026,31-MAR-2026,0.0,1
"Anchorage Capital Advisors, L.P.",0002007642,0000905148-26-002368,15-MAY-2026,31-MAR-2026,178998990.0,5
"Brave Warrior Advisors, LLC",0001553733,0001172661-26-002294,15-MAY-2026,31-MAR-2026,4040158246.0,36
"Lagoda Investment Management, L.P.",0001632108,0001493152-26-023723,15-MAY-2026,31-MAR-2026,162161301.0,25
"MSD CAPITAL, L.P.",0001105497,0001104659-26-062571,15-MAY-2026,31-MAR-2026,87329264.0,3
Ardmore Road Asset Management LP,0001835730,0001835730-26-000006,15-MAY-2026,31-MAR-2026,1518661796.0,64
DSC Meridian Capital LP,0001970572,0001970572-26-000004,15-MAY-2026,31-MAR-2026,236483898.0,12
Alden Global Capital LLC,0001616882,0000905148-26-002344,15-MAY-2026,31-MAR-2026,177003015.0,14
"Envision Financial Planning, LLC",0001964460,0001964460-26-000002,15-MAY-2026,31-MAR-2026,276387179.0,51
NVIDIA CORP,0001045810,0001045810-26-000042,15-MAY-2026,31-MAR-2026,18374354150.0,7
"Inspire Advisors, LLC",0001810558,0001172661-26-002259,15-MAY-2026,31-MAR-2026,1226994233.0,656
"IMG Wealth Management, Inc.",0002032103,0001398344-26-009321,15-MAY-2026,31-MAR-2026,156873871.0,506
Delta Global Management LP,0001992724,0001172661-26-002242,15-MAY-2026,31-MAR-2026,1221619540.0,154
JS Capital Management LLC,0001562668,0001420506-26-001160,15-MAY-2026,31-MAR-2026,108995302.0,1
"Norinchukin Bank, The",0001496637,0000905148-26-002338,15-MAY-2026,31-MAR-2026,8567167693.0,560
"INDEPENDENT FINANCIAL GROUP, LLC",0000275484,0000275484-26-000006,15-MAY-2026,31-MAR-2026,4457426883.0,1447
"BDT CAPITAL PARTNERS, LLC",0001510974,0001193125-26-226785,15-MAY-2026,31-MAR-2026,3510715766.0,3
"Yorktown Energy Partners X, L.P.",0001577919,0001140361-26-021709,15-MAY-2026,31-MAR-2026,69494309.0,4
MAGNOLIA CAPITAL ADVISORS LLC,0001803662,0001765380-26-000216,15-MAY-2026,31-MAR-2026,508667808.0,281
Khrom Capital Management LLC,0001877963,0001172661-26-002292,15-MAY-2026,31-MAR-2026,1093328140.0,14
"Point72 Asset Management, L.P.",0001603466,0000919574-26-003476,15-MAY-2026,31-MAR-2026,57502005102.0,1983
44 WEALTH MANAGEMENT LLC,0001831187,0001765380-26-000215,15-MAY-2026,31-MAR-2026,285870091.0,183
"Marino Management, LLC",0001845680,0001999371-26-010876,15-MAY-2026,31-MAR-2026,547174219.0,11
OCCUDO QUANTITATIVE STRATEGIES LP,0001819697,0001420506-26-001140,15-MAY-2026,31-MAR-2026,1838471506.0,727
"RUSH ISLAND MANAGEMENT, LP",0001736465,0001214659-26-006469,15-MAY-2026,31-MAR-2026,1490688894.0,22
"CANTOR FITZGERALD, L. P.",0001024896,0000929638-26-001888,15-MAY-2026,31-MAR-2026,2759781444.0,203
"Glen Eagle Advisors, LLC",0002029317,0002029317-26-000003,15-MAY-2026,31-MAR-2026,713883761.0,1021
LAZARD ASSET MANAGEMENT LLC,0001207017,0001207017-26-000036,15-MAY-2026,31-MAR-2026,60736669968.0,1844
QVT Financial LP,0001290162,0001193125-26-226358,15-MAY-2026,31-MAR-2026,1265968472.0,67
"Keating Financial Advisory Services, Inc.",0002103443,0002103443-26-000002,15-MAY-2026,31-MAR-2026,618830890.0,2570
11 Capital Partners LP,0001801172,0000902664-26-002527,15-MAY-2026,31-MAR-2026,308828927.0,19
"Navis Wealth Advisors, LLC",0001849055,0001951757-26-000882,15-MAY-2026,31-MAR-2026,195993781.0,175
FLOW TRADERS U.S. LLC,0001466697,0001466697-26-000021,15-MAY-2026,31-MAR-2026,3161376.0,985
BOONE CAPITAL MANAGEMENT LLC,0001882053,0001214659-26-006448,15-MAY-2026,31-MAR-2026,326408252.0,13
VANGUARD CAPITAL MANAGEMENT LLC,0002100119,0002100119-26-001311,15-MAY-2026,31-MAR-2026,3995910438125.0,3982
"Vision One Management Partners, LP",0001979969,0001636587-26-000033,15-MAY-2026,31-MAR-2026,232042984.0,9
"Horizon Investment Services, LLC",0001426940,0001426940-26-000004,15-MAY-2026,31-MAR-2026,287513364.0,137
One Madison Group LLC,0001728278,0001420506-26-001149,15-MAY-2026,31-MAR-2026,865782195.0,28
"Vanguard Investments Australia, Ltd.",0001550100,0001550100-26-000008,15-MAY-2026,31-MAR-2026,339142847.0,37
"VK Services, LLC",0001501927,0001193125-26-226786,15-MAY-2026,31-MAR-2026,542836.0,1
"CDC Financial, Inc.",0002077836,0000921895-26-001386,15-MAY-2026,31-MAR-2026,120732613.0,38
MENDON CAPITAL ADVISORS CORP,0001177043,0001177043-26-000002,15-MAY-2026,31-MAR-2026,257964822.0,53
"Pershing Square Capital Management, L.P.",0001336528,0001172661-26-002336,15-MAY-2026,31-MAR-2026,13714299861.0,11
"D. E. Shaw & Co., Inc.",0001009207,0001104659-26-062472,15-MAY-2026,31-MAR-2026,126944245158.0,3200
Taconic Capital Advisors LP,0001390113,0001390113-26-000011,15-MAY-2026,31-MAR-2026,140027293.0,11
"Yorktown Energy Partners XI, L.P.",0001667954,0001140361-26-021707,15-MAY-2026,31-MAR-2026,141533967.0,4
Smartleaf Asset Management LLC,0002010393,0002010393-26-000003,15-MAY-2026,31-MAR-2026,2768615589.0,3510
Wealth Management Nebraska,0002042783,0001172661-26-002265,15-MAY-2026,31-MAR-2026,987306884.0,100
"Legacy PCG, LLC",0001952532,0001951757-26-000885,15-MAY-2026,31-MAR-2026,18352796.0,24
Parkwood LLC,0001597823,0001597823-26-000005,15-MAY-2026,31-MAR-2026,1126792.0,85
"Vennlight Capital Management, LP",0002013462,0001214659-26-006479,15-MAY-2026,31-MAR-2026,98957178.0,18
Gimbel Daniel Scott,0001867040,0000921895-26-001395,15-MAY-2026,31-MAR-2026,435076276.0,2
"SummitTX Capital, L.P.",0002052310,0000905148-26-002402,15-MAY-2026,31-MAR-2026,3131447073.0,738
FIRST SABREPOINT CAPITAL MANAGEMENT LP,0001731530,0001731530-26-000003,15-MAY-2026,31-MAR-2026,244642597.0,27
"Elmind Capital, LP",0002052213,0001013594-26-000602,15-MAY-2026,31-MAR-2026,352219185.0,34
"Pitti Group Wealth Management, LLC",0001909664,0001951757-26-000883,15-MAY-2026,31-MAR-2026,123193887.0,81
Himalaya Capital Management LLC,0001709323,0002043585-26-000013,15-MAY-2026,31-MAR-2026,3201226867.0,14
Squadron Capital Management LLC,0002050709,0002050709-26-000017,15-MAY-2026,31-MAR-2026,249959291.0,30
Alpine Investment Management Ltd,0001964631,0001964631-26-000003,15-MAY-2026,31-MAR-2026,205887168.0,10
Boussard & Gavaudan Investment Management LLP,0001614986,0001614986-26-000005,15-MAY-2026,31-MAR-2026,1041573982.0,84
"Catalio Capital Management, LP",0001958125,0001958125-26-000003,15-MAY-2026,31-MAR-2026,478704496.0,41
Panoramic Hills Capital Ltd,0002083095,0002083095-26-000003,15-MAY-2026,31-MAR-2026,280326800.0,2
"BLUEFIN CAPITAL MANAGEMENT, LLC",0001144208,0001144208-26-000005,15-MAY-2026,31-MAR-2026,103191740.0,76
"BASSO CAPITAL MANAGEMENT, L.P.",0001287978,0001013594-26-000590,15-MAY-2026,31-MAR-2026,163404367.0,137
"HMI Capital Management, L.P.",0001469026,0001469026-26-000004,15-MAY-2026,31-MAR-2026,754263202.0,11
"Warther Private Wealth, LLC",0001954551,0001954551-26-000004,15-MAY-2026,31-MAR-2026,426529864.0,40
"LIGHT STREET CAPITAL MANAGEMENT, LLC",0001569049,0000935836-26-000261,15-MAY-2026,31-MAR-2026,497323002.0,23
GUARDIAN CAPITAL LP,0001224324,0001062993-26-002683,15-MAY-2026,31-MAR-2026,3780807796.0,160
"Stadion Money Management, LLC",0001321220,0001398344-26-009219,15-MAY-2026,31-MAR-2026,994359.0,26
Regal Partners Ltd,0001577774,0001577774-26-000005,15-MAY-2026,31-MAR-2026,1839418169.0,106
RETIREMENT CAPITAL STRATEGIES,0001672681,0001214659-26-006225,15-MAY-2026,31-MAR-2026,264597333.0,62
Caligan Partners LP,0001727492,0001420506-26-001039,15-MAY-2026,31-MAR-2026,1413845692.0,24
"GENERAL ATLANTIC, L.P.",0001017645,0000950142-26-001406,15-MAY-2026,31-MAR-2026,2148421589.0,12
Sand Grove Capital Management LLP,0001665077,0001665077-26-000011,15-MAY-2026,31-MAR-2026,427549873.0,18
"Joseph P. Lucia & Associates, LLC",0001775391,0001172661-26-002008,15-MAY-2026,31-MAR-2026,279715955.0,169
Resolution Capital Ltd,0001612389,0001172661-26-002080,15-MAY-2026,31-MAR-2026,4756032644.0,40
"Slotnik Capital, LLC",0001963764,0001963764-26-000003,15-MAY-2026,31-MAR-2026,336555098.0,24
Zeno Equity Partners LLP,0002013334,0002013334-26-000007,15-MAY-2026,31-MAR-2026,246431033.0,13
HUNTINGTON NATIONAL BANK,0000049205,0000049205-26-000004,15-MAY-2026,31-MAR-2026,18123488859.0,4597
FEARNLEY ASSET MANAGEMENT AS,0002056821,0001892688-26-000082,15-MAY-2026,31-MAR-2026,306034666.0,19
INTREPID CAPITAL MANAGEMENT INC,0001092838,0001092838-26-000002,15-MAY-2026,31-MAR-2026,260548228.0,106
PRICE T ROWE ASSOCIATES INC /MD/,0000080255,0000080255-26-000381,15-MAY-2026,31-MAR-2026,864926710.0,3133
O'Connor Alternative Investments LLC,0002081629,0002081629-26-000003,15-MAY-2026,31-MAR-2026,1165977682.0,121
Bernard Wealth Management Corp.,0002056313,0002056313-26-000003,15-MAY-2026,31-MAR-2026,234386858.0,360
"State of Tennessee, Department of Treasury",0001587973,0001587973-26-000002,15-MAY-2026,31-MAR-2026,29752883336.0,1721
Makaira Partners LLC,0001540866,0001540866-26-000002,15-MAY-2026,31-MAR-2026,0.0,1
"HoldCo Asset Management, LP",0001724246,0001724246-26-000003,15-MAY-2026,31-MAR-2026,1343600550.0,29
"Cambria Investment Management, L.P.",0001529389,0001172661-26-002010,15-MAY-2026,31-MAR-2026,1790491768.0,643
SALT Holding Corp.,1996109,0001996109-26-000005,15-MAY-2026,31-MAR-2026,162776814.0,23
Peak XV Partners Operations LLC,0001886840,0001104659-26-061783,15-MAY-2026,31-MAR-2026,109855475.0,1
"Summit Street Capital Management, LLC",0001595533,0001595533-26-000003,15-MAY-2026,31-MAR-2026,707330483.0,31
"Cladis Investment Advisory, LLC",0001911520,0001911520-26-000002,15-MAY-2026,31-MAR-2026,181742334.0,159
"Harraden Circle Investments, LLC",0001910592,0001910592-26-000004,15-MAY-2026,31-MAR-2026,499011040.0,180
WESTWOOD HOLDINGS GROUP INC,0001165002,0001165002-26-000038,15-MAY-2026,31-MAR-2026,13729574599.0,461
"Sentinel Dome Partners, LLC",0002114194,0001104659-26-061976,15-MAY-2026,31-MAR-2026,105102434.0,29
BRIGHTLIGHT CAPITAL MANAGEMENT LP,0001802838,0001802838-26-000004,15-MAY-2026,31-MAR-2026,101373086.0,8
NOMURA HOLDINGS INC,0001163653,0000905148-26-002310,15-MAY-2026,31-MAR-2026,12008377577.0,1049
"Financial Advisors Network, Inc.",0001697856,0001697856-26-000003,15-MAY-2026,31-MAR-2026,724252651.0,204
"Gem Investment Advisors, LLC",0001580018,0001580018-26-000004,15-MAY-2026,31-MAR-2026,101673921.0,34
Paradice Investment Management LLC,0001620275,0001172661-26-002013,15-MAY-2026,31-MAR-2026,532367856.0,23
SurgoCap Partners LP,0001960830,0000919574-26-003167,15-MAY-2026,31-MAR-2026,2994808547.0,14
OAK HILL ADVISORS LP,0001164688,0001172661-26-002205,15-MAY-2026,31-MAR-2026,877935141.0,12
"Tradition Wealth Management, LLC",0001843010,0001843010-26-000003,15-MAY-2026,31-MAR-2026,1405462791.0,511
CHARLES SCHWAB INVESTMENT MANAGEMENT INC,0000884546,0001752724-26-000037,15-MAY-2026,31-MAR-2026,654472719006.0,3455
AVALON CAPITAL MANAGEMENT,0001510809,0001172661-26-002005,15-MAY-2026,31-MAR-2026,354229709.0,121
"WestCap Management, LLC",0001838470,0000902664-26-002461,15-MAY-2026,31-MAR-2026,194894981.0,2
OSTERWEIS CAPITAL MANAGEMENT INC,0001007524,0001007524-26-000002,15-MAY-2026,31-MAR-2026,1938865854.0,229
"Rule One Partners, LLC",0002040263,0002040263-26-000003,15-MAY-2026,31-MAR-2026,100514371.0,10
"Greenhaven Road Investment Management, L.P.",0001741129,0001420506-26-001077,15-MAY-2026,31-MAR-2026,145360996.0,17
"Starwood Capital Group Management, L.L.C.",0001388788,0001104659-26-062431,15-MAY-2026,31-MAR-2026,187847004.0,6
"Foresite Capital Management V, LLC",0001792206,0001104659-26-062464,15-MAY-2026,31-MAR-2026,270996711.0,9
"RICE HALL JAMES & ASSOCIATES, LLC",0001230765,0001172661-26-002239,15-MAY-2026,31-MAR-2026,1795742660.0,243
"Bison Wealth, LLC",0001845251,0001493152-26-023586,15-MAY-2026,31-MAR-2026,1029478404.0,453
"Scepter Holdings, Inc.",0001167376,0001469589-26-000007,15-MAY-2026,31-MAR-2026,0.0,1
"72 Investment Holdings, LLC",0001832749,0000919574-26-003468,15-MAY-2026,31-MAR-2026,49601478.0,5
MCDONALD PARTNERS LLC,0001331074,0001172661-26-002252,15-MAY-2026,31-MAR-2026,424019023.0,208
MIRAE ASSET GLOBAL ETFS HOLDINGS Ltd.,0001705339,0000905148-26-002329,15-MAY-2026,31-MAR-2026,73736046921.0,3122
TOMS Capital Investment Management LP,0001743937,0000902664-26-002526,15-MAY-2026,31-MAR-2026,1522050740.0,14
Davidson Kempner Capital Management LP,0001595082,0001595082-26-000046,15-MAY-2026,31-MAR-2026,4645752160.0,223
"Tenzing Global Management, LLC",0001624095,0001214659-26-006474,15-MAY-2026,31-MAR-2026,120556000.0,14
Hein Park Capital Management LP,0001826937,0000899140-26-000575,15-MAY-2026,31-MAR-2026,61309248.0,1
"DARLINGTON PARTNERS CAPITAL MANAGEMENT, LP",0001854440,0002073679-26-000062,15-MAY-2026,31-MAR-2026,2225835565.0,10
STEEL PARTNERS HOLDINGS L.P.,0001452857,0000921895-26-001412,15-MAY-2026,31-MAR-2026,96401879.0,10
"Foxhaven Asset Management, LP",0001590531,0001172661-26-002313,15-MAY-2026,31-MAR-2026,3186340750.0,14
COMMON FUND FOR NONPROFIT ORGANIZATIONS,0002022949,0000905148-26-002350,15-MAY-2026,31-MAR-2026,1034921156.0,26
"Owl Creek Asset Management, L.P.",0001313756,0001172661-26-002379,15-MAY-2026,31-MAR-2026,517545752.0,21
EARNEST PARTNERS LLC,0001102578,0001102578-26-000033,15-MAY-2026,31-MAR-2026,24253531627.0,295
KENSICO CAPITAL MANAGEMENT CORP,0001113000,0001193125-26-226587,15-MAY-2026,31-MAR-2026,4897537475.0,20
PAR CAPITAL MANAGEMENT INC,0001051359,0001051359-26-000005,15-MAY-2026,31-MAR-2026,3439611486.0,45
STEADFAST CAPITAL MANAGEMENT LP,0001214822,0001214822-26-000004,15-MAY-2026,31-MAR-2026,2652394099.0,67
TEXAS TREASURY SAFEKEEPING TRUST CO,0001176347,0001176347-26-000002,15-MAY-2026,31-MAR-2026,620149.0,4
Optiver Holding B.V.,0001859606,0001859606-26-000002,15-MAY-2026,31-MAR-2026,2643217760.0,1881
"Note Advisors, LLC",0002056243,0002056243-26-000002,15-MAY-2026,31-MAR-2026,200083260.0,85
KELLY LAWRENCE W & ASSOCIATES INC/CA,0000920441,0000920441-26-000002,15-MAY-2026,31-MAR-2026,359711932.0,124
WHITEBOX ADVISORS LLC,0001257391,0001257391-26-000004,15-MAY-2026,31-MAR-2026,6946110282.0,545
"Condire Management, LP",0001847739,0001847739-26-000002,15-MAY-2026,31-MAR-2026,1034724416.0,19
"Ashe Capital Management, LP",0001632715,0001172661-26-002047,15-MAY-2026,31-MAR-2026,797371962.0,7
ELWOOD CAPITAL PARTNERS LP,0002050159,0001420506-26-001014,15-MAY-2026,31-MAR-2026,103587913.0,27
Grand Alliance Asset Management Ltd,0001986124,0000905148-26-002314,15-MAY-2026,31-MAR-2026,165169790.0,13
"SCALAR GAUGE MANAGEMENT, LLC",0001965542,0001965542-26-000007,15-MAY-2026,31-MAR-2026,103672459.0,25
Crow's Nest Holdings LP,0001898772,0001898772-26-000006,15-MAY-2026,31-MAR-2026,427741584.0,11
"Crestline Management, L.P.",0001536054,0001315863-26-000412,15-MAY-2026,31-MAR-2026,46267385.0,3
Advaya LLP,0002056686,0002056686-26-000003,15-MAY-2026,31-MAR-2026,143775470.0,7
"Quantitative Investment Management, LLC",0001445911,0001445911-26-000003,15-MAY-2026,31-MAR-2026,962535.0,363
BlueCrest Capital Management Ltd,0001610880,0001610880-26-000011,15-MAY-2026,31-MAR-2026,1064323700.0,184
"Synergy Investment Management, LLC",0002053786,0002053786-26-000002,15-MAY-2026,31-MAR-2026,305746684.0,910
Tiger Pacific Capital LP,0001664492,0001664492-26-000005,15-MAY-2026,31-MAR-2026,214436920.0,9
"Cascades Capital Asset Management, LLC",0002035512,0001398344-26-009234,15-MAY-2026,31-MAR-2026,238600878.0,158
"CAS Investment Partners, LLC",0001697591,0001697591-26-000003,15-MAY-2026,31-MAR-2026,1748117080.0,5
"Omega Fund Management, LLC",0001637359,0001193125-26-225480,15-MAY-2026,31-MAR-2026,163149231.0,10
"BRIDGER MANAGEMENT, LLC",0001166309,0001166309-26-000003,15-MAY-2026,31-MAR-2026,127971446.0,24
"Integral Health Asset Management, LLC",0001773206,0001172661-26-002081,15-MAY-2026,31-MAR-2026,1889905680.0,86
"SABBY MANAGEMENT, LLC",0001535610,0001104659-26-061764,15-MAY-2026,31-MAR-2026,5711327.0,22
Headwater Capital Co Ltd,0002036346,0002036346-26-000006,15-MAY-2026,31-MAR-2026,621950350.0,15
Coppell Advisory Solutions LLC,0001848433,0001062993-26-002673,15-MAY-2026,31-MAR-2026,169820460.0,39
"Logan Stone Capital, LLC",0001535521,0001214659-26-006461,15-MAY-2026,31-MAR-2026,360096643.0,133
"SCGE MANAGEMENT, L.P.",0001537530,0000905148-26-002396,15-MAY-2026,31-MAR-2026,3299867477.0,21
"Wealth Architects, LLC",0001611518,0001611518-26-000006,15-MAY-2026,31-MAR-2026,1121884237.0,244
"ALTA FOX CAPITAL MANAGEMENT, LLC",0001858353,0001858353-26-000003,15-MAY-2026,31-MAR-2026,377796993.0,9
Michael & Susan Dell Foundation,0001599858,0001104659-26-062560,15-MAY-2026,31-MAR-2026,2849573522.0,8
Troluce Capital Advisors LLC,0001910321,0001892688-26-000091,15-MAY-2026,31-MAR-2026,944676776.0,46
"Panoramic Capital, LLC",0001950490,0001950490-26-000004,15-MAY-2026,31-MAR-2026,142415485.0,38
" SAMSARA BIOCAPITAL, LLC",0001744967,0001744967-26-000005,15-MAY-2026,31-MAR-2026,1029103106.0,22
"Cerberus Capital Management, L.P.",0001525907,0001493152-26-023731,15-MAY-2026,31-MAR-2026,2632596597.0,13
Cander Asset Management LP,0002082399,0001214659-26-006449,15-MAY-2026,31-MAR-2026,557111087.0,43
Clearline Capital LP,0001600136,0001600136-26-000006,15-MAY-2026,31-MAR-2026,1285611472.0,104
"Darwin Global Management, Ltd.",0001839209,0001892688-26-000087,15-MAY-2026,31-MAR-2026,3770700990.0,6
INKWELL CAPITAL LLC,0002050138,0002050138-26-000002,15-MAY-2026,31-MAR-2026,98206281.0,31
"S SQUARED TECHNOLOGY, LLC",0001322924,0001322924-26-000009,15-MAY-2026,31-MAR-2026,264207289.0,35
G2 Investment Partners Management LLC,0001593404,0001172661-26-002321,15-MAY-2026,31-MAR-2026,406138119.0,71
Tidal Investments LLC,0001600064,0002000324-26-001933,15-MAY-2026,31-MAR-2026,32066834823.0,2017
Duquesne Family Office LLC,0001536411,0001536411-26-000004,15-MAY-2026,31-MAR-2026,2937172.0,65
"ATLANTIC INVESTMENT MANAGEMENT, INC.",0001063296,0001493152-26-023724,15-MAY-2026,31-MAR-2026,171658756.0,12
Sharp Capital Gestora de Recursos Ltda.,0001818890,0000899140-26-000542,15-MAY-2026,31-MAR-2026,191162107.0,6
HANCOCK WHITNEY CORP,0000750577,0001193125-26-226476,15-MAY-2026,31-MAR-2026,5752922349.0,749
Cerity Partners Retirement Plan Advisors LLC,0002128338,0001172661-26-002246,15-MAY-2026,31-MAR-2026,195676259.0,31
26North Partners LP,0001950972,0002073679-26-000061,15-MAY-2026,31-MAR-2026,57927456.0,1
 CROSSLINK CAPITAL INC,0001104329,0001104329-26-000008,15-MAY-2026,31-MAR-2026,1021785615.0,21
FAIRHOLME CAPITAL MANAGEMENT LLC,0001056831,0000919574-26-003485,15-MAY-2026,31-MAR-2026,1514192261.0,10
Hudson Executive Capital LP,0001652522,0001214659-26-006455,15-MAY-2026,31-MAR-2026,150908432.0,2
Graham Holdings Co,0000104889,0001628280-26-035583,15-MAY-2026,31-MAR-2026,966719.0,6
Stenham Asset Management (UK) Plc,0002093782,0001214659-26-006473,15-MAY-2026,31-MAR-2026,0.0,1
Fourthstone LLC,0001767803,0001420506-26-001159,15-MAY-2026,31-MAR-2026,589981611.0,62
BRAIDWELL LP,0001920938,0001420506-26-001145,15-MAY-2026,31-MAR-2026,2997744331.0,88
Durable Capital Partners LP,0001798849,0001798849-26-000006,15-MAY-2026,31-MAR-2026,9713928029.0,37
Covalis (Gibraltar) Ltd,0001876826,0001172661-26-002324,15-MAY-2026,31-MAR-2026,22537110.0,2
Global Frontier Investments LLC,0001821219,0001821219-26-000004,15-MAY-2026,31-MAR-2026,732008.0,30
"GRIZZLYROCK CAPITAL, LLC",0002011732,0001214659-26-006454,15-MAY-2026,31-MAR-2026,126300061.0,18
COOPER CREEK PARTNERS MANAGEMENT LLC,0001512162,0001512162-26-000014,15-MAY-2026,31-MAR-2026,2079488.0,93
CITY NATIONAL BANK OF FLORIDA /MSD,0000709447,0000709447-26-000002,15-MAY-2026,31-MAR-2026,167726839.0,127
Voleon Capital Management LP,0001479847,0001062993-26-002697,15-MAY-2026,31-MAR-2026,4637850175.0,780
WARBURG PINCUS LLC,0001162870,0001104659-26-062578,15-MAY-2026,31-MAR-2026,343468633.0,3
SOF Ltd,0001697569,0001172661-26-002315,15-MAY-2026,31-MAR-2026,278881456.0,1
Flat Footed LLC,0001799456,0001799456-26-000009,15-MAY-2026,31-MAR-2026,300332970.0,15
"VISTA EQUITY PARTNERS MANAGEMENT, LLC",0001569532,0001172661-26-002290,15-MAY-2026,31-MAR-2026,42655298.0,2
Jain Global LLC,0002024579,0000902664-26-002531,15-MAY-2026,31-MAR-2026,7842294877.0,913
"DEERFIELD MANAGEMENT COMPANY, L.P.",0001009258,0001213900-26-057678,15-MAY-2026,31-MAR-2026,8476379716.0,82
"ARCH Venture Management, LLC",0001274403,0001012975-26-000461,15-MAY-2026,31-MAR-2026,677093705.0,10
"Wick Capital Partners, LLC",0001904388,0001904388-26-000004,15-MAY-2026,31-MAR-2026,548247298.0,224
Ridgeback Capital Investments L.P.,0001423994,0001104659-26-062542,15-MAY-2026,31-MAR-2026,0.0,1
Deer Management Co. LLC,0001494127,0001193125-26-226776,15-MAY-2026,31-MAR-2026,622286345.0,9
Tensile Capital Management LP,0001598843,0002080880-26-000012,15-MAY-2026,31-MAR-2026,698493583.0,25
Brevan Howard Capital Management LP,0001512857,0000905148-26-002360,15-MAY-2026,31-MAR-2026,10024740478.0,2012
PEAPACK GLADSTONE FINANCIAL CORP,0001050743,0001050743-26-000007,15-MAY-2026,31-MAR-2026,7817433.0,651
"Widmann Financial Services, Inc.",0001906640,0001906640-26-000002,15-MAY-2026,31-MAR-2026,168149029.0,121
H/2 CREDIT MANAGER LP,0001813784,0001813784-26-000005,15-MAY-2026,31-MAR-2026,499673.0,19
MAVERICK CAPITAL LTD,0000934639,0000947871-26-000553,15-MAY-2026,31-MAR-2026,8599101588.0,239
GW HENSSLER & ASSOCIATES LTD,0001080369,0001172661-26-002261,15-MAY-2026,31-MAR-2026,2122987570.0,232
"Portolan Capital Management, LLC",0001350290,0001104659-26-062488,15-MAY-2026,31-MAR-2026,1878962983.0,144
Capricorn Investment Group LLC,0001536261,0001104659-26-062440,15-MAY-2026,31-MAR-2026,601532818.0,7
"CORSAIR CAPITAL MANAGEMENT, L.P.",0001276470,0001013594-26-000609,15-MAY-2026,31-MAR-2026,673025829.0,151
"Michelson Medical Research Foundation, Inc.",0001965304,0001965304-26-000002,15-MAY-2026,31-MAR-2026,98503415.0,21
Irth Capital Management LP,0002046144,0002046144-26-000005,15-MAY-2026,31-MAR-2026,52779782.0,1
COATUE MANAGEMENT LLC,0001135730,0000919574-26-003501,15-MAY-2026,31-MAR-2026,29056031305.0,62
Providence Equity Partners L.L.C.,0001492133,0000899140-26-000580,15-MAY-2026,31-MAR-2026,565091808.0,3
"LSP Investment Advisors, LLC",0001728850,0001172661-26-002309,15-MAY-2026,31-MAR-2026,137693931.0,19
Palo Alto Investors LP,0001306923,0001306923-26-000004,15-MAY-2026,31-MAR-2026,653863097.0,51
Legend Capital Advisors LLC,0002111719,0002111719-26-000002,15-MAY-2026,31-MAR-2026,159977147.0,159
MARATHON ASSET MANAGEMENT LP,0001279913,0001493152-26-023720,15-MAY-2026,31-MAR-2026,11382913.0,2
"TPG GP A, LLC",0001903793,0001903793-26-000002,15-MAY-2026,31-MAR-2026,3678946663.0,76
SECURITY NATIONAL BANK OF SIOUX CITY IOWA /IA/,0000894309,0000894309-26-000002,15-MAY-2026,31-MAR-2026,169162786.0,104
EdgePoint Investment Group Inc.,0001481669,0001481669-26-000004,15-MAY-2026,31-MAR-2026,12475197539.0,37
"Parsifal Capital Management, LP",0001776090,0001776090-26-000003,15-MAY-2026,31-MAR-2026,774600071.0,17
"Rangeley Capital, LLC",0001517796,0001892688-26-000089,15-MAY-2026,31-MAR-2026,92629867.0,133
MARSHFIELD ASSOCIATES,0000914976,0001172661-26-002329,15-MAY-2026,31-MAR-2026,4992921463.0,17
"WESTERLY CAPITAL MANAGEMENT, LLC",0001546172,0002073679-26-000057,15-MAY-2026,31-MAR-2026,324499230.0,36
Greenland Capital Management LP,0001896430,0001896430-26-000003,15-MAY-2026,31-MAR-2026,500446498.0,222
"Nokomis Capital, L.L.C.",0001541055,0001214659-26-006463,15-MAY-2026,31-MAR-2026,330722388.0,47
Potrero Capital Research LLC,0001536630,0001536630-26-000005,15-MAY-2026,31-MAR-2026,162920103.0,31
"Gotham Asset Management, LLC",0001510387,0001398344-26-009299,15-MAY-2026,31-MAR-2026,32652425993.0,1749
"Hook Mill Capital Partners, LP",0001943395,0001943395-26-000004,15-MAY-2026,31-MAR-2026,1133521703.0,39
"Westchester Capital Management, LLC",0001512805,0001512805-26-000005,15-MAY-2026,31-MAR-2026,2066712087.0,297
"Insight Holdings Group, LLC",0001305473,0000899140-26-000530,15-MAY-2026,31-MAR-2026,1424671137.0,28
"Science & Technology Partners, L.P.",0002029433,0002029433-26-000003,15-MAY-2026,31-MAR-2026,381821583.0,42
Prosperitas Financial LLC,0002001016,0001172661-26-002348,15-MAY-2026,31-MAR-2026,268417342.0,93
KKM Financial LLC,0002001943,0002001943-26-000002,15-MAY-2026,31-MAR-2026,563180514.0,168
UNTITLED INVESTMENTS LP,0001808696,0000902664-26-002519,15-MAY-2026,31-MAR-2026,268572669.0,16
Circumference Group LLC,0001742372,0001420506-26-001158,15-MAY-2026,31-MAR-2026,44635776.0,13
"Stieven Capital Advisors, L.P.",0001388279,0000902664-26-002518,15-MAY-2026,31-MAR-2026,468085392.0,35
Maple Rock Capital Partners Inc.,0001658363,0001658363-26-000005,15-MAY-2026,31-MAR-2026,3073484583.0,44
Triveni Capital Investments LP,0002062730,0001214659-26-006430,15-MAY-2026,31-MAR-2026,100942101.0,14
"FTV Management Company, L.P.",0002021589,0002021589-26-000002,15-MAY-2026,31-MAR-2026,540661763.0,1
"GLENVIEW CAPITAL MANAGEMENT, LLC",0001138995,0000905148-26-002354,15-MAY-2026,31-MAR-2026,3694219212.0,41
"Ursa Fund Management, LLC",0001693838,0001693838-26-000003,15-MAY-2026,31-MAR-2026,32685275.0,11
BERKLEY W R CORP,0000011544,0000899140-26-000586,15-MAY-2026,31-MAR-2026,1861376127.0,345
Murchinson Ltd.,0001838556,0001838556-26-000009,15-MAY-2026,31-MAR-2026,248805392.0,60
"Heights Point Management, LP",0002050231,0000905148-26-002353,15-MAY-2026,31-MAR-2026,107861618.0,21
"Twin Securities, Inc.",0001351351,0001172661-26-002293,15-MAY-2026,31-MAR-2026,202312145.0,16
Two Seas Capital LP,0001823138,0001315863-26-000426,15-MAY-2026,31-MAR-2026,2166712077.0,35
Madrid Financial Services,0002135336,0002135336-26-000002,15-MAY-2026,31-MAR-2026,169366488.0,26
"Abdiel Capital Advisors, LP",0001578684,0001578684-26-000001,15-MAY-2026,31-MAR-2026,52045158.0,5
"Gates Capital Management, Inc.",0001312908,0001172661-26-002331,15-MAY-2026,31-MAR-2026,2898581894.0,31
"VORPAL, LLC",0001802614,0000905148-26-002341,15-MAY-2026,31-MAR-2026,31983045.0,2
Northwoods Investments LLC,0001846038,0000905148-26-002355,15-MAY-2026,31-MAR-2026,0.0,1
CPMG Inc,0001372218,0000905148-26-002408,15-MAY-2026,31-MAR-2026,37079176.0,3
Rehmann Capital Advisory Group,0001633037,0001633037-26-000002,15-MAY-2026,31-MAR-2026,1920557874.0,676
"Greenline Partners, LLC",0001697323,0001636587-26-000032,15-MAY-2026,31-MAR-2026,930273829.0,144
WINDACRE PARTNERSHIP LLC,0001599383,0001214659-26-006480,15-MAY-2026,31-MAR-2026,9344248728.0,11
"Corigliano Investment Advisers, LLC",0002031771,0001214659-26-006450,15-MAY-2026,31-MAR-2026,255936168.0,37
Corient Private Wealth LLC,0001948780,0001948780-26-000005,15-MAY-2026,31-MAR-2026,69895294073.0,2838
Ancora Advisors LLC,0001446114,0001446114-26-000009,15-MAY-2026,31-MAR-2026,4692945051.0,2457
"Measured Risk Portfolios, Inc.",0001576704,0001576704-26-000008,15-MAY-2026,31-MAR-2026,90786089.0,64
"22NW, LP",0001694297,0001214659-26-006481,15-MAY-2026,31-MAR-2026,145911689.0,16
No Street GP LP,0001765774,0001765774-26-000006,15-MAY-2026,31-MAR-2026,1496849360.0,31
"RA CAPITAL MANAGEMENT, L.P.",0001346824,0001104659-26-062637,15-MAY-2026,31-MAR-2026,9437744027.0,85
Commodore Capital LP,0001831942,0001831942-26-000025,15-MAY-2026,31-MAR-2026,1728452370.0,36
"Intelligence Driven Advisers, LLC",0001819955,0001172661-26-002403,15-MAY-2026,31-MAR-2026,573598777.0,130
"Route One Investment Company, L.P.",0001512171,0000935836-26-000267,15-MAY-2026,31-MAR-2026,2284128233.0,18
"ARISTEIA CAPITAL, L.L.C.",0001080171,0001080171-26-000004,15-MAY-2026,31-MAR-2026,4356591580.0,693
Windward Management LP,0001880817,0001880817-26-000005,15-MAY-2026,31-MAR-2026,92370545.0,6
 HARRIS ASSOCIATES L P,0000813917,0000813917-26-000038,15-MAY-2026,31-MAR-2026,74879237060.0,156
Lineage Point Capital LP,0002093311,0001214659-26-006459,15-MAY-2026,31-MAR-2026,409324856.0,271
CANYON CAPITAL ADVISORS LLC,0001074034,0001074034-26-000002,15-MAY-2026,31-MAR-2026,772035969.0,19
"Kimmeridge Energy Management Company, LLC",0001706220,0000902664-26-002508,15-MAY-2026,31-MAR-2026,299400250.0,1
SOUTHEASTERN ASSET MANAGEMENT INC/TN/,0000807985,0001398344-26-009296,15-MAY-2026,31-MAR-2026,2032773449.0,49
WEXFORD CAPITAL LP,0001048462,0001398344-26-009302,15-MAY-2026,31-MAR-2026,606574332.0,162
"TORNO CAPITAL, LLC",0001974312,0001974312-26-000004,15-MAY-2026,31-MAR-2026,233684191.0,17
"Wasserstein Management, L.P.",0001751492,0001751492-26-000004,15-MAY-2026,31-MAR-2026,188804724.0,4
Soroban Capital Partners LP,0001517857,0000919574-26-003541,15-MAY-2026,31-MAR-2026,13979098753.0,27
Encompass Capital Advisors LLC,0001541901,0001172661-26-002316,15-MAY-2026,31-MAR-2026,2453859089.0,56
"Styrax Capital, LP",0001904897,0001904897-26-000005,15-MAY-2026,31-MAR-2026,1431849920.0,17
ATLAS Infrastructure Partners (UK) Ltd.,0001924953,0001214659-26-006445,15-MAY-2026,31-MAR-2026,2839755958.0,9
"Praesidium Investment Management Company, LLC",0001320769,0001172661-26-002318,15-MAY-2026,31-MAR-2026,418538818.0,12
TREMBLANT CAPITAL GROUP,0001353312,0001214659-26-006414,15-MAY-2026,31-MAR-2026,3106501360.0,57
Divisar Capital Management LLC,0001645721,0001645721-26-000008,15-MAY-2026,31-MAR-2026,392405581.0,26
"DZ BANK AG Deutsche Zentral Genossenschafts Bank, Frankfurt am Main",0001694217,0000905148-26-002319,15-MAY-2026,31-MAR-2026,109531936853.0,975
PAULSON & CO. INC.,0001035674,0001013594-26-000611,15-MAY-2026,31-MAR-2026,3111613398.0,9
Politan Capital Management LP,0001885245,0000902664-26-002520,15-MAY-2026,31-MAR-2026,984905664.0,3
"Leonard Green & Partners, L.P.",0001175523,0001172661-26-002333,15-MAY-2026,31-MAR-2026,2768048972.0,6
Obsido Oy,0002067281,0001493152-26-023721,15-MAY-2026,31-MAR-2026,165328858.0,20
"Knighthead Capital Management, LLC",0001512397,0001012975-26-000450,15-MAY-2026,31-MAR-2026,988617868.0,3
KADENSA CAPITAL Ltd,0001720980,0000905148-26-002318,15-MAY-2026,31-MAR-2026,718464660.0,39
Gramercy Funds Management LLC,0001548836,0001493152-26-023726,15-MAY-2026,31-MAR-2026,4656056.0,1
DISCIPLINED GROWTH INVESTORS INC /MN,0001050442,0001050442-26-000011,15-MAY-2026,31-MAR-2026,4886563557.0,61
AQR Arbitrage LLC,0001167456,0001167456-26-000003,15-MAY-2026,31-MAR-2026,6088663597.0,556
"Blue Grotto Capital, LLC",0001764725,0001315863-26-000421,15-MAY-2026,31-MAR-2026,867635637.0,21
Solel Partners LP,0001790604,0000905148-26-002397,15-MAY-2026,31-MAR-2026,467672341.0,19
Anatole Investment Management Ltd,0001693745,0002081111-26-000123,15-MAY-2026,31-MAR-2026,716280355.0,15
Praetorian PR LLC,0001949877,0001949877-26-000004,15-MAY-2026,31-MAR-2026,274862480.0,12
Kora Management LP,0001659815,0000902664-26-002521,15-MAY-2026,31-MAR-2026,701525727.0,9
ABS Direct Equity Fund LLC,0001729347,0001999371-26-010886,15-MAY-2026,31-MAR-2026,130864468.0,109
VANGUARD PORTFOLIO MANAGEMENT LLC,0002100121,0002100121-26-000865,15-MAY-2026,31-MAR-2026,27292489098.0,54
RPD Fund Management LLC,0001832568,0000919574-26-003529,15-MAY-2026,31-MAR-2026,303202191.0,5
"CARDIFF PARK ADVISORS, LLC",0001910000,0001398344-26-009329,15-MAY-2026,31-MAR-2026,1250196762.0,372
Silver Point Capital L.P.,0001332784,0001193125-26-226662,15-MAY-2026,31-MAR-2026,1301436836.0,16
National Philanthropic Trust,0001785342,0001193805-26-000629,15-MAY-2026,31-MAR-2026,9382715277.0,365
"UNITED CAPITAL FINANCIAL ADVISORS, LLC",0001463217,0001463217-26-000002,15-MAY-2026,31-MAR-2026,16219226416.0,1623
"Forest Hill Capital, LLC",0001316550,0001316550-26-000003,15-MAY-2026,31-MAR-2026,152290192.0,19
"Multicoin Capital Management, LLC",0002017172,0002017172-26-000004,15-MAY-2026,31-MAR-2026,75916419.0,3
"Diametric Capital, LP",0001719087,0001719087-26-000003,15-MAY-2026,31-MAR-2026,381741428.0,471
Elliott Investment Management L.P.,0001791786,0001013594-26-000613,15-MAY-2026,31-MAR-2026,15934215348.0,19
TANG CAPITAL MANAGEMENT LLC,0001232621,0001214659-26-006493,15-MAY-2026,31-MAR-2026,1968963283.0,51
Excelsior Advisor Network LLC,0002110679,0001986152-26-000087,15-MAY-2026,31-MAR-2026,261417685.0,225
"Zuckerman Investment Group, LLC",0001423296,0001423296-26-000005,15-MAY-2026,31-MAR-2026,1066544723.0,135
BVF INC/IL,0001056807,0000921895-26-001382,15-MAY-2026,31-MAR-2026,3139034854.0,41
Corvex Management LP,0001535472,0001011438-26-000343,15-MAY-2026,31-MAR-2026,2515203115.0,25
DoubleLine ETF Adviser LP,0001959989,0000929638-26-001899,15-MAY-2026,31-MAR-2026,262778490.0,176
"Ananym Capital Management, LP",0002037077,0002037077-26-000004,15-MAY-2026,31-MAR-2026,262137299.0,10
"Altimeter Capital Management, LP",0001541617,0001541617-26-000006,15-MAY-2026,31-MAR-2026,5699287719.0,13
Copperwood Asset Management LP,0002100569,0002100569-26-000003,15-MAY-2026,31-MAR-2026,54382242.0,1
"Anchorage Capital Group, L.L.C.",0001300714,0000905148-26-002370,15-MAY-2026,31-MAR-2026,436280755.0,3
BROWNING WEST LP,0001825564,0001825564-26-000004,15-MAY-2026,31-MAR-2026,1617186970.0,5
"CARRONADE CAPITAL MANAGEMENT, LP",0001866872,0001866872-26-000007,15-MAY-2026,31-MAR-2026,1379300000.0,25
SOROS FUND MANAGEMENT LLC,0001029160,0000902664-26-002529,15-MAY-2026,31-MAR-2026,7293020934.0,250
CLOUGH CAPITAL PARTNERS L P,0001276144,0002000324-26-001943,15-MAY-2026,31-MAR-2026,1035438715.0,95
"Summit Financial, LLC",0001765536,0001172661-26-002343,15-MAY-2026,31-MAR-2026,7849487000.0,1397
Karani Asset Management LLC,0001792430,0001493152-26-023725,15-MAY-2026,31-MAR-2026,114235477.0,53
Blue Pool Management Ltd.,0001675855,0000905148-26-002379,15-MAY-2026,31-MAR-2026,2460084.0,1
MILLENNIUM MANAGEMENT LLC,0001273087,0001273087-26-000004,15-MAY-2026,31-MAR-2026,133718531930.0,3858
"a16z Capital Management, L.L.C.",0001540358,0001540358-26-000006,15-MAY-2026,31-MAR-2026,1290612468.0,16
SQUADRA INVESTMENTS - GESTAO DE RECURSOS LTDA.,0001577806,0000899140-26-000581,15-MAY-2026,31-MAR-2026,894141757.0,6
Shaolin Capital Management LLC,0001766806,0001172661-26-002264,15-MAY-2026,31-MAR-2026,2391093596.0,483
"FRED ALGER MANAGEMENT, LLC",0000003520,0001193125-26-226659,15-MAY-2026,31-MAR-2026,22765159625.0,443
Blackstone Inc.,0001393818,0001193125-26-226672,15-MAY-2026,31-MAR-2026,24220500770.0,415
INVESTMENT COUNSEL CO OF NEVADA,0002056576,0002056576-26-000002,15-MAY-2026,31-MAR-2026,44451440.0,99
"HHLR ADVISORS, LTD.",0001762304,0000919574-26-003551,15-MAY-2026,31-MAR-2026,1672822114.0,38
TWINBEECH CAPITAL LP,0001769646,0001214659-26-006477,15-MAY-2026,31-MAR-2026,965304329.0,536
MPM BIOIMPACT LLC,0001687078,0001193125-26-226995,15-MAY-2026,31-MAR-2026,1294902368.0,41
Claar Advisors LLC,0001593410,0001493152-26-023736,15-MAY-2026,31-MAR-2026,295101144.0,15
Sculptor Capital LP,0001054587,0001193125-26-227275,15-MAY-2026,31-MAR-2026,8877880176.0,290
LONE PINE CAPITAL LLC,0001061165,0000919574-26-003439,15-MAY-2026,31-MAR-2026,12543849391.0,36
"Ancient Art, L.P.",0001426749,0001426749-26-000002,15-MAY-2026,31-MAR-2026,458609840.0,16
"JOSH ARNOLD INVESTMENT CONSULTANT, LLC",0001911348,0001911348-26-000002,15-MAY-2026,31-MAR-2026,117011900.0,13
"Sapience Investments, LLC",0001682598,0001172661-26-002235,15-MAY-2026,31-MAR-2026,771938.0,114
"Vestal Point Capital, LP",0001974915,0001974915-26-000004,15-MAY-2026,31-MAR-2026,3576817318.0,90
Ionic Capital Management LLC,0001386462,0000929638-26-001894,15-MAY-2026,31-MAR-2026,119134823.0,141
"HARBOUR INVESTMENTS, INC.",0000810121,0000810121-26-000004,15-MAY-2026,31-MAR-2026,6478937041.0,4673
"BlueSpruce Investments, LP",0001600285,0001214659-26-006447,15-MAY-2026,31-MAR-2026,631248546.0,10
"Equitable Holdings, Inc.",0001333986,0001333986-26-000027,15-MAY-2026,31-MAR-2026,15535414027.0,1689
"Casdin Capital, LLC",0001534261,0000919574-26-003451,15-MAY-2026,31-MAR-2026,1320591769.0,40
Longview Partners (Guernsey) LTD,0001426092,0001426092-26-000002,15-MAY-2026,31-MAR-2026,7058047343.0,25
"Valley Financial Group, Inc.",0002010327,0002010327-26-000002,15-MAY-2026,31-MAR-2026,185303687.0,63
Castle Hook Partners LP,0001687241,0000902664-26-002505,15-MAY-2026,31-MAR-2026,4948222910.0,44
Destination Wealth Management,0001278573,0001278573-26-000006,15-MAY-2026,31-MAR-2026,3850229980.0,303
SCOGGIN MANAGEMENT LP,0001086416,0002060757-26-000030,15-MAY-2026,31-MAR-2026,254035263.0,30
"TRIAN FUND MANAGEMENT, L.P.",0001345471,0001345471-26-000026,15-MAY-2026,31-MAR-2026,3859778188.0,8
Nellore Capital Management LLC,0001846677,0001846677-26-000003,15-MAY-2026,31-MAR-2026,782639378.0,11
One Fin Capital Management LP,0001753875,0000935836-26-000269,15-MAY-2026,31-MAR-2026,259339809.0,19
"MANUFACTURERS LIFE INSURANCE COMPANY, THE",0000928047,0001145443-26-000060,15-MAY-2026,31-MAR-2026,116281493500.0,2805
FourWorld Capital Management LLC,0001770525,0001770525-26-000007,15-MAY-2026,31-MAR-2026,183695555.0,19
"Indaba Capital Management, L.P.",0001524362,0001011438-26-000342,15-MAY-2026,31-MAR-2026,0.0,1
Newbrook Capital Advisors LP,0001389875,0001315863-26-000425,15-MAY-2026,31-MAR-2026,537718173.0,15
"TIG Advisors, LLC",0001358253,0000919574-26-003504,15-MAY-2026,31-MAR-2026,2094766809.0,96
"Rothschild Capital Partners, LLC",0001569833,0001569833-26-000005,15-MAY-2026,31-MAR-2026,405785066.0,88
"Ritter Alpha, LP",0001910323,0001172661-26-002260,15-MAY-2026,31-MAR-2026,4778887.0,20
"Copley Financial Group, Inc.",0002045258,0002045258-26-000002,15-MAY-2026,31-MAR-2026,165743816.0,115
Pureheart Capital Pte Ltd.,0002087977,0001214659-26-006466,15-MAY-2026,31-MAR-2026,0.0,0
CoinFund Management LLC,0002087493,0002087493-26-000010,15-MAY-2026,31-MAR-2026,35378141.0,9
"CLEARLAKE CAPITAL GROUP, L.P.",0001688282,0000905148-26-002356,15-MAY-2026,31-MAR-2026,680399877.0,6
"Kinetic Partners Management, LP",0001911448,0001172661-26-002338,15-MAY-2026,31-MAR-2026,1787116065.0,49
"Alternative Investment Advisors, LLC.",0002009486,0001172661-26-002397,15-MAY-2026,31-MAR-2026,225300496.0,68
SHANDA ASSET MANAGEMENT HOLDINGS Ltd,0001622346,0000902664-26-002509,15-MAY-2026,31-MAR-2026,1838347381.0,6
"JACOBS ASSET MANAGEMENT, LLC",0001351063,0001351063-26-000005,15-MAY-2026,31-MAR-2026,167091096.0,28
Strait & Sound Wealth Management LLC,0001966210,0001966210-26-000002,18-MAY-2026,31-MAR-2026,261997329.0,157
ODDO BHF ASSET MANAGEMENT SAS,0001686970,0001178913-26-002764,18-MAY-2026,31-MAR-2026,2538827322.0,275
"RBF Capital, LLC",0001134621,0001062993-26-002771,18-MAY-2026,31-MAR-2026,2036053045.0,487
"CIM, LLC",0001364725,0001364725-26-000002,18-MAY-2026,31-MAR-2026,691655282.0,166
"Lodge Hill Capital, LLC",0001598245,0001598245-26-000003,18-MAY-2026,31-MAR-2026,517852486.0,22
"CENTAURUS FINANCIAL, INC.",0000891943,0000891943-26-000005,18-MAY-2026,31-MAR-2026,2104121.0,1055
Bull Harbor Capital LLC,0002135047,0002135047-26-000004,18-MAY-2026,31-MAR-2026,373304652.0,458
Anchor Capital Management Group Inc,0000894119,0000894119-26-000003,18-MAY-2026,31-MAR-2026,143767117.0,16
"Edgestream Partners, L.P.",0001535061,0001535061-26-000003,18-MAY-2026,31-MAR-2026,3047543750.0,859
"Unconventional Investor, LLC",0001910387,0001910387-26-000002,18-MAY-2026,31-MAR-2026,210608937.0,46
"Twin Lakes Capital Management, LLC",0001847794,0001847794-26-000002,18-MAY-2026,31-MAR-2026,219898777.0,219
TANAKA CAPITAL MANAGEMENT INC,0000816788,0000816788-26-000002,18-MAY-2026,31-MAR-2026,59887.0,43
 INTRINSIC EDGE CAPITAL MANAGEMENT LLC,0001671754,0001671754-26-000006,18-MAY-2026,31-MAR-2026,549090380.0,101
"Wilson & Boucher Capital Management, LLC",0001903579,0001903579-26-000002,18-MAY-2026,31-MAR-2026,150744746.0,114
Strategic Investment Advisors / MI,0001760540,0001760540-26-000002,18-MAY-2026,31-MAR-2026,1447780500.0,386
"Graney & King, LLC",0002051568,0002051568-26-000004,18-MAY-2026,31-MAR-2026,185528056.0,370
Tri Locum Partners LP,0001826434,0001826434-26-000004,18-MAY-2026,31-MAR-2026,712549412.0,17
"Hamilton Wealth, LLC",0001760263,0001760263-26-000003,18-MAY-2026,31-MAR-2026,1409214092.0,114
South Dakota Investment Council,0001538846,0001538846-26-000003,18-MAY-2026,31-MAR-2026,5243959.0,622
"Empire Financial Management Company, LLC",0001971875,0001971875-26-000002,18-MAY-2026,31-MAR-2026,442330368.0,211
"Cassady Wealth & Retirement Planning, LLC",0002121075,0002121075-26-000002,18-MAY-2026,31-MAR-2026,193111583.0,101
"Ariadne Wealth Management, LP",0002034793,0002034793-26-000002,18-MAY-2026,31-MAR-2026,222726207.0,248
Kanen Wealth Management LLC,0001681614,0001681614-26-000002,18-MAY-2026,31-MAR-2026,278047135.0,36
"KEYSTONE GROUP, L.P.",0000806250,0000897423-26-000082,18-MAY-2026,31-MAR-2026,0.0,1
"CAPITAL & PLANNING, LLC",0002053750,0001986152-26-000089,18-MAY-2026,31-MAR-2026,164830195.0,172
Merk Investments LLC,0001302842,0001420506-26-001171,18-MAY-2026,31-MAR-2026,367874488.0,11
Pine Ridge Advisers LLC,0001845915,0001420506-26-001175,18-MAY-2026,31-MAR-2026,1408095481.0,39
Constant Guidance Financial LLC,0001995383,0001995383-26-000004,18-MAY-2026,31-MAR-2026,144628545.0,42
"Ma Investment Partnership, LP",0001536336,0001536336-26-000004,18-MAY-2026,31-MAR-2026,207971000.0,10
Column Group LLC,0001833486,0001193125-26-227853,18-MAY-2026,31-MAR-2026,100706873.0,3
SVF Sponsor III (DE) LLC,0001838428,0001493152-26-023975,18-MAY-2026,31-MAR-2026,297388000.0,1
"ALEXANDER LABRUNERIE & CO., INC.",0002024333,0002024333-26-000003,18-MAY-2026,31-MAR-2026,267451075.0,122
"Vestwell Advisors, LLC",0002081474,0002081474-26-000007,18-MAY-2026,31-MAR-2026,365121362.0,31
STEMPOINT CAPITAL LP,0001952142,0001420506-26-001177,18-MAY-2026,31-MAR-2026,520252045.0,70
JANUS HENDERSON GROUP PLC,0001274173,0001085146-26-000420,18-MAY-2026,31-MAR-2026,209438171063.0,2407
Chesapeake Wealth Management,0001730383,0001730383-26-000002,18-MAY-2026,31-MAR-2026,325698945.0,159
SB INVESTMENT ADVISERS (UK) LTD,0001731509,0001493152-26-023965,18-MAY-2026,31-MAR-2026,7728140952.0,10
"Sunbelt Securities, Inc.",0001632932,0001062993-26-002743,18-MAY-2026,31-MAR-2026,1584099760.0,2954
"Genesis Financial Group, LLC",0002097587,0002097587-26-000002,18-MAY-2026,31-MAR-2026,149112732.0,93
"Gould Capital, LLC",0001908965,0001908965-26-000005,18-MAY-2026,31-MAR-2026,165264828.0,204
ABG-WTT Global Life Science Capital Partners GP Ltd,0001832108,0001193125-26-227557,18-MAY-2026,31-MAR-2026,12294193.0,2
"MSA Advisors, LLC",0001040410,0001040410-26-000003,18-MAY-2026,31-MAR-2026,332655832.0,50
Altshuler Shaham Ltd,0001324290,0001213900-26-058122,18-MAY-2026,31-MAR-2026,5486485341.0,408
"Atreides Management, LP",0001777813,0001777813-26-000006,18-MAY-2026,31-MAR-2026,4104676244.0,51
TAM Capital Management Inc.,0001594591,0001594591-26-000003,18-MAY-2026,31-MAR-2026,204827069.0,7
"Chokshi & Queen Wealth Advisors, Inc",0002057199,0001172661-26-002404,18-MAY-2026,31-MAR-2026,187150541.0,64
"Talon Private Wealth, LLC",0001990467,0001990467-26-000001,18-MAY-2026,31-MAR-2026,752843443.0,187
"SkyBridge Capital II, LLC",0001639668,0001639668-26-000002,18-MAY-2026,31-MAR-2026,13133923.0,5
BANK OF AMERICA CORP /DE/,0000070858,0000070858-26-000315,18-MAY-2026,31-MAR-2026,1367983567206.0,5689
Adalta Capital Management LLC,0001698926,0001698926-26-000002,18-MAY-2026,31-MAR-2026,209058621.0,97
"Parvin Asset Management, LLC",0002056764,0002056764-26-000002,18-MAY-2026,31-MAR-2026,135765238.0,308
OPAL CAPITAL LLC,0002100122,0001104659-26-062886,18-MAY-2026,31-MAR-2026,564673678.0,141
Guardian Partners Inc.,0001884799,0001062993-26-002742,18-MAY-2026,31-MAR-2026,1199824267.0,192
CALIFORNIA STATE TEACHERS RETIREMENT SYSTEM,0001081019,0001081019-26-000007,18-MAY-2026,31-MAR-2026,94490983194.0,2925
Irenic Capital Management LP,0001929389,0001929389-26-000005,18-MAY-2026,31-MAR-2026,1102669430.0,41
"Encore Global Management, LP",0002135356,0002135356-26-000001,18-MAY-2026,31-MAR-2026,143244843.0,70
"Barnes Wealth Management Group, Inc",0002066194,0001172661-26-002405,18-MAY-2026,31-MAR-2026,197088437.0,184
Situational Awareness LP,0002045724,0002045724-26-000008,18-MAY-2026,31-MAR-2026,3855771552.0,26
Spyglass Capital Management LLC,0001654344,0001172661-26-002427,18-MAY-2026,31-MAR-2026,1412506084.0,25
"NewEdge Advisors, LLC",0001633516,0001213900-26-057996,18-MAY-2026,31-MAR-2026,2159826344.0,1217
Yu Fan,0001668029,0001193125-26-227546,18-MAY-2026,31-MAR-2026,97016174.0,8
Feynman Point Asset Management LLC,0002110123,0001420506-26-001173,18-MAY-2026,31-MAR-2026,29051787.0,23
"Systematic Alpha Investments, LLC",0001806755,0001806755-26-000005,18-MAY-2026,31-MAR-2026,2844315655.0,234
"Goodlander Investment Management, LLC",0002018973,0002018973-26-000004,18-MAY-2026,31-MAR-2026,289085244.0,12
Situational Awareness Partners LP,0002038540,0002038540-26-000004,18-MAY-2026,31-MAR-2026,3855771552.0,26
"EverSource Wealth Advisors, LLC",0001710537,0001710537-26-000006,18-MAY-2026,31-MAR-2026,3272157123.0,4380
"IFS Group,LLC",0002087139,0002085853-26-000604,18-MAY-2026,31-MAR-2026,112243631.0,143
Amundi,0001330387,0001172661-26-002409,18-MAY-2026,31-MAR-2026,367104449326.0,2033
Arkadios Wealth Advisors,0001800798,0001800798-26-000002,18-MAY-2026,31-MAR-2026,6046720004.0,1618
ABG Innovation Capital Partners III GP Ltd,0001845297,0001193125-26-227555,18-MAY-2026,31-MAR-2026,0.0,1
"ASHTON THOMAS SECURITIES, LLC",0000771572,0001398344-26-009338,18-MAY-2026,31-MAR-2026,796480566.0,443
"ADAR1 Capital Management, LLC",0001940272,0001940272-26-000005,18-MAY-2026,31-MAR-2026,1663936719.0,294
WD Thunder CV Ultimate GP LLC,0002051763,0001193125-26-227305,18-MAY-2026,31-MAR-2026,90291098.0,1
Ally Bridge Group (NY) LLC,0001822947,0001193125-26-227559,18-MAY-2026,31-MAR-2026,100656896.0,21
Adelante Capital Management LLC,0001067926,0001067926-26-000004,18-MAY-2026,31-MAR-2026,1462453363.0,42
"Strategic Planning, Inc.",0001925220,0001213900-26-058124,18-MAY-2026,31-MAR-2026,199290205.0,54
"Core Wealth Advisors, Inc.",0001770532,0001770532-26-000003,18-MAY-2026,31-MAR-2026,419027286.0,114
SYLEBRA CAPITAL LLC,0002003074,0002003074-26-000007,18-MAY-2026,31-MAR-2026,773696992.0,11
Stoic Point Capital Management LLC,0002043279,0002043279-26-000010,18-MAY-2026,31-MAR-2026,101519269.0,62
"Smith Group Asset Management, LLC",0001893134,0001893134-26-000002,18-MAY-2026,31-MAR-2026,1960424515.0,162
"Altai Capital Management, L.P.",0001478982,0001478982-26-000003,18-MAY-2026,31-MAR-2026,34939.0,4
"RIHO Partners, LLC",0002112884,0002073679-26-000065,18-MAY-2026,31-MAR-2026,158969946.0,14
Claris Financial LLC,0002060278,0001213900-26-058149,18-MAY-2026,31-MAR-2026,182781431.0,177
"Value Aligned Research Advisors, LLC",0001963565,0001963565-26-000003,18-MAY-2026,31-MAR-2026,8443219181.0,53
"Royal Fund Management, LLC",0001810099,0001172661-26-002431,19-MAY-2026,31-MAR-2026,1043597315.0,257
"Orographic Financial Advisors, LLC",0002135775,0002135775-26-000001,19-MAY-2026,31-MAR-2026,141051.0,106
"Cornerstone Wealth, LLC/TN",0002135644,0002135644-26-000001,19-MAY-2026,31-MAR-2026,177721012.0,96
CIM INVESTMENT MANAGEMENT INC,0001179791,0001062993-26-002795,19-MAY-2026,31-MAR-2026,374774022.0,251
"Paragon Private Wealth Management, LLC",0001922684,0002085853-26-000606,19-MAY-2026,31-MAR-2026,319504085.0,218
Dayah Capital LLC,0001980739,0001980739-26-000004,19-MAY-2026,31-MAR-2026,171412721.0,29
Front Row Advisors LLC,0001729254,0001729254-26-000002,19-MAY-2026,31-MAR-2026,295632842.0,553
Park State Asset Management,0001908423,0001908423-26-000005,19-MAY-2026,31-MAR-2026,132123067.0,20
Silicon Valley Capital Partners,0001673633,0001398344-26-009415,19-MAY-2026,31-MAR-2026,1020552659.0,454
"Kensington Investment Counsel, LLC",0001845536,0001845536-26-000002,19-MAY-2026,31-MAR-2026,207728431.0,83
"H&H International Investment, LLC",0001759760,0001759760-26-000005,19-MAY-2026,31-MAR-2026,20003996234.0,19
"GTS FINANCIAL, LLC",0002112647,0002112647-26-000001,19-MAY-2026,31-MAR-2026,126254183.0,43
"Remedium Capital Partners, LLC",0002104501,0002104501-26-000010,19-MAY-2026,31-MAR-2026,281150119.0,6
Rovida Investment Management Ltd,0002053064,0001193125-26-231148,19-MAY-2026,31-MAR-2026,797348738.0,17
Alaska Permanent Fund Corp,0001582681,0001582681-26-000007,19-MAY-2026,31-MAR-2026,1570983217.0,7
"Western Wealth Management, LLC",0001767902,0001767902-26-000004,19-MAY-2026,31-MAR-2026,2731893732.0,2675
OLP CAPITAL MANAGEMENT Ltd,0001738126,0001738126-26-000005,19-MAY-2026,31-MAR-2026,482403980.0,5
TURTLE CREEK ASSET MANAGEMENT INC.,0001484148,0001193125-26-230412,19-MAY-2026,31-MAR-2026,2673140909.0,39
"Financial Insights, Inc.",0001642058,0001642058-26-000004,19-MAY-2026,31-MAR-2026,308597196.0,130
"Eley Financial Management, Inc",0001965267,0001965267-26-000003,19-MAY-2026,31-MAR-2026,277073905.0,69
Kentucky Retirement Systems Insurance Trust Fund,0001584686,0001584686-26-000002,19-MAY-2026,31-MAR-2026,1469786820.0,492
"McIlrath & Eck, LLC",0001701714,0001701714-26-000002,19-MAY-2026,31-MAR-2026,1349175726.0,1645
JTC Employer Solutions Trustee Ltd,0001875645,0001875645-26-000004,19-MAY-2026,31-MAR-2026,1196770.0,308
"Mascagni Wealth Management, Inc.",0002063074,0002063074-26-000002,19-MAY-2026,31-MAR-2026,140355825.0,127
Kentucky Retirement Systems,0001537783,0001537783-26-000002,19-MAY-2026,31-MAR-2026,1365585.0,499
Sonoma Allocations LLC,0002084965,0002085853-26-000605,19-MAY-2026,31-MAR-2026,289695394.0,145
"FLAX POND CAPITAL, LLC",0002106996,0002106996-26-000006,19-MAY-2026,31-MAR-2026,124285651.0,62
Samsung C&T Corp,0001928668,0001213900-26-058839,19-MAY-2026,31-MAR-2026,17190115.0,1
"Seven Six Capital Management, LLC",0002021188,0002021188-26-000004,19-MAY-2026,31-MAR-2026,92981444.0,25
"Financial Avengers, Inc.",0001844393,0001844393-26-000003,19-MAY-2026,31-MAR-2026,219317511.0,151
WINNOW WEALTH LLC,0002079687,0001754960-26-000391,19-MAY-2026,31-MAR-2026,129625196.0,123
"EMG Holdings, L.P.",0001478394,0001478394-26-000004,19-MAY-2026,31-MAR-2026,68098052.0,18
Anson Funds Management LP,0001491072,0001193125-26-229328,19-MAY-2026,31-MAR-2026,787117592.0,102
"LEIGH BALDWIN & CO., LLC",0000946629,0000946629-26-000003,20-MAY-2026,31-MAR-2026,154486810.0,163
"Vivo Capital, LLC",0001674712,0001213900-26-059247,20-MAY-2026,31-MAR-2026,1202954264.0,46
"Union Heritage Capital, LLC",0001862428,0001376474-26-000386,20-MAY-2026,31-MAR-2026,269219024.0,62
CCM INVESTMENT ADVISERS LLC,0000931097,0000931097-26-000003,20-MAY-2026,31-MAR-2026,1044670777.0,93
OAKTREE CAPITAL MANAGEMENT LP,0000949509,0000949509-26-000004,20-MAY-2026,31-MAR-2026,5905772130.0,142
TrueWealth Financial Partners,0001908108,0001908108-26-000002,20-MAY-2026,31-MAR-2026,250879265.0,66
"SOA Wealth Advisors, LLC.",0001849444,0001376474-26-000388,20-MAY-2026,31-MAR-2026,529790647.0,867
"Hobbs Group Advisors, LLC",0002012280,0002012280-26-000002,20-MAY-2026,31-MAR-2026,334417247.0,160
SHUTTLEWORTH & Co,0002096913,0002096913-26-000002,20-MAY-2026,31-MAR-2026,110506675.0,52
January Capital Advisors LLC,0001855967,0001855967-26-000003,20-MAY-2026,31-MAR-2026,74152495.0,52
PATHWAY WEALTH MANAGEMENT LLC,0002135623,0002085853-26-000608,20-MAY-2026,31-MAR-2026,105818973.0,30
"Arete Wealth Advisors, LLC",0001600151,0001600151-26-000005,20-MAY-2026,31-MAR-2026,1334498270.0,321
ION Crossover Partners Ltd,0001803307,0001178913-26-002851,20-MAY-2026,31-MAR-2026,36877141.0,4
"Norris Financial Group, LLC",0002129318,0002129318-26-000002,20-MAY-2026,31-MAR-2026,306369231.0,97
"Boothe Investment Group, Inc.",0001749798,0002063364-26-000160,20-MAY-2026,31-MAR-2026,310691710.0,40
E20 Capital Ltd,0002127793,0002127793-26-000008,20-MAY-2026,31-MAR-2026,1066020421.0,22
J. Mark Nickell & Co.,0001811161,0001811161-26-000009,20-MAY-2026,31-MAR-2026,110723068.0,32
"Oaktree Fund Advisors, LLC",0001822973,0001822973-26-000003,20-MAY-2026,31-MAR-2026,56925332.0,14
Cadia Private Client LLC,0002135817,0001951757-26-000888,20-MAY-2026,31-MAR-2026,123248900.0,76
"FinArc Investments, Inc.",0002133911,0002133911-26-000001,20-MAY-2026,31-MAR-2026,103907939.0,43
Liontrust Investment Partners LLP,0001544204,0001544204-26-000005,20-MAY-2026,31-MAR-2026,5858124377.0,196
"RMR Capital Management, LLC",0002032709,0001172661-26-002432,20-MAY-2026,31-MAR-2026,138455426.0,75
"GKV Capital Management Co., Inc.",0002052321,0002052321-26-000003,21-MAY-2026,31-MAR-2026,266628784.0,88
Essential Partners LLC,0002136442,0002136442-26-000001,21-MAY-2026,31-MAR-2026,297151309.0,2848
J. Derek Lewis & Associates Inc.,0002077884,0002077884-26-000003,21-MAY-2026,31-MAR-2026,444626256.0,211
Raab & Moskowitz Asset Management LLC,0001616664,0001172661-26-002433,21-MAY-2026,31-MAR-2026,449644861.0,187
"SYCAMORE PARTNERS MANAGEMENT, L.P.",0001632833,0001632833-26-000004,21-MAY-2026,31-MAR-2026,103766335.0,1
"MONTCHANIN ASSET MANAGEMENT, LLC",0001940660,0001940660-26-000003,21-MAY-2026,31-MAR-2026,94052.0,54
Groupe la Francaise,0002056088,0002056088-26-000001,21-MAY-2026,31-MAR-2026,7161146512.0,422
"VESTOR CAPITAL, LLC",0001132699,0001132699-26-000002,21-MAY-2026,31-MAR-2026,1381963.0,276
JDM Financial Group LLC,0001960212,0001960212-26-000002,21-MAY-2026,31-MAR-2026,259352536.0,318
"CTC Alternative Strategies, Ltd.",0001569550,0001569550-26-000006,21-MAY-2026,31-MAR-2026,44035868.0,96
"COMPASS CAPITAL MANAGEMENT, INC",0001002152,0001002152-26-000004,21-MAY-2026,31-MAR-2026,1655487449.0,87
SILVERBACK ASSET MANAGEMENT LLC,0001278960,0001398344-26-009537,21-MAY-2026,31-MAR-2026,507080021.0,45
"Front Street Capital Management, Inc.",0001683182,0001683182-26-000003,21-MAY-2026,31-MAR-2026,753922.0,73
"BankChampaign, National Association",0002135773,0001398344-26-009577,21-MAY-2026,31-MAR-2026,100825175.0,184
CTC LLC,0001445893,0001445893-26-000005,21-MAY-2026,31-MAR-2026,1249126044.0,25
"7G CAPITAL MANAGEMENT, LLC",0001720350,0001720350-26-000004,21-MAY-2026,31-MAR-2026,167817324.0,10
ARGENT CAPITAL MANAGEMENT LLC,0001120926,0001120926-26-000005,21-MAY-2026,31-MAR-2026,3169714216.0,158
"Kensington Asset Management, LLC",0001979884,0001979884-26-000005,21-MAY-2026,31-MAR-2026,1836678535.0,41
Access Investment Management LLC,0002010477,0002010477-26-000002,22-MAY-2026,31-MAR-2026,375590424.0,157
"Evolutionary Tree Capital Management, LLC",0001844345,0001376474-26-000393,22-MAY-2026,31-MAR-2026,53205659.0,26
SUMMITRY LLC,0001280043,0001941040-26-000383,22-MAY-2026,31-MAR-2026,2834389965.0,285
Coastline Complete Wealth LLC,0002112134,0002112134-26-000003,22-MAY-2026,31-MAR-2026,161358475.0,55
"WNY Asset Management, LLC",0001803296,0002085853-26-000609,22-MAY-2026,31-MAR-2026,967146071.0,249
Wellington Grp LLC,0002134013,0002134013-26-000003,22-MAY-2026,31-MAR-2026,324633687.0,394
Converium Capital Inc.,0002043653,0001012975-26-000477,22-MAY-2026,31-MAR-2026,162797331.0,14
"SEGALL BRYANT & HAMILL, LLC",0001006378,0001006378-26-000005,22-MAY-2026,31-MAR-2026,6981136923.0,576
GROUPAMA ASSET MANAGMENT,0001055969,0001752724-26-000039,22-MAY-2026,31-MAR-2026,6845031433.0,391
Independent Wealth Advisors LLC,0002136099,0002085853-26-000611,22-MAY-2026,31-MAR-2026,101840519.0,70
"VERUS CAPITAL PARTNERS, LLC",0001796874,0001796874-26-000002,22-MAY-2026,31-MAR-2026,1453216492.0,462
Serenity Investment Advisors,0002105389,0002105389-26-000002,26-MAY-2026,31-MAR-2026,213664469.0,74
Axiom Investment Management LLC,0001513703,0001398344-26-009705,26-MAY-2026,31-MAR-2026,131475805.0,386
GLENMEDE TRUST CO NA,0000314949,0001398344-26-009724,26-MAY-2026,31-MAR-2026,20361858683.0,1471
"Summit Financial Wealth Advisors, LLC",0001632283,0001172661-26-002435,26-MAY-2026,31-MAR-2026,705414528.0,193
Ruggaard & Associates LLC,0001971230,0001971230-26-000002,26-MAY-2026,31-MAR-2026,252372365.0,122
Capasso Planning Partners LLC,0001911938,0001911938-26-000002,27-MAY-2026,31-MAR-2026,185323270.0,73
"Security Financial Services, INC.",0001913590,0001172661-26-002438,27-MAY-2026,31-MAR-2026,632291956.0,203
Tenret Co LLC,0001874146,0001874146-26-000005,27-MAY-2026,31-MAR-2026,206988277.0,33
BIRMINGHAM CAPITAL MANAGEMENT CO INC/AL,0000918504,0000918504-26-000003,27-MAY-2026,31-MAR-2026,237077.0,89
"Westshore Wealth, LLC",0001806366,0001806366-26-000002,27-MAY-2026,31-MAR-2026,285024757.0,102
ALPHA CAPITAL ADVISORS INC /ADV,0001027694,0002063364-26-000165,27-MAY-2026,31-MAR-2026,105079471.0,32
"ALPINE WOODS CAPITAL INVESTORS, LLC",0001226886,0001226886-26-000002,27-MAY-2026,31-MAR-2026,416675397.0,199
Wilshire Advisors LLC,0001616628,0001172661-26-002437,27-MAY-2026,31-MAR-2026,9964442.0,6
"Allen Capital Group, LLC",0001601384,0001601384-26-000004,27-MAY-2026,31-MAR-2026,1110322096.0,282
REGENTS OF THE UNIVERSITY OF CALIFORNIA,0000315054,0001140361-26-023154,28-MAY-2026,31-MAR-2026,3006335524.0,12
"Blue Fin Capital, Inc.",0001576102,0001172661-26-002442,28-MAY-2026,31-MAR-2026,609636104.0,150
COZAD ASSET MANAGEMENT INC,0000709428,0000709428-26-000006,28-MAY-2026,31-MAR-2026,1272933622.0,421
"Carlson Capital, L.P.",0001056973,0001056973-26-000005,28-MAY-2026,31-MAR-2026,253076280.0,66
LAVELLE CAPITAL LP,0002136566,0001172661-26-002441,28-MAY-2026,31-MAR-2026,161123974.0,70
"Keyframe Capital Partners, L.P.",0001830175,0001172661-26-002444,28-MAY-2026,31-MAR-2026,229168.0,1
"CYRUS CAPITAL PARTNERS, L.P.",0001166564,0001172661-26-002443,28-MAY-2026,31-MAR-2026,196163223.0,6
Avidity Partners Management LP,0001791827,0001791827-26-000004,28-MAY-2026,31-MAR-2026,493809335.0,45
Challenger Wealth Management,0002057602,0002057602-26-000002,28-MAY-2026,31-MAR-2026,125150336.0,58
Henshaw Capital LLC,0002131483,0002131483-26-000051,28-MAY-2026,31-MAR-2026,2697473350.0,160
MARIPAU WEALTH MANAGEMENT LLC,0001890698,0001890698-26-000003,28-MAY-2026,31-MAR-2026,227453613.0,166
"Mullaney, Keating & Wright, Inc.",0002135840,0002085853-26-000620,29-MAY-2026,31-MAR-2026,184065956.0,68
"Asset Dedication, LLC",0001475896,0001475896-26-000002,29-MAY-2026,31-MAR-2026,1427887663.0,1114
PERCEPTIVE ADVISORS LLC,0001224962,0001012975-26-000499,29-MAY-2026,31-MAR-2026,5062539591.0,92
Krane Financial Solutions LLC,0002136913,0002136913-26-000002,29-MAY-2026,31-MAR-2026,147091877.0,48
"Prospect Capital Advisors, LLC",0001632368,0001632368-26-000004,29-MAY-2026,31-MAR-2026,179858353.0,28
Immaculate Wealth Management LLC,0002089761,0002089761-26-000001,29-MAY-2026,31-MAR-2026,12654684.0,14
Ramiah Investment Group,0001566307,0001566307-26-000071,29-MAY-2026,31-MAR-2026,14970455.0,35
Ipsen Advisor Group LLC,0001964922,0001964922-26-000002,29-MAY-2026,31-MAR-2026,142915909.0,104
